Customer_ID,Age,Gender,City,Company_Size,Industry,Annual_Revenue,Employees,Current_IT_Budget,Years_As_Customer,Website_Visits,Demo_Attended,Sales_Calls,Emails_Opened,Support_Tickets,Uses_Cloud,Uses_Cybersecurity,Uses_Data_Analytics,Uses_AI,Previous_Purchases,Lead_Source,Discount_Offered,Purchased,Customer_Segment,Recommended_Service,Purchase_Prediction,Final_Recommendation
CUST_00001,60,Male,Mumbai,Medium,Logistics,36.87756083697221,166,2.797470609695122,2,7,1,3,5,5,0,0,1,0,4,Email Campaign,0,1,Other,Cybersecurity,1,Cybersecurity
CUST_00002,50,Male,Vadodara,Medium,IT,66.08544584923841,380,6.899638048022347,10,7,0,1,6,1,1,0,1,0,1,Referral,10,1,Other,Cybersecurity,1,Cybersecurity
CUST_00003,36,Female,Chennai,Medium,Manufacturing,57.84695436879624,291,3.949800671394598,7,7,1,7,6,3,1,0,1,0,1,Referral,0,1,Other,Cybersecurity,1,Cybersecurity
CUST_00004,29,Female,Delhi,Small,Healthcare,5.358856048781728,44,0.4086613319491599,4,9,0,1,8,3,1,0,0,0,0,Email Campaign,10,0,Other,Cybersecurity,0,No Offer
CUST_00005,42,Female,Delhi,Large,Manufacturing,428.71643420511697,1717,62.57508700707056,0,15,0,5,7,0,0,0,0,0,1,Email Campaign,15,0,Other,Cybersecurity,0,No Offer
CUST_00006,60,Male,Kolkata,Large,IT,369.4644255510804,3488,16.018884459452977,7,5,1,3,2,0,1,0,0,0,1,Cold Call,0,1,Other,Cybersecurity,1,Cybersecurity
CUST_00007,40,Male,Vadodara,Small,Healthcare,14.616128817481242,87,0.6230949467057888,2,9,1,2,5,3,1,0,0,0,1,Email Campaign,5,0,Other,Cybersecurity,0,No Offer
CUST_00008,44,Female,Vadodara,Small,Manufacturing,4.89496744055498,46,0.1722926838030591,3,10,0,4,2,2,1,0,0,0,1,Referral,5,0,Other,Cybersecurity,0,No Offer
CUST_00009,32,Female,Vadodara,Medium,Real Estate,32.58639455040659,450,2.229083475864615,8,8,0,5,4,5,1,0,0,0,2,Email Campaign,10,0,Other,Cybersecurity,1,Cybersecurity
CUST_00010,32,Male,Hyderabad,Small,Finance,14.880061830154917,91,1.1574829449644632,2,8,0,3,8,2,1,1,0,0,0,LinkedIn,10,0,Other,Data Analytics,0,No Offer
CUST_00011,45,Male,Vadodara,Small,Retail,11.463624746456656,95,0.4739277675476525,4,11,1,4,5,1,1,0,0,0,2,Website,5,1,Other,Cybersecurity,1,Cybersecurity
CUST_00012,57,Male,Delhi,Medium,Logistics,19.330687006542597,116,1.8537301378395623,7,12,1,2,6,1,1,1,1,0,2,Website,10,1,Other,AI Solutions,1,AI Solutions
CUST_00013,45,Female,Hyderabad,Medium,Healthcare,43.66863773990962,270,4.366697112049182,5,11,1,3,10,2,0,1,0,0,1,LinkedIn,0,1,Other,Cloud Services,1,Cloud Services
CUST_00014,24,Female,Kolkata,Small,Finance,11.883850937153426,75,1.427526241321481,2,11,1,1,3,2,0,0,0,0,0,Referral,5,0,Other,Cybersecurity,0,No Offer
CUST_00015,43,Male,Ahmedabad,Medium,IT,17.24651183854966,231,2.5372408364278622,7,6,0,2,10,2,0,1,0,1,2,Cold Call,15,1,Other,Cloud Services,1,Cloud Services
CUST_00016,23,Male,Bangalore,Large,Retail,597.5585144325393,4329,62.338660489276286,4,9,1,2,3,0,0,1,1,0,2,Email Campaign,5,1,Other,Cloud Services,1,Cloud Services
CUST_00017,45,Female,Kolkata,Small,Logistics,3.82321418183565,18,0.1659202191569872,5,7,0,4,9,2,1,0,0,0,2,LinkedIn,0,1,Other,Cybersecurity,1,Cybersecurity
CUST_00018,51,Male,Surat,Medium,Healthcare,15.937046574358732,141,0.6474091957389101,10,7,1,1,2,2,1,0,0,0,0,Website,5,0,Other,Cybersecurity,1,Cybersecurity
CUST_00019,59,Male,Hyderabad,Small,Retail,9.297342170913671,67,1.1464145745608012,2,4,0,2,6,1,1,0,0,1,0,Website,10,0,Other,Cybersecurity,0,No Offer
CUST_00020,23,Female,Delhi,Small,Education,5.801886404498091,39,0.6268363607829877,7,2,0,1,5,3,1,0,0,0,1,Website,15,0,Other,Cybersecurity,0,No Offer
CUST_00021,42,Male,Delhi,Medium,Real Estate,95.24980035785336,428,4.708171663239122,3,10,0,3,6,2,0,0,1,0,1,Website,0,0,Other,Cybersecurity,0,No Offer
CUST_00022,54,Male,Chennai,Small,Education,5.7958385230465215,32,0.3500871744766645,8,4,1,3,0,4,1,1,1,1,1,Referral,0,0,Other,Advanced IT Solutions,0,No Offer
CUST_00023,33,Female,Mumbai,Small,Healthcare,5.042916501657322,72,0.6052954505641861,4,10,0,4,7,2,0,1,0,1,0,Referral,15,1,Other,Cloud Services,1,Cloud Services
CUST_00024,43,Female,Vadodara,Small,Healthcare,8.252265294957157,37,0.8082160840168034,0,9,0,2,6,1,1,1,1,0,3,Referral,5,1,Other,AI Solutions,1,AI Solutions
CUST_00025,46,Female,Delhi,Medium,Manufacturing,94.57256625713468,437,9.476171848287954,8,10,1,5,3,1,0,1,0,0,0,Website,0,1,Other,Cloud Services,1,Cloud Services
CUST_00026,48,Female,Vadodara,Medium,Retail,63.028967581628216,314,3.479264595584823,7,9,0,1,3,1,1,1,0,0,2,Website,10,0,Other,Data Analytics,0,No Offer
CUST_00027,49,Female,Pune,Small,Education,14.034737159049218,98,1.4804817264156347,4,8,1,5,2,2,1,0,0,0,1,LinkedIn,10,1,Other,Cybersecurity,1,Cybersecurity
CUST_00028,37,Female,Mumbai,Medium,Logistics,94.5077569709687,469,11.574878310284404,2,12,1,5,0,1,1,1,0,0,1,Referral,10,1,Other,Data Analytics,1,Data Analytics
CUST_00029,36,Male,Pune,Small,Education,5.1011944384993,35,0.6949370806596156,8,11,0,3,6,1,0,0,0,1,2,Website,10,1,Other,Cybersecurity,1,Cybersecurity
CUST_00030,24,Female,Vadodara,Medium,Retail,63.93320502440015,324,7.570080123446397,6,7,1,3,3,3,0,0,0,1,2,Referral,0,1,Other,Cybersecurity,1,Cybersecurity
CUST_00031,58,Other,Hyderabad,Small,Education,5.876572857857188,26,0.5827508065336378,10,9,0,1,4,2,1,0,0,0,0,Email Campaign,0,0,Other,Cybersecurity,0,No Offer
CUST_00032,28,Male,Surat,Medium,Logistics,75.96006956969775,333,8.415700945120335,7,13,0,3,5,5,0,1,1,0,3,Referral,0,0,Other,Cloud Services,0,No Offer
CUST_00033,42,Male,Mumbai,Large,Finance,109.49151042873044,777,9.658615723694105,2,6,0,3,4,1,0,1,0,0,1,Website,10,1,Other,Cloud Services,1,Cloud Services
CUST_00034,30,Male,Hyderabad,Large,Real Estate,1047.2194893083156,4720,59.93005615316034,5,6,0,4,4,3,1,1,0,1,4,Referral,10,1,Other,Data Analytics,1,Data Analytics
CUST_00035,60,Male,Delhi,Small,Education,3.092824948467876,44,0.4202061566661996,3,5,1,3,9,2,0,0,0,0,2,Website,15,1,Other,Cybersecurity,1,Cybersecurity
CUST_00036,39,Male,Surat,Large,Real Estate,129.6806372856275,1843,12.178920218796913,2,5,0,3,4,6,1,1,0,0,1,Website,5,0,Other,Data Analytics,0,No Offer
CUST_00037,25,Female,Ahmedabad,Small,Education,13.57053809674716,85,1.3749424568645727,3,8,0,3,4,4,0,0,0,0,1,Website,5,0,Other,Cybersecurity,0,No Offer
CUST_00038,46,Other,Delhi,Large,IT,361.6396920009639,2005,53.8167126740821,1,7,1,3,2,1,1,1,0,0,3,Referral,0,1,Other,Data Analytics,1,Data Analytics
CUST_00039,35,Male,Bangalore,Small,Finance,7.092690457219888,88,1.0511500698961564,4,7,0,1,7,2,1,0,0,0,2,Website,15,1,Other,Cybersecurity,1,Cybersecurity
CUST_00040,30,Male,Kolkata,Small,Manufacturing,7.799544483904724,54,0.7827413675862225,7,7,0,4,6,2,1,0,1,1,3,Referral,10,1,Other,Cybersecurity,1,Cybersecurity
CUST_00041,47,Male,Mumbai,Small,Healthcare,3.168136543906493,46,0.1079538454446198,4,7,0,3,5,1,1,0,1,0,1,Website,10,1,Other,Cybersecurity,1,Cybersecurity
CUST_00042,23,Female,Bangalore,Small,Logistics,13.292751974631642,78,1.030689475469876,1,7,0,3,4,3,1,1,0,0,1,Cold Call,10,0,Other,Data Analytics,0,No Offer
CUST_00043,41,Male,Vadodara,Medium,Education,38.67829128634968,175,5.510697039376061,6,7,0,1,6,2,1,1,0,0,1,Website,0,0,Other,Data Analytics,0,No Offer
CUST_00044,49,Male,Mumbai,Large,Logistics,444.8325947991936,2252,28.734758194095832,7,9,0,2,4,1,0,1,0,0,1,Website,20,1,Other,Cloud Services,1,Cloud Services
CUST_00045,28,Male,Kolkata,Medium,Manufacturing,40.96460921838848,326,6.141096419740448,10,6,0,4,7,1,1,1,1,0,5,Website,5,1,Other,AI Solutions,1,AI Solutions
CUST_00046,29,Male,Mumbai,Medium,Manufacturing,114.92654680927004,462,4.610635067932677,3,11,0,0,10,0,0,1,0,0,2,Referral,0,1,Other,Cloud Services,1,Cloud Services
CUST_00047,56,Male,Hyderabad,Medium,Finance,28.30098427045024,155,2.77841238816721,2,8,0,5,3,1,0,1,0,0,1,LinkedIn,0,1,Other,Cloud Services,1,Cloud Services
CUST_00048,35,Female,Pune,Small,Logistics,14.061279334640728,66,1.2915836723926073,7,14,0,4,5,4,1,1,1,0,0,Email Campaign,5,1,Other,AI Solutions,1,AI Solutions
CUST_00049,38,Female,Chennai,Small,Healthcare,12.691823944625911,69,0.7696620247639966,9,6,1,2,7,4,1,1,1,0,2,Referral,0,1,Other,AI Solutions,1,AI Solutions
CUST_00050,57,Female,Hyderabad,Small,IT,5.205548422565933,21,0.7487288949847055,1,5,1,1,4,1,0,0,1,1,0,LinkedIn,10,0,Other,Cybersecurity,0,No Offer
CUST_00051,25,Male,Kolkata,Small,Manufacturing,3.856895161983983,18,0.4022762681729268,6,7,1,4,5,1,0,1,0,0,1,Cold Call,5,1,Other,Cloud Services,1,Cloud Services
CUST_00052,23,Female,Mumbai,Small,IT,13.234079347801575,86,0.7626455049798468,9,6,0,4,8,1,0,0,1,0,1,Referral,0,1,Other,Cybersecurity,0,No Offer
CUST_00053,27,Female,Hyderabad,Small,Healthcare,11.47395986877917,93,0.873005229224259,7,10,1,5,6,1,1,0,0,1,0,Cold Call,10,0,Other,Cybersecurity,0,No Offer
CUST_00054,25,Male,Pune,Small,Healthcare,16.03306306136009,86,1.868613917789847,4,5,0,2,4,5,0,0,0,0,0,LinkedIn,5,0,Other,Cybersecurity,0,No Offer
CUST_00055,50,Female,Bangalore,Small,Real Estate,6.049597023410465,36,0.3976013283431178,6,7,1,2,6,3,1,0,1,1,2,Website,15,1,Other,Cybersecurity,1,Cybersecurity
CUST_00056,39,Male,Hyderabad,Large,Finance,457.78991768894014,2603,62.05467963150053,8,12,0,4,3,1,0,0,0,0,1,Referral,10,1,Other,Cybersecurity,1,Cybersecurity
CUST_00057,47,Female,Vadodara,Small,Logistics,8.539369434486101,72,0.4259511574719635,7,6,0,2,4,1,1,1,0,0,2,Referral,0,1,Other,Data Analytics,1,Data Analytics
CUST_00058,55,Male,Bangalore,Medium,Retail,17.64693893483442,130,1.0895327883007777,4,2,0,1,4,3,0,1,0,0,0,Referral,10,0,Other,Cloud Services,0,No Offer
CUST_00059,31,Other,Kolkata,Medium,Logistics,39.11187422470746,242,1.8534269876983536,3,6,0,5,11,3,1,0,0,0,3,Website,10,1,Other,Cybersecurity,1,Cybersecurity
CUST_00060,57,Male,Bangalore,Medium,Education,101.52121305911578,466,4.3147998420879885,2,4,0,5,1,2,0,1,1,0,3,Referral,15,0,Other,Cloud Services,0,No Offer
CUST_00061,35,Female,Mumbai,Small,Finance,19.650433004600323,97,1.2976723632211378,5,7,1,1,4,5,0,0,0,0,1,Website,0,1,Other,Cybersecurity,1,Cybersecurity
CUST_00062,52,Female,Surat,Small,Logistics,2.064472874815626,28,0.3094674765126848,3,11,0,3,11,0,1,0,0,0,0,Referral,5,0,Other,Cybersecurity,0,No Offer
CUST_00063,36,Female,Surat,Small,IT,4.658209950182283,47,0.1924750438795116,10,5,0,3,6,2,1,0,0,0,1,LinkedIn,0,0,Other,Cybersecurity,0,No Offer
CUST_00064,29,Male,Ahmedabad,Small,Real Estate,2.655914159357064,48,0.1475632892568682,3,7,0,5,4,1,1,0,0,0,1,Email Campaign,10,1,Other,Cybersecurity,1,Cybersecurity
CUST_00065,35,Male,Vadodara,Small,Logistics,1.238210726234839,24,0.0775045818723198,6,6,0,3,6,2,1,0,0,0,1,Website,15,1,Other,Cybersecurity,1,Cybersecurity
CUST_00066,44,Female,Mumbai,Medium,Finance,29.695904376943137,313,3.0971510401499187,9,4,0,6,2,0,0,0,0,1,1,Email Campaign,15,1,Other,Cybersecurity,0,No Offer
CUST_00067,42,Male,Kolkata,Medium,Healthcare,100.52494681929376,479,12.006848783785475,4,9,0,1,6,4,1,1,0,0,2,Website,10,1,Other,Data Analytics,1,Data Analytics
CUST_00068,37,Male,Delhi,Medium,Real Estate,112.70337143782018,488,13.55055637357628,0,8,0,4,6,2,1,1,0,0,1,Email Campaign,0,0,Other,Data Analytics,0,No Offer
CUST_00069,39,Female,Surat,Small,Manufacturing,8.984757122580374,70,0.2788537777056579,4,11,1,5,5,2,1,0,1,1,1,Website,15,0,Other,Cybersecurity,1,Cybersecurity
CUST_00070,45,Male,Kolkata,Small,Real Estate,9.921022878601478,61,1.0736734841792082,5,6,1,2,7,1,0,0,0,0,1,Email Campaign,0,1,Other,Cybersecurity,0,No Offer
CUST_00071,47,Male,Bangalore,Large,Real Estate,375.7286725684647,1965,39.71017182800323,0,13,0,4,6,1,1,0,0,0,2,LinkedIn,5,1,Other,Cybersecurity,1,Cybersecurity
CUST_00072,46,Male,Hyderabad,Small,Education,19.728161867728318,82,1.817329898741158,2,10,0,3,6,2,0,0,0,0,1,Referral,0,0,Other,Cybersecurity,0,No Offer
CUST_00073,50,Male,Surat,Medium,Education,41.40038764778858,178,3.125937402410761,5,7,1,1,5,1,0,0,1,1,0,Website,20,1,Other,Cybersecurity,1,Cybersecurity
CUST_00074,36,Female,Mumbai,Medium,Retail,21.073392011962664,343,2.648784262050735,6,7,0,2,4,1,0,0,1,1,3,Website,5,1,Other,Cybersecurity,1,Cybersecurity
CUST_00075,22,Female,Surat,Small,Healthcare,4.583125757525384,46,0.3266196444540311,6,5,0,1,7,1,1,0,0,0,4,Cold Call,5,0,Other,Cybersecurity,0,No Offer
CUST_00076,46,Female,Pune,Small,Education,5.205115064820081,87,0.2998222930608703,6,6,1,4,6,3,0,0,0,0,1,Cold Call,0,1,Other,Cybersecurity,1,Cybersecurity
CUST_00077,28,Other,Pune,Medium,Real Estate,65.8572239951679,380,4.426357604413434,8,6,1,5,6,0,0,1,0,0,4,Website,5,1,Other,Cloud Services,1,Cloud Services
CUST_00078,30,Male,Pune,Small,Education,11.141722471082613,58,0.9220638834415794,1,12,0,7,8,2,1,0,0,0,0,Website,10,1,Other,Cybersecurity,1,Cybersecurity
CUST_00079,45,Male,Vadodara,Small,Manufacturing,2.009820284483441,18,0.111920634188677,2,11,1,3,5,3,1,0,0,0,1,Website,5,0,Other,Cybersecurity,0,No Offer
CUST_00080,22,Male,Surat,Small,IT,6.181570685546002,28,0.6361364731573186,6,8,0,2,3,2,0,1,0,0,0,Referral,0,0,Other,Cloud Services,0,No Offer
CUST_00081,29,Male,Ahmedabad,Small,IT,13.494004807900758,96,1.8366029318232964,5,10,0,3,4,3,0,0,1,0,3,LinkedIn,5,0,Other,Cybersecurity,0,No Offer
CUST_00082,45,Female,Kolkata,Medium,IT,72.40612787562674,290,7.345979263658696,0,10,1,2,2,3,0,0,0,0,4,Cold Call,0,0,Other,Cybersecurity,0,No Offer
CUST_00083,32,Male,Pune,Large,Finance,81.32982015301275,1624,6.7991889784127055,9,5,1,2,3,2,1,0,1,0,1,Website,0,1,Other,Cybersecurity,1,Cybersecurity
CUST_00084,38,Male,Bangalore,Small,IT,2.516427958929897,35,0.3161243799190553,6,10,0,3,8,2,0,0,0,1,2,Referral,10,1,Other,Cybersecurity,1,Cybersecurity
CUST_00085,29,Male,Mumbai,Large,IT,280.5316847083271,2542,33.59777475347643,1,5,0,1,4,2,1,1,0,1,2,LinkedIn,10,1,Other,Data Analytics,1,Data Analytics
CUST_00086,56,Female,Vadodara,Large,Finance,38.956774350655046,707,2.884631280205249,3,9,1,3,7,3,0,1,0,0,0,Website,5,0,Other,Cloud Services,0,No Offer
CUST_00087,56,Female,Chennai,Large,Real Estate,651.1997299412886,3154,66.74694113108377,6,7,0,1,7,1,0,1,1,1,1,Referral,0,1,Other,Cloud Services,1,Cloud Services
CUST_00088,54,Male,Pune,Large,Real Estate,58.85883556217824,972,6.920689175067723,3,8,1,3,2,0,0,0,0,0,2,Referral,0,1,Other,Cybersecurity,1,Cybersecurity
CUST_00089,26,Other,Kolkata,Small,Real Estate,15.983674132701235,80,0.950318791309106,5,8,0,5,9,4,1,0,0,0,2,Referral,10,0,Other,Cybersecurity,1,Cybersecurity
CUST_00090,60,Male,Bangalore,Small,Manufacturing,1.936438136253116,32,0.143205149020232,10,7,0,3,3,4,1,1,1,0,4,Referral,5,1,Other,AI Solutions,1,AI Solutions
CUST_00091,49,Male,Mumbai,Medium,Healthcare,36.90018122553355,367,1.5753841774802546,8,15,0,3,5,2,0,0,0,0,2,Website,10,0,Other,Cybersecurity,0,No Offer
CUST_00092,28,Female,Hyderabad,Medium,Education,70.27822692840932,322,10.437837055639733,4,12,0,3,7,2,0,1,0,0,1,Referral,20,1,Other,Cloud Services,1,Cloud Services
CUST_00093,30,Male,Delhi,Large,Retail,229.88963931710043,957,9.26577502925398,2,11,0,3,9,4,1,1,0,0,1,Referral,0,1,Other,Data Analytics,1,Data Analytics
CUST_00094,29,Female,Bangalore,Large,Education,257.3045998781503,1936,12.925113783775805,5,9,0,1,4,5,1,0,0,0,1,Website,15,1,Other,Cybersecurity,1,Cybersecurity
CUST_00095,33,Other,Ahmedabad,Medium,Real Estate,25.862706043426087,106,2.2650515010317025,3,5,1,2,10,0,1,0,0,1,2,LinkedIn,10,1,Other,Cybersecurity,1,Cybersecurity
CUST_00096,55,Female,Bangalore,Small,Real Estate,11.75020437836447,67,1.572560637789794,8,10,0,4,6,2,0,0,0,1,1,LinkedIn,10,0,Other,Cybersecurity,0,No Offer
CUST_00097,54,Female,Bangalore,Small,IT,4.927179906003693,37,0.3582347674653665,1,7,1,1,4,2,0,1,1,0,0,Referral,5,0,Other,Cloud Services,0,No Offer
CUST_00098,44,Male,Ahmedabad,Small,IT,18.31874338504176,87,2.239128172754263,9,2,1,3,6,2,0,1,0,1,1,Referral,0,0,Other,Cloud Services,0,No Offer
CUST_00099,45,Female,Hyderabad,Medium,Logistics,35.66448521716916,327,3.963183422205821,4,11,1,3,4,3,0,1,0,1,2,Referral,5,0,Other,Cloud Services,0,No Offer
CUST_00100,58,Male,Vadodara,Medium,Education,34.55834951113464,335,3.685291653176892,8,8,0,2,8,1,0,0,0,0,2,Email Campaign,5,0,Other,Cybersecurity,0,No Offer
CUST_00101,56,Female,Surat,Large,Real Estate,171.33751093619307,945,22.514103625542123,9,4,0,3,8,3,0,0,0,0,0,Referral,0,0,Other,Cybersecurity,0,No Offer
CUST_00102,43,Female,Mumbai,Medium,Education,20.111303165798187,157,0.6375370538541603,6,11,0,1,4,3,0,0,0,0,2,Website,10,0,Other,Cybersecurity,0,No Offer
CUST_00103,48,Other,Bangalore,Large,Logistics,72.78413988182315,943,10.298836764078764,4,10,0,2,5,4,0,0,0,0,1,LinkedIn,20,0,Other,Cybersecurity,0,No Offer
CUST_00104,56,Female,Bangalore,Medium,IT,21.5535679997138,340,2.791340983793962,7,7,0,2,4,1,0,1,1,0,1,Referral,5,1,Other,Cloud Services,1,Cloud Services
CUST_00105,22,Male,Ahmedabad,Large,Real Estate,423.4397711093788,2040,60.358826831724464,1,11,1,2,5,0,0,1,0,0,1,LinkedIn,20,1,Other,Cloud Services,1,Cloud Services
CUST_00106,56,Female,Kolkata,Small,Finance,6.666557268976881,36,0.8348566071529196,3,4,0,3,8,3,1,0,1,0,0,Website,15,1,Other,Cybersecurity,1,Cybersecurity
CUST_00107,58,Female,Bangalore,Large,Real Estate,141.09538148612785,1066,19.10868422120718,5,7,0,6,3,2,0,0,0,0,1,Referral,5,1,Other,Cybersecurity,1,Cybersecurity
CUST_00108,35,Female,Bangalore,Medium,Finance,28.65569087927642,125,1.5579917392068214,6,12,1,4,6,5,0,1,0,0,2,Website,0,0,Other,Cloud Services,0,No Offer
CUST_00109,24,Female,Ahmedabad,Small,Finance,10.573708039081591,80,0.7222634352620139,10,5,0,2,11,0,1,1,0,0,1,Website,20,0,Other,Data Analytics,0,No Offer
CUST_00110,22,Male,Kolkata,Small,Retail,14.0203138833946,73,0.9509491226820066,7,8,0,3,4,2,1,1,0,0,4,LinkedIn,10,0,Other,Data Analytics,1,Data Analytics
CUST_00111,26,Male,Ahmedabad,Large,Healthcare,498.8832144492188,2152,21.50187128482928,3,10,0,3,4,1,1,0,0,0,2,LinkedIn,10,1,Other,Cybersecurity,1,Cybersecurity
CUST_00112,47,Female,Vadodara,Small,IT,17.669590431076788,81,2.077051708278952,8,8,0,1,5,2,1,0,0,0,3,LinkedIn,5,1,Other,Cybersecurity,1,Cybersecurity
CUST_00113,35,Female,Bangalore,Medium,Manufacturing,75.95825667868998,499,3.519944134627622,6,4,0,2,2,0,0,0,1,0,1,Cold Call,10,0,Other,Cybersecurity,0,No Offer
CUST_00114,60,Male,Pune,Small,Education,3.908672848276278,21,0.1418891236569508,1,3,0,5,8,3,0,1,1,0,1,Website,10,1,Other,Cloud Services,1,Cloud Services
CUST_00115,48,Female,Mumbai,Medium,Education,18.71537490371181,141,2.302994714030204,8,8,1,2,10,2,0,0,0,0,1,Website,10,1,Other,Cybersecurity,1,Cybersecurity
CUST_00116,30,Male,Kolkata,Large,IT,162.39268818523465,905,22.50106272975022,6,13,0,4,4,1,0,0,0,0,2,Website,10,1,Other,Cybersecurity,1,Cybersecurity
CUST_00117,36,Female,Pune,Small,IT,6.902713161497384,68,0.8400243097656859,4,10,0,4,2,1,1,1,0,0,1,Email Campaign,15,1,Other,Data Analytics,1,Data Analytics
CUST_00118,36,Male,Ahmedabad,Small,IT,6.16267902392598,45,0.7952460630422409,2,12,1,1,6,2,1,0,0,0,0,LinkedIn,10,0,Other,Cybersecurity,0,No Offer
CUST_00119,47,Male,Bangalore,Large,Education,420.8519864957642,4579,42.70578755267535,8,2,0,6,3,3,1,1,1,1,5,Referral,15,1,Other,Advanced IT Solutions,1,Advanced IT Solutions
CUST_00120,34,Male,Ahmedabad,Medium,Logistics,26.68592661812615,463,3.643417834036183,6,8,0,0,4,7,1,1,1,0,4,Website,10,0,Other,AI Solutions,0,No Offer
CUST_00121,53,Male,Surat,Large,IT,111.02267621617928,662,9.948122274157162,2,6,0,2,3,2,0,0,0,0,4,Referral,5,1,Other,Cybersecurity,1,Cybersecurity
CUST_00122,60,Male,Surat,Small,Education,2.897516297912074,13,0.4305671962968702,4,6,1,2,6,2,0,0,1,0,1,Referral,15,1,Other,Cybersecurity,1,Cybersecurity
CUST_00123,53,Male,Vadodara,Small,Healthcare,4.464368048895703,81,0.1893329789926843,2,6,1,3,8,2,1,0,1,0,2,Website,20,1,Other,Cybersecurity,1,Cybersecurity
CUST_00124,25,Male,Bangalore,Small,Manufacturing,8.742182918294201,98,1.1111461777813942,2,9,0,2,6,5,1,0,1,0,2,Cold Call,0,1,Other,Cybersecurity,1,Cybersecurity
CUST_00125,51,Female,Bangalore,Medium,Finance,56.53073071792544,398,6.046907404961066,6,6,0,1,2,3,0,0,0,0,1,Cold Call,15,1,Other,Cybersecurity,1,Cybersecurity
CUST_00126,58,Female,Pune,Small,Logistics,9.525326895159436,52,0.9494610400782948,8,5,0,2,5,6,0,1,1,1,1,Referral,15,1,Other,Cloud Services,1,Cloud Services
CUST_00127,44,Male,Chennai,Small,Manufacturing,4.633521130368751,55,0.5425726456777624,4,7,0,4,4,2,0,0,0,0,1,Email Campaign,10,0,Other,Cybersecurity,0,No Offer
CUST_00128,60,Other,Bangalore,Small,IT,0.7974065553236231,13,0.1043286736647395,10,8,1,1,4,3,1,0,1,0,2,Referral,0,0,Other,Cybersecurity,0,No Offer
CUST_00129,36,Male,Vadodara,Small,Manufacturing,3.383814357998313,22,0.4518951700994965,3,10,0,1,5,5,1,0,1,0,1,Cold Call,10,0,Other,Cybersecurity,0,No Offer
CUST_00130,50,Female,Kolkata,Large,IT,704.4934428473781,3296,35.96137189273691,3,5,1,1,4,2,0,0,0,0,0,Referral,10,0,Other,Cybersecurity,0,No Offer
CUST_00131,57,Female,Kolkata,Small,Manufacturing,3.08053702057793,54,0.1652532877358996,2,6,0,4,4,4,0,1,1,0,3,Email Campaign,10,1,Other,Cloud Services,1,Cloud Services
CUST_00132,34,Male,Ahmedabad,Medium,Retail,24.93376913493548,208,0.7963841159596364,7,9,1,1,7,3,0,1,1,0,1,Referral,5,1,Other,Cloud Services,1,Cloud Services
CUST_00133,53,Male,Pune,Large,Real Estate,213.9451527621991,1171,9.803201155615364,9,9,0,3,3,3,0,1,1,0,0,LinkedIn,15,0,Other,Cloud Services,1,Cloud Services
CUST_00134,28,Male,Hyderabad,Small,Manufacturing,4.873497678111578,64,0.3005286162871556,0,5,0,6,4,4,0,1,1,0,0,Referral,10,1,Other,Cloud Services,1,Cloud Services
CUST_00135,43,Male,Delhi,Medium,Real Estate,35.47411471317125,365,4.13359633916968,2,8,1,2,6,4,0,1,1,0,1,Email Campaign,10,1,Other,Cloud Services,1,Cloud Services
CUST_00136,49,Female,Ahmedabad,Large,Finance,611.5845724519868,3893,53.264185403141234,1,12,0,4,5,6,1,0,1,0,1,Website,0,1,Other,Cybersecurity,1,Cybersecurity
CUST_00137,23,Male,Bangalore,Large,Finance,216.8223516848321,901,26.22432178281402,10,5,1,3,2,4,1,0,0,0,2,Referral,0,1,Other,Cybersecurity,1,Cybersecurity
CUST_00138,27,Male,Ahmedabad,Small,Logistics,1.1821537601362633,11,0.1044838346370521,10,8,1,3,2,1,0,0,1,0,2,Cold Call,15,1,Other,Cybersecurity,1,Cybersecurity
CUST_00139,49,Male,Hyderabad,Small,Manufacturing,11.50542777104308,78,1.1122491968390302,6,11,1,3,4,1,1,0,0,1,2,Referral,5,1,Other,Cybersecurity,1,Cybersecurity
CUST_00140,49,Male,Delhi,Small,Education,12.348686398223949,95,0.5350437656065584,5,7,1,1,4,2,1,1,0,0,2,Email Campaign,15,1,Other,Data Analytics,1,Data Analytics
CUST_00141,41,Male,Hyderabad,Medium,Real Estate,109.69112184607566,478,13.512519586379652,0,7,1,3,5,1,1,0,1,0,0,Cold Call,0,1,Other,Cybersecurity,1,Cybersecurity
CUST_00142,51,Male,Hyderabad,Medium,Education,16.80265090242424,261,2.0327037823224803,2,6,0,1,3,1,0,1,0,1,1,Website,0,0,Other,Cloud Services,0,No Offer
CUST_00143,32,Female,Surat,Medium,Education,45.541035596814645,279,3.0470318752972467,10,11,0,5,5,2,1,1,0,1,1,Cold Call,5,0,Other,Data Analytics,0,No Offer
CUST_00144,49,Male,Kolkata,Small,Manufacturing,21.045498224446927,96,1.4611756690862732,3,9,0,2,3,1,0,1,1,0,1,Cold Call,5,0,Other,Cloud Services,0,No Offer
CUST_00145,46,Male,Chennai,Small,Education,9.904940616500737,40,0.5582600251918598,9,6,0,3,3,2,1,0,0,0,2,Email Campaign,20,1,Other,Cybersecurity,0,No Offer
CUST_00146,60,Female,Bangalore,Medium,Healthcare,22.959157040027737,121,2.930983462503152,10,10,1,4,10,2,1,1,0,1,1,LinkedIn,15,0,Other,Data Analytics,0,No Offer
CUST_00147,54,Male,Vadodara,Medium,Manufacturing,13.10265789386371,104,1.56761268527524,6,7,0,2,3,4,1,1,0,0,3,Email Campaign,0,1,Other,Data Analytics,1,Data Analytics
CUST_00148,22,Female,Pune,Medium,Finance,31.502839180615734,238,3.247871163408992,2,8,0,8,3,1,0,0,1,1,1,LinkedIn,10,1,Other,Cybersecurity,1,Cybersecurity
CUST_00149,48,Female,Ahmedabad,Small,Real Estate,7.581195968758826,63,0.4447027389224487,3,9,0,1,2,4,1,0,0,0,1,Cold Call,15,1,Other,Cybersecurity,1,Cybersecurity
CUST_00150,34,Male,Bangalore,Small,Logistics,13.657809596911257,80,0.6913910993593191,10,10,0,2,2,4,0,0,0,0,2,Website,5,0,Other,Cybersecurity,0,No Offer
CUST_00151,24,Male,Surat,Small,Education,15.434730023204716,78,0.5561482382709587,6,8,0,3,4,0,1,1,0,0,4,LinkedIn,15,1,Other,Data Analytics,1,Data Analytics
CUST_00152,60,Male,Kolkata,Small,Retail,8.127953483275874,38,0.2883259647621672,3,10,1,1,5,3,0,1,0,0,2,Website,0,1,Other,Cloud Services,0,No Offer
CUST_00153,27,Male,Ahmedabad,Small,Education,10.798808376867385,81,0.566465929007236,8,11,1,8,5,1,1,0,0,0,2,Website,20,1,Other,Cybersecurity,1,Cybersecurity
CUST_00154,29,Male,Pune,Small,Finance,3.286808907680734,17,0.1382560139606221,5,8,0,4,4,2,0,1,0,0,1,Cold Call,10,0,Other,Cloud Services,0,No Offer
CUST_00155,48,Male,Chennai,Small,Healthcare,14.694404659575182,63,1.4214326814133025,1,7,0,4,4,1,0,0,1,1,2,Website,5,0,Other,Cybersecurity,0,No Offer
CUST_00156,30,Male,Bangalore,Small,Manufacturing,3.746639342242257,16,0.2733953275708691,10,9,0,3,5,1,0,0,0,1,1,Cold Call,10,0,Other,Cybersecurity,0,No Offer
CUST_00157,58,Male,Vadodara,Small,Education,17.55413364994942,92,1.4639005367577933,0,7,0,1,2,0,0,0,1,0,7,Email Campaign,15,1,Other,Cybersecurity,1,Cybersecurity
CUST_00158,54,Female,Kolkata,Medium,Retail,73.79026244200301,416,7.474072679469728,7,8,0,2,4,2,0,0,1,1,5,Website,15,1,Other,Cybersecurity,1,Cybersecurity
CUST_00159,45,Female,Mumbai,Small,Real Estate,6.408513819305055,41,0.6991189317902805,10,7,0,5,5,0,1,1,0,0,2,Email Campaign,5,0,Other,Data Analytics,0,No Offer
CUST_00160,36,Male,Bangalore,Medium,Logistics,14.122243982737391,163,1.5221548600675334,2,10,0,3,5,1,1,0,0,0,1,Website,0,0,Other,Cybersecurity,0,No Offer
CUST_00161,53,Male,Hyderabad,Medium,Finance,21.74524578163536,291,1.3330442447503612,6,7,0,3,7,2,1,1,0,0,1,Cold Call,0,0,Other,Data Analytics,0,No Offer
CUST_00162,53,Female,Hyderabad,Medium,Logistics,37.5212613462584,255,4.771025082970455,3,9,0,2,4,0,0,0,0,1,6,Cold Call,10,0,Other,Cybersecurity,0,No Offer
CUST_00163,45,Female,Vadodara,Large,Logistics,134.78901622349562,1646,18.887332517169096,2,7,0,3,4,2,0,0,1,0,2,Email Campaign,0,0,Other,Cybersecurity,0,No Offer
CUST_00164,33,Female,Delhi,Small,Retail,7.939199286425627,48,0.5391716786922348,8,6,0,2,7,1,0,1,0,0,1,Website,20,1,Other,Cloud Services,1,Cloud Services
CUST_00165,60,Male,Vadodara,Medium,Real Estate,25.25881699449436,141,0.8094907779120853,5,3,0,3,7,3,1,0,0,1,2,Website,5,1,Other,Cybersecurity,1,Cybersecurity
CUST_00166,23,Female,Kolkata,Large,IT,761.4993936451759,4909,105.00962596051822,5,8,0,3,10,3,1,1,0,0,2,Email Campaign,10,1,Other,Data Analytics,1,Data Analytics
CUST_00167,24,Male,Hyderabad,Large,Finance,30.18937549882948,527,4.251444403836966,5,7,1,4,0,0,0,1,1,0,3,Website,10,0,Other,Cloud Services,0,No Offer
CUST_00168,58,Male,Chennai,Small,IT,2.277186895137258,37,0.0822373548296118,2,12,1,4,5,2,1,1,0,0,2,Referral,10,0,Other,Data Analytics,0,No Offer
CUST_00169,38,Male,Chennai,Small,Retail,2.25271534502521,31,0.0689213552155892,5,9,0,3,9,2,1,1,0,0,2,Website,5,0,Other,Data Analytics,0,No Offer
CUST_00170,23,Male,Hyderabad,Small,Manufacturing,7.669270294778442,95,0.9814255829299066,3,7,1,4,3,0,0,0,0,0,1,Website,5,1,Other,Cybersecurity,1,Cybersecurity
CUST_00171,23,Male,Kolkata,Medium,Manufacturing,51.579116732804266,208,3.4132791281697563,1,13,0,4,3,1,1,0,1,0,1,Referral,15,0,Other,Cybersecurity,0,No Offer
CUST_00172,49,Male,Surat,Medium,Manufacturing,26.63337675546789,224,3.7220106749152073,2,6,0,1,6,1,0,0,0,0,1,Cold Call,0,0,Other,Cybersecurity,0,No Offer
CUST_00173,44,Female,Pune,Small,Logistics,5.528128411141119,51,0.3096262089730688,3,7,1,2,1,4,1,0,0,0,1,Referral,10,1,Other,Cybersecurity,1,Cybersecurity
CUST_00174,58,Female,Pune,Medium,IT,18.438264775517972,305,2.458531562241726,10,6,0,4,1,3,1,0,0,1,1,Referral,20,1,Other,Cybersecurity,1,Cybersecurity
CUST_00175,53,Male,Kolkata,Medium,Logistics,77.37700214592115,437,2.958688601075957,0,3,0,3,7,2,1,0,0,1,2,Email Campaign,0,0,Other,Cybersecurity,0,No Offer
CUST_00176,54,Male,Mumbai,Small,Manufacturing,14.435052562100491,80,0.8845283677346991,6,9,0,1,4,1,0,0,0,0,2,Email Campaign,0,0,Other,Cybersecurity,0,No Offer
CUST_00177,22,Male,Pune,Large,Logistics,301.64312091127323,3545,44.27380948586384,4,7,1,5,3,1,1,0,0,0,1,Cold Call,20,1,Other,Cybersecurity,1,Cybersecurity
CUST_00178,40,Female,Ahmedabad,Medium,Healthcare,49.10814471883376,210,2.835680992694308,10,7,1,7,7,4,0,1,1,1,0,LinkedIn,5,1,Other,Cloud Services,1,Cloud Services
CUST_00179,23,Male,Pune,Small,Finance,14.286712233693732,68,0.6566395542298119,8,7,0,2,3,2,1,0,1,0,3,Website,0,1,Other,Cybersecurity,1,Cybersecurity
CUST_00180,47,Other,Ahmedabad,Medium,Finance,30.26011695887301,315,4.019952391643682,5,9,1,2,6,3,1,0,0,0,0,Website,10,1,Other,Cybersecurity,1,Cybersecurity
CUST_00181,53,Male,Hyderabad,Small,Real Estate,13.686804995047597,93,0.6040821256636165,7,4,0,4,14,2,0,1,1,1,1,LinkedIn,0,0,Other,Cloud Services,0,No Offer
CUST_00182,27,Male,Surat,Medium,Logistics,21.67676019968481,153,0.9038067294712254,8,12,1,4,5,1,0,0,0,0,1,Website,15,1,Other,Cybersecurity,1,Cybersecurity
CUST_00183,53,Female,Vadodara,Large,Real Estate,154.05916237371338,1287,10.600967502872887,5,11,1,4,6,2,1,0,0,0,0,Email Campaign,10,1,Other,Cybersecurity,1,Cybersecurity
CUST_00184,25,Female,Surat,Large,Retail,391.18135877930473,1832,41.55888098119815,6,9,1,5,4,1,0,0,0,1,2,Referral,5,1,Other,Cybersecurity,1,Cybersecurity
CUST_00185,32,Male,Pune,Small,Education,2.658557193596517,37,0.3065039019877344,5,6,1,3,3,0,1,1,0,0,4,Referral,10,1,Other,Data Analytics,1,Data Analytics
CUST_00186,38,Male,Pune,Small,IT,11.443404925038037,86,1.553426816429335,5,3,0,3,6,2,1,0,1,0,1,Website,0,0,Other,Cybersecurity,0,No Offer
CUST_00187,59,Other,Kolkata,Small,Finance,5.424249044393736,40,0.5148121306660407,1,10,0,3,5,1,1,1,1,1,0,Website,0,0,Other,Advanced IT Solutions,0,No Offer
CUST_00188,45,Male,Vadodara,Medium,Logistics,32.48639732856092,226,2.50827910427764,4,9,1,1,8,2,0,0,0,0,1,Referral,5,1,Other,Cybersecurity,1,Cybersecurity
CUST_00189,26,Female,Pune,Small,IT,13.11392989496382,59,0.9581043924461128,5,3,0,3,4,1,0,0,1,0,0,Referral,0,0,Other,Cybersecurity,0,No Offer
CUST_00190,55,Male,Delhi,Medium,Retail,35.393415387233496,378,4.658776069007163,9,4,0,4,5,3,1,0,1,0,1,Email Campaign,5,1,Other,Cybersecurity,1,Cybersecurity
CUST_00191,27,Female,Delhi,Small,Manufacturing,6.705540296733183,95,0.783594935917405,4,4,0,1,5,5,1,1,0,0,0,Website,10,1,Other,Data Analytics,1,Data Analytics
CUST_00192,43,Female,Mumbai,Small,Education,7.983837857954194,46,1.106970948234893,3,11,0,2,9,3,1,0,1,1,0,Website,5,0,Other,Cybersecurity,0,No Offer
CUST_00193,32,Male,Hyderabad,Small,Retail,8.222388814574115,97,1.1978725862044812,5,9,0,1,1,2,1,0,1,1,1,Referral,0,1,Other,Cybersecurity,1,Cybersecurity
CUST_00194,37,Female,Ahmedabad,Large,Healthcare,121.1996680237732,1865,7.99991744754676,5,4,1,4,4,1,0,0,0,0,1,Website,15,0,Other,Cybersecurity,0,No Offer
CUST_00195,54,Male,Surat,Medium,Manufacturing,28.55459710809846,211,2.6715936402137044,7,14,0,5,6,2,1,0,0,0,1,Email Campaign,10,1,Other,Cybersecurity,1,Cybersecurity
CUST_00196,30,Male,Hyderabad,Small,Manufacturing,5.635757170297692,60,0.5963673525628869,7,7,1,3,3,3,1,0,1,0,3,Email Campaign,0,1,Other,Cybersecurity,1,Cybersecurity
CUST_00197,27,Female,Ahmedabad,Small,Manufacturing,9.657222578114142,79,0.4795957671286037,9,11,0,8,8,4,0,1,0,0,2,Cold Call,0,1,Other,Cloud Services,0,No Offer
CUST_00198,37,Male,Ahmedabad,Medium,Retail,19.369021043893383,190,0.7050642100434803,0,7,1,6,3,2,0,0,0,0,3,Website,10,0,Other,Cybersecurity,0,No Offer
CUST_00199,50,Female,Bangalore,Small,Healthcare,2.329927946519227,34,0.3125171257329583,1,7,0,2,8,3,0,1,0,0,0,Email Campaign,10,1,Other,Cloud Services,1,Cloud Services
CUST_00200,24,Male,Pune,Medium,Education,64.82777623393613,400,6.110849085809431,10,15,1,4,4,0,1,1,1,0,1,Cold Call,15,1,Other,AI Solutions,1,AI Solutions
CUST_00201,41,Male,Mumbai,Large,IT,226.71187332351508,4092,22.32951121999495,0,7,0,3,4,2,1,1,0,0,2,Referral,10,0,Other,Data Analytics,0,No Offer
CUST_00202,57,Male,Pune,Medium,Retail,63.251518095708775,260,6.109446514239823,9,7,0,6,1,5,1,1,1,0,1,LinkedIn,5,0,Other,AI Solutions,0,No Offer
CUST_00203,40,Male,Mumbai,Medium,Finance,12.181408747740305,103,1.4690204545181036,6,10,0,2,4,3,1,0,1,0,3,Cold Call,20,1,Other,Cybersecurity,1,Cybersecurity
CUST_00204,47,Male,Hyderabad,Medium,Finance,56.142356123094345,297,2.6645293230858758,7,8,0,5,5,2,0,1,1,0,0,Referral,15,1,Other,Cloud Services,1,Cloud Services
CUST_00205,24,Female,Kolkata,Large,Retail,1048.6988809494278,4945,108.7351959507845,2,6,0,1,8,3,0,0,1,0,2,Email Campaign,10,1,Other,Cybersecurity,1,Cybersecurity
CUST_00206,40,Female,Kolkata,Large,IT,303.3886897623809,2867,26.1938335594098,2,5,0,4,3,4,1,1,0,0,3,Email Campaign,10,1,Other,Data Analytics,1,Data Analytics
CUST_00207,41,Female,Hyderabad,Medium,Finance,95.0799251072785,476,13.08632350886117,6,10,0,5,4,1,1,1,0,0,3,Website,0,1,Other,Data Analytics,1,Data Analytics
CUST_00208,53,Male,Vadodara,Small,IT,16.019828660285704,74,1.479503467016102,7,9,0,5,6,1,0,0,0,1,2,Website,15,1,Other,Cybersecurity,1,Cybersecurity
CUST_00209,28,Male,Delhi,Medium,Manufacturing,18.571791438078996,189,2.6585927445234687,5,8,1,5,2,2,0,0,0,0,0,Website,0,0,Other,Cybersecurity,0,No Offer
CUST_00210,54,Male,Ahmedabad,Small,Retail,12.176447833581516,49,0.8814574336900184,7,12,0,7,3,3,1,0,1,0,0,Referral,0,0,Other,Cybersecurity,0,No Offer
CUST_00211,60,Male,Mumbai,Medium,Manufacturing,6.442390651641727,119,0.9407653296575014,1,10,0,2,7,2,1,1,1,0,1,LinkedIn,5,0,Other,AI Solutions,1,AI Solutions
CUST_00212,39,Male,Chennai,Medium,Finance,16.438416904291046,176,2.219497852069097,6,7,0,2,3,0,0,1,0,0,1,Website,0,0,Other,Cloud Services,0,No Offer
CUST_00213,22,Male,Pune,Small,IT,8.240166050215942,40,0.8249361644422483,4,8,0,5,5,4,0,0,0,0,0,Email Campaign,0,0,Other,Cybersecurity,0,No Offer
CUST_00214,32,Male,Hyderabad,Small,Manufacturing,5.596050915702486,63,0.4054069830202337,5,6,0,5,7,1,1,0,1,0,1,Cold Call,10,1,Other,Cybersecurity,1,Cybersecurity
CUST_00215,49,Female,Ahmedabad,Medium,Finance,83.82617191626865,442,6.296251076187163,6,7,0,3,4,2,0,1,0,0,2,LinkedIn,0,1,Other,Cloud Services,0,No Offer
CUST_00216,46,Male,Mumbai,Large,Logistics,480.2424079245734,2172,58.94027096527337,8,7,0,4,6,5,0,0,1,0,2,LinkedIn,15,0,Other,Cybersecurity,0,No Offer
CUST_00217,44,Male,Surat,Medium,Healthcare,51.75437086874634,214,5.158656360433273,6,6,0,1,7,3,1,0,0,0,0,Referral,15,1,Other,Cybersecurity,1,Cybersecurity
CUST_00218,52,Male,Vadodara,Medium,Manufacturing,27.9559540944504,193,2.1858903153472937,10,4,1,1,4,2,1,1,0,0,2,LinkedIn,15,0,Other,Data Analytics,0,No Offer
CUST_00219,51,Male,Pune,Small,Healthcare,4.395992842735623,18,0.4674109522365915,0,3,0,3,2,1,1,0,0,0,2,Referral,0,1,Other,Cybersecurity,0,No Offer
CUST_00220,56,Female,Kolkata,Medium,Healthcare,35.85992848014698,271,4.231041519362371,4,5,1,4,5,2,1,1,0,0,1,Website,0,1,Other,Data Analytics,1,Data Analytics
CUST_00221,28,Male,Hyderabad,Small,Education,9.26893518555284,99,0.3035396595610283,10,7,1,1,5,1,1,1,0,0,2,LinkedIn,15,1,Other,Data Analytics,1,Data Analytics
CUST_00222,37,Male,Kolkata,Medium,Real Estate,16.500712026630065,108,0.6729573851764657,10,15,1,4,4,5,0,1,0,1,4,Referral,10,1,Other,Cloud Services,1,Cloud Services
CUST_00223,47,Male,Mumbai,Small,Finance,11.697702176049404,65,0.4835625703040672,10,9,0,2,6,1,1,0,1,1,0,Referral,5,0,Other,Cybersecurity,0,No Offer
CUST_00224,23,Male,Kolkata,Medium,Retail,50.83176609238596,359,2.939705575339118,3,8,1,2,4,2,1,0,0,1,4,Referral,15,1,Other,Cybersecurity,1,Cybersecurity
CUST_00225,22,Male,Pune,Small,IT,1.9607338655203,12,0.1592877696991748,7,6,1,2,4,2,1,0,0,1,2,Cold Call,15,1,Other,Cybersecurity,1,Cybersecurity
CUST_00226,33,Female,Delhi,Small,Logistics,1.4661002129998149,11,0.1853707610136057,6,10,0,3,3,3,1,0,0,0,2,Referral,10,0,Other,Cybersecurity,0,No Offer
CUST_00227,26,Female,Ahmedabad,Large,Finance,298.5932570797897,1927,21.53809424256436,3,10,1,6,2,2,1,1,0,0,0,Website,15,1,Other,Data Analytics,1,Data Analytics
CUST_00228,58,Female,Delhi,Small,Education,11.063880181908369,46,0.3551210642357824,10,8,1,6,5,2,0,0,0,0,0,Website,10,0,Other,Cybersecurity,0,No Offer
CUST_00229,53,Male,Hyderabad,Small,Education,9.747804982972315,65,0.8578401989429609,2,6,0,1,3,2,1,0,0,1,0,Website,5,0,Other,Cybersecurity,0,No Offer
CUST_00230,30,Female,Delhi,Medium,Logistics,31.9015887201071,317,4.772331928555328,5,5,0,2,5,1,1,0,0,1,0,LinkedIn,0,1,Other,Cybersecurity,1,Cybersecurity
CUST_00231,56,Male,Bangalore,Large,Manufacturing,338.73711550392125,1679,24.349277303332105,7,12,0,4,5,1,0,1,1,0,2,Website,10,1,Other,Cloud Services,1,Cloud Services
CUST_00232,40,Male,Ahmedabad,Small,IT,7.873631734272761,67,1.1444366420697134,2,6,0,5,8,3,0,0,0,0,1,Cold Call,5,0,Other,Cybersecurity,0,No Offer
CUST_00233,37,Female,Mumbai,Medium,Education,94.89243820310378,445,4.000799537318925,4,9,0,5,2,3,0,0,0,0,2,Referral,10,0,Other,Cybersecurity,0,No Offer
CUST_00234,24,Male,Ahmedabad,Large,Retail,105.18543382367584,1714,5.340470528090199,9,4,0,2,10,3,1,0,0,0,1,Referral,5,1,Other,Cybersecurity,1,Cybersecurity
CUST_00235,41,Male,Bangalore,Small,Finance,10.12989680169123,87,1.184130725139102,0,10,0,3,8,4,1,0,0,0,0,Email Campaign,10,1,Other,Cybersecurity,1,Cybersecurity
CUST_00236,45,Female,Chennai,Small,Retail,1.4463116146946855,21,0.1303784748059485,9,6,0,4,6,0,0,1,0,0,2,Email Campaign,10,1,Other,Cloud Services,1,Cloud Services
CUST_00237,54,Male,Delhi,Small,Manufacturing,6.639292920067463,99,0.8087629203308606,9,7,0,2,3,0,1,0,0,0,2,Cold Call,10,1,Other,Cybersecurity,1,Cybersecurity
CUST_00238,45,Female,Ahmedabad,Large,Real Estate,610.0744279402088,3358,81.52241643858548,7,9,1,2,7,1,1,0,0,0,0,LinkedIn,20,1,Other,Cybersecurity,1,Cybersecurity
CUST_00239,32,Male,Kolkata,Small,Finance,7.878151536784733,62,0.4737147103679792,6,1,0,7,12,1,0,0,0,1,2,Cold Call,10,0,Other,Cybersecurity,0,No Offer
CUST_00240,29,Female,Mumbai,Small,Manufacturing,18.167958860158823,81,2.0337122390526376,7,4,0,2,3,1,1,1,1,1,1,Referral,0,1,Other,Advanced IT Solutions,0,No Offer
CUST_00241,57,Female,Surat,Medium,IT,61.92553514018117,404,6.372889861851179,1,10,0,4,7,3,0,0,1,0,0,Website,10,0,Other,Cybersecurity,0,No Offer
CUST_00242,59,Female,Hyderabad,Medium,IT,32.61152462610251,299,4.349862237272971,6,9,1,4,7,4,0,0,0,0,3,Website,10,1,Other,Cybersecurity,1,Cybersecurity
CUST_00243,41,Male,Hyderabad,Small,Real Estate,3.106844441479024,16,0.2535572427885619,3,14,0,4,4,3,0,0,0,0,1,Email Campaign,0,1,Other,Cybersecurity,1,Cybersecurity
CUST_00244,56,Male,Hyderabad,Medium,Retail,76.91347765954157,440,2.7861485554248646,1,7,1,0,3,2,1,0,0,0,2,Website,20,1,Other,Cybersecurity,1,Cybersecurity
CUST_00245,46,Male,Ahmedabad,Small,Retail,9.44635158746283,45,0.934266231807064,8,15,0,2,4,2,1,0,0,0,3,Email Campaign,15,1,Other,Cybersecurity,1,Cybersecurity
CUST_00246,56,Male,Delhi,Small,IT,14.47613007673854,81,2.0999855753409404,4,4,0,6,7,1,0,1,1,0,4,Email Campaign,0,0,Other,Cloud Services,0,No Offer
CUST_00247,46,Male,Ahmedabad,Medium,Healthcare,17.93157693525357,215,0.5694305225717774,6,10,0,5,7,1,0,0,1,0,0,Email Campaign,10,0,Other,Cybersecurity,0,No Offer
CUST_00248,50,Female,Pune,Large,IT,713.4243411995096,3876,41.97143788897038,3,11,0,4,6,2,0,1,1,0,2,LinkedIn,0,1,Other,Cloud Services,1,Cloud Services
CUST_00249,39,Male,Kolkata,Small,Logistics,9.109998606144506,71,0.6188252133067721,9,12,0,3,13,3,0,0,1,0,3,Cold Call,10,1,Other,Cybersecurity,1,Cybersecurity
CUST_00250,39,Other,Surat,Large,Finance,190.2665604727192,1334,23.19362054321377,10,16,0,5,9,2,0,0,0,1,2,Email Campaign,15,0,Other,Cybersecurity,0,No Offer
CUST_00251,23,Male,Surat,Medium,Logistics,97.47417270134709,416,6.705563249563005,10,6,0,3,6,5,0,1,0,0,2,Website,10,0,Other,Cloud Services,0,No Offer
CUST_00252,56,Male,Kolkata,Small,Manufacturing,8.539496648168459,70,0.5011836012525844,3,9,0,5,4,1,0,0,1,0,2,Referral,10,0,Other,Cybersecurity,1,Cybersecurity
CUST_00253,37,Male,Bangalore,Medium,IT,76.02479641179198,441,8.1975228136849,2,8,1,2,6,0,1,0,0,1,0,Website,5,1,Other,Cybersecurity,1,Cybersecurity
CUST_00254,57,Female,Vadodara,Small,IT,6.50290637416974,53,0.2312995011506529,0,15,1,6,4,0,0,0,0,0,2,Referral,10,1,Other,Cybersecurity,1,Cybersecurity
CUST_00255,54,Female,Pune,Large,Real Estate,68.66971508327212,996,3.4658719845943278,1,6,0,5,4,1,1,0,1,1,1,Email Campaign,5,1,Other,Cybersecurity,1,Cybersecurity
CUST_00256,25,Female,Mumbai,Large,Real Estate,412.1251453718945,2929,32.54289643793946,8,10,1,2,3,1,0,1,1,1,1,Website,15,1,Other,Cloud Services,1,Cloud Services
CUST_00257,54,Female,Surat,Small,Education,16.094168584733385,95,1.169595346657038,0,5,0,3,1,4,1,0,1,0,2,Email Campaign,20,0,Other,Cybersecurity,0,No Offer
CUST_00258,35,Male,Hyderabad,Small,Manufacturing,11.572057939861736,88,0.8292524951153851,4,8,0,3,3,3,1,0,1,0,3,Referral,15,1,Other,Cybersecurity,1,Cybersecurity
CUST_00259,42,Male,Ahmedabad,Small,Education,6.1503953729105705,48,0.2646306112350068,1,8,0,2,6,5,0,1,1,0,0,Referral,5,0,Other,Cloud Services,0,No Offer
CUST_00260,41,Male,Bangalore,Small,Manufacturing,2.9970598389043115,14,0.2196868908346216,3,12,0,1,1,3,0,1,0,0,1,Referral,0,0,Other,Cloud Services,0,No Offer
CUST_00261,29,Female,Vadodara,Small,Logistics,3.691844274221007,66,0.4642831337641753,10,15,0,3,7,5,1,1,1,0,2,Cold Call,20,1,Other,AI Solutions,1,AI Solutions
CUST_00262,28,Male,Kolkata,Small,Finance,2.618809904352576,24,0.2086178124736858,6,5,0,4,5,5,1,1,1,0,1,Referral,0,1,Other,AI Solutions,1,AI Solutions
CUST_00263,24,Male,Chennai,Medium,Manufacturing,30.79096069593914,145,3.0895816904083944,4,6,0,4,5,2,1,1,0,0,0,Website,0,1,Other,Data Analytics,1,Data Analytics
CUST_00264,38,Female,Mumbai,Small,Retail,15.450997961667362,66,0.7668257532419357,0,8,0,6,4,3,0,0,1,0,2,Referral,10,0,Other,Cybersecurity,0,No Offer
CUST_00265,54,Other,Vadodara,Large,Real Estate,364.9270717982964,2755,14.000559802947397,2,6,0,3,1,0,1,0,0,0,0,Email Campaign,5,0,Other,Cybersecurity,0,No Offer
CUST_00266,33,Female,Hyderabad,Large,IT,585.5679998514225,2571,79.39993192726729,9,6,1,4,6,5,0,0,1,0,2,Referral,5,1,Other,Cybersecurity,1,Cybersecurity
CUST_00267,43,Female,Vadodara,Medium,Real Estate,20.740571642176512,231,1.4469599977396093,8,6,0,1,5,1,1,0,0,1,2,Referral,10,0,Other,Cybersecurity,0,No Offer
CUST_00268,43,Female,Surat,Large,Manufacturing,305.2961691462478,3238,21.993678894187084,0,15,1,4,2,3,1,0,0,0,4,Referral,0,1,Other,Cybersecurity,1,Cybersecurity
CUST_00269,51,Male,Ahmedabad,Small,Finance,9.427245838629313,43,1.2757188703526887,9,5,0,3,3,2,0,0,1,0,2,Email Campaign,10,1,Other,Cybersecurity,1,Cybersecurity
CUST_00270,59,Male,Kolkata,Small,Manufacturing,22.14254863373987,96,2.54489984078574,3,1,1,2,4,3,0,1,0,0,2,Website,10,0,Other,Cloud Services,0,No Offer
CUST_00271,59,Female,Vadodara,Medium,IT,13.333122656547223,141,1.6099948980369083,4,10,1,1,1,1,1,0,1,0,1,LinkedIn,10,1,Other,Cybersecurity,1,Cybersecurity
CUST_00272,29,Female,Mumbai,Medium,Healthcare,11.816184056800944,191,1.321526965260584,9,7,1,2,8,1,1,0,0,0,4,LinkedIn,5,0,Other,Cybersecurity,0,No Offer
CUST_00273,48,Male,Vadodara,Medium,Manufacturing,24.50333786798072,360,1.0461717101921184,2,7,1,2,5,4,0,1,0,0,1,Website,10,0,Other,Cloud Services,0,No Offer
CUST_00274,48,Female,Chennai,Large,Retail,164.25552432288788,1606,23.810398436093777,2,8,1,0,2,2,0,1,0,0,0,Referral,10,1,Other,Cloud Services,1,Cloud Services
CUST_00275,55,Male,Bangalore,Large,Real Estate,422.5834244319309,2089,58.77981379174002,0,9,0,3,4,2,1,0,1,0,1,Cold Call,15,1,Other,Cybersecurity,1,Cybersecurity
CUST_00276,42,Male,Surat,Medium,IT,26.295717241751383,173,1.5342608366890105,5,7,1,7,4,4,1,0,1,1,2,Referral,15,1,Other,Cybersecurity,1,Cybersecurity
CUST_00277,51,Female,Ahmedabad,Medium,Finance,44.452097061294495,315,5.622270250411994,3,12,0,0,3,3,1,0,0,0,0,LinkedIn,0,0,Other,Cybersecurity,0,No Offer
CUST_00278,54,Male,Hyderabad,Small,Logistics,3.670215697130404,22,0.2904152560215884,7,11,1,0,4,2,0,0,0,0,3,Website,10,0,Other,Cybersecurity,0,No Offer
CUST_00279,49,Male,Kolkata,Small,Logistics,16.875302079240356,74,1.8909119585195369,5,8,1,7,5,1,0,0,0,0,1,Email Campaign,15,0,Other,Cybersecurity,0,No Offer
CUST_00280,54,Male,Kolkata,Medium,IT,15.932141763672776,234,0.7945735092518537,2,7,1,4,7,2,1,0,0,1,0,Cold Call,0,1,Other,Cybersecurity,1,Cybersecurity
CUST_00281,26,Female,Bangalore,Small,Education,10.958799880584344,58,1.0369929873513437,6,7,1,1,4,5,1,0,0,0,0,Website,5,0,Other,Cybersecurity,0,No Offer
CUST_00282,40,Male,Delhi,Small,Healthcare,21.41759339092837,91,0.9679457722044174,2,8,0,6,7,2,1,0,1,0,1,Email Campaign,10,1,Other,Cybersecurity,1,Cybersecurity
CUST_00283,25,Female,Delhi,Small,Finance,5.28219047604576,57,0.4983221656121438,8,9,1,3,6,0,0,1,1,0,0,Referral,15,1,Other,Cloud Services,1,Cloud Services
CUST_00284,56,Female,Hyderabad,Medium,Healthcare,93.11331024633304,428,5.515220059928415,7,12,0,2,4,4,0,0,0,0,0,Website,5,0,Other,Cybersecurity,0,No Offer
CUST_00285,38,Male,Vadodara,Small,Logistics,2.8440741322785064,15,0.2397440259915433,2,5,0,1,10,3,0,1,0,0,4,Website,10,0,Other,Cloud Services,0,No Offer
CUST_00286,49,Other,Chennai,Medium,Healthcare,25.706341706309665,486,2.831716107421291,10,7,0,5,3,3,1,0,0,0,3,Website,0,1,Other,Cybersecurity,1,Cybersecurity
CUST_00287,51,Male,Kolkata,Small,Retail,7.416819877576774,77,1.0031170992926406,1,6,0,3,4,0,0,0,1,1,4,Website,0,1,Other,Cybersecurity,1,Cybersecurity
CUST_00288,50,Female,Vadodara,Small,Real Estate,3.936885900121052,23,0.196193450486611,2,6,1,3,5,3,1,1,1,0,0,Referral,5,1,Other,AI Solutions,1,AI Solutions
CUST_00289,27,Male,Kolkata,Small,Logistics,5.868722648031451,39,0.8051435220536073,3,2,0,2,10,3,1,0,1,0,3,Website,10,0,Other,Cybersecurity,0,No Offer
CUST_00290,56,Female,Kolkata,Small,Manufacturing,14.469614296999708,93,1.1113317481280138,2,6,0,2,5,2,1,1,0,0,0,Website,0,1,Other,Data Analytics,1,Data Analytics
CUST_00291,58,Male,Vadodara,Large,Retail,324.5319479302344,3367,42.59663172588874,8,7,1,3,1,2,1,0,0,0,1,Website,0,1,Other,Cybersecurity,1,Cybersecurity
CUST_00292,45,Male,Bangalore,Small,Retail,11.655043730928696,63,1.0665035203305209,10,4,0,3,3,2,1,1,0,0,1,Website,10,0,Other,Data Analytics,0,No Offer
CUST_00293,50,Male,Delhi,Small,Education,7.746275564051654,75,1.0338568897891265,9,2,0,5,9,0,1,1,0,0,4,LinkedIn,10,0,Other,Data Analytics,0,No Offer
CUST_00294,52,Male,Pune,Medium,Retail,40.41228988143829,316,4.426717299285587,1,4,0,3,4,2,1,0,0,1,0,Email Campaign,5,0,Other,Cybersecurity,0,No Offer
CUST_00295,56,Female,Mumbai,Medium,Finance,40.84845044808503,330,3.719085440897565,7,5,0,7,11,3,1,1,0,1,4,Email Campaign,5,1,Other,Data Analytics,1,Data Analytics
CUST_00296,54,Male,Bangalore,Small,Manufacturing,17.149665411430114,93,1.15768192043507,6,2,0,10,8,1,0,0,0,1,0,LinkedIn,10,0,Other,Cybersecurity,0,No Offer
CUST_00297,42,Female,Surat,Small,Manufacturing,4.6954881112284,69,0.6868047755497982,0,9,1,4,6,5,1,1,0,0,2,Cold Call,5,1,Other,Data Analytics,1,Data Analytics
CUST_00298,53,Male,Chennai,Large,Logistics,202.26060406184223,2220,25.50662340561417,5,10,0,3,5,3,1,0,1,0,3,Referral,0,1,Other,Cybersecurity,1,Cybersecurity
CUST_00299,44,Male,Chennai,Medium,Finance,27.02982424110407,300,2.047305441413212,5,6,0,5,7,2,1,0,0,0,3,Email Campaign,5,1,Other,Cybersecurity,1,Cybersecurity
CUST_00300,54,Female,Mumbai,Small,Retail,1.7204384357554088,24,0.0860336743901854,8,9,0,5,3,2,0,0,1,0,2,Website,0,0,Other,Cybersecurity,0,No Offer
CUST_00301,24,Male,Chennai,Medium,Retail,20.77481203917524,227,2.566608577073913,9,10,0,1,3,1,1,1,0,0,2,Referral,10,0,Other,Data Analytics,0,No Offer
CUST_00302,39,Female,Vadodara,Small,Healthcare,5.313773661124797,31,0.7906539957398172,10,7,0,1,2,2,0,1,1,0,5,LinkedIn,0,1,Other,Cloud Services,1,Cloud Services
CUST_00303,46,Female,Chennai,Small,Logistics,4.7144072201961045,24,0.2992564009754557,7,7,0,2,4,1,0,0,0,0,0,Email Campaign,0,0,Other,Cybersecurity,0,No Offer
CUST_00304,52,Female,Pune,Medium,Logistics,89.7559198711555,493,12.557173500148686,6,8,1,2,3,1,1,1,0,0,3,Website,5,1,Other,Data Analytics,1,Data Analytics
CUST_00305,24,Male,Chennai,Large,Healthcare,284.7088629712944,1963,12.82456401368031,6,5,0,7,4,1,0,0,1,1,2,LinkedIn,15,1,Other,Cybersecurity,1,Cybersecurity
CUST_00306,45,Female,Kolkata,Small,Education,1.875094340795595,31,0.2705100172580065,4,6,1,3,2,2,1,0,0,0,0,Email Campaign,0,1,Other,Cybersecurity,1,Cybersecurity
CUST_00307,53,Female,Bangalore,Large,IT,487.4716267089077,2016,58.22393745303542,1,5,0,1,4,1,1,0,0,1,0,Referral,10,0,Other,Cybersecurity,0,No Offer
CUST_00308,43,Female,Vadodara,Small,Healthcare,4.766071653547408,57,0.3412104452288408,9,7,1,5,8,3,1,0,1,0,0,Email Campaign,10,1,Other,Cybersecurity,1,Cybersecurity
CUST_00309,44,Male,Delhi,Small,Manufacturing,15.062110474653004,82,1.0024710936220784,4,10,0,4,6,1,0,0,1,0,2,Website,15,1,Other,Cybersecurity,0,No Offer
CUST_00310,23,Female,Chennai,Small,Real Estate,13.954687385785334,60,1.4961133276358545,0,6,0,5,2,1,0,0,1,0,1,Email Campaign,5,1,Other,Cybersecurity,1,Cybersecurity
CUST_00311,48,Female,Hyderabad,Small,Finance,4.928440899101141,26,0.4988610106481783,10,7,0,6,4,4,0,0,0,0,1,Cold Call,10,1,Other,Cybersecurity,1,Cybersecurity
CUST_00312,23,Female,Hyderabad,Large,Retail,270.71991188528887,2892,37.97453289934212,9,8,0,3,2,3,1,0,0,1,2,Referral,10,1,Other,Cybersecurity,1,Cybersecurity
CUST_00313,47,Male,Hyderabad,Medium,IT,13.23963339107814,117,1.6145623839756258,5,7,1,4,7,2,1,1,0,1,3,Email Campaign,0,1,Other,Data Analytics,1,Data Analytics
CUST_00314,38,Male,Chennai,Small,Healthcare,2.577893976502076,46,0.2444972213096587,1,5,0,2,10,3,1,0,1,1,2,LinkedIn,0,0,Other,Cybersecurity,0,No Offer
CUST_00315,54,Female,Surat,Large,Logistics,175.13992289094907,1015,24.74865488865751,0,8,0,6,7,0,1,0,0,0,2,Cold Call,15,0,Other,Cybersecurity,0,No Offer
CUST_00316,30,Male,Kolkata,Large,IT,614.7961995800281,3562,62.17291072960088,0,8,1,3,8,4,0,1,1,1,3,Referral,0,1,Other,Cloud Services,1,Cloud Services
CUST_00317,60,Female,Ahmedabad,Medium,Finance,95.59905697488516,490,12.615459991049075,0,9,0,2,1,1,1,0,0,1,2,LinkedIn,0,0,Other,Cybersecurity,0,No Offer
CUST_00318,50,Male,Chennai,Large,Real Estate,101.68415430178209,1948,13.311789716437657,3,6,0,1,2,1,1,0,1,0,3,Website,10,0,Other,Cybersecurity,0,No Offer
CUST_00319,47,Male,Surat,Small,Finance,20.07541622989997,94,2.816648813672536,4,2,0,2,8,3,1,0,0,0,3,Website,10,1,Other,Cybersecurity,1,Cybersecurity
CUST_00320,56,Male,Ahmedabad,Large,Logistics,170.65151124729317,863,6.503911993558713,4,8,1,3,4,2,1,1,0,0,1,Email Campaign,10,0,Other,Data Analytics,0,No Offer
CUST_00321,46,Male,Mumbai,Medium,IT,17.355365462869546,222,1.7365494080813833,10,3,0,3,8,2,1,0,0,0,1,Email Campaign,10,0,Other,Cybersecurity,0,No Offer
CUST_00322,45,Female,Pune,Large,IT,429.5740067425418,3594,37.03233405642053,0,8,1,4,5,2,1,0,0,0,1,LinkedIn,0,1,Other,Cybersecurity,1,Cybersecurity
CUST_00323,34,Female,Kolkata,Medium,Education,77.65707563982856,437,6.9010027064658,10,7,0,1,11,1,0,1,0,0,1,Referral,10,1,Other,Cloud Services,0,No Offer
CUST_00324,28,Female,Chennai,Small,IT,12.678546873985574,85,1.080076183720576,5,7,0,1,3,0,0,0,0,0,2,Website,0,0,Other,Cybersecurity,0,No Offer
CUST_00325,57,Male,Bangalore,Medium,Retail,25.191504209187112,345,3.287390602072041,2,12,0,0,6,3,0,1,0,0,0,Email Campaign,5,0,Other,Cloud Services,0,No Offer
CUST_00326,41,Female,Vadodara,Small,Real Estate,6.342093052567891,94,0.4326065195470805,3,5,0,1,4,5,0,0,0,0,1,Referral,0,0,Other,Cybersecurity,0,No Offer
CUST_00327,22,Female,Bangalore,Small,Real Estate,19.185087163410504,93,1.6409029952258891,4,5,0,1,4,0,1,1,0,0,1,Website,10,0,Other,Data Analytics,0,No Offer
CUST_00328,29,Female,Bangalore,Small,Real Estate,1.2179013540534296,15,0.065866425509697,3,6,1,4,7,1,0,1,0,0,1,Referral,0,1,Other,Cloud Services,1,Cloud Services
CUST_00329,37,Male,Mumbai,Large,Manufacturing,123.92640906597823,1468,7.461112629634435,3,17,1,2,6,3,0,0,1,0,2,LinkedIn,10,1,Other,Cybersecurity,1,Cybersecurity
CUST_00330,35,Female,Vadodara,Small,Healthcare,15.565293005137312,72,1.700514642601073,9,9,0,2,6,1,1,0,0,0,1,LinkedIn,15,1,Other,Cybersecurity,1,Cybersecurity
CUST_00331,33,Female,Mumbai,Medium,Logistics,67.76417527666887,393,2.983813348191216,0,6,0,4,5,1,1,1,1,0,0,Referral,10,1,Other,AI Solutions,1,AI Solutions
CUST_00332,44,Other,Ahmedabad,Small,Healthcare,8.547156081539725,50,0.4490557625368671,1,8,0,2,3,1,0,1,0,0,4,Email Campaign,10,1,Other,Cloud Services,1,Cloud Services
CUST_00333,36,Male,Mumbai,Large,Real Estate,583.476617090672,4000,54.47579673579615,1,11,1,2,5,2,0,0,0,0,3,Email Campaign,10,1,Other,Cybersecurity,1,Cybersecurity
CUST_00334,49,Female,Hyderabad,Small,Healthcare,1.80178903168504,11,0.0635180423506392,1,4,0,8,3,1,1,1,0,0,1,Referral,0,1,Other,Data Analytics,1,Data Analytics
CUST_00335,55,Female,Pune,Medium,IT,62.00883345906785,364,2.8047364239942265,9,7,0,3,6,1,1,0,1,0,0,Cold Call,5,0,Other,Cybersecurity,0,No Offer
CUST_00336,23,Male,Hyderabad,Large,Logistics,1071.9306519093193,4401,143.21245700061402,0,10,1,5,6,0,1,1,0,0,2,Website,0,1,Other,Data Analytics,1,Data Analytics
CUST_00337,53,Male,Chennai,Small,IT,1.2297305994157062,13,0.1617558263218401,9,12,0,2,8,1,1,0,0,0,0,Email Campaign,5,1,Other,Cybersecurity,1,Cybersecurity
CUST_00338,44,Male,Ahmedabad,Small,Education,5.203099100645142,56,0.3732345977468531,7,7,0,2,7,3,1,1,0,0,3,LinkedIn,10,1,Other,Data Analytics,1,Data Analytics
CUST_00339,43,Male,Surat,Medium,IT,13.640500854116016,222,0.9788281256707404,0,6,1,1,6,0,0,0,1,0,1,LinkedIn,0,0,Other,Cybersecurity,0,No Offer
CUST_00340,46,Male,Ahmedabad,Large,Education,117.88420408545004,649,16.784571524589268,7,10,0,4,2,4,0,0,0,0,0,Email Campaign,10,0,Other,Cybersecurity,0,No Offer
CUST_00341,43,Female,Surat,Medium,Education,68.87743598687898,431,2.279907647877727,0,4,0,4,6,4,1,0,0,0,0,Website,10,0,Other,Cybersecurity,0,No Offer
CUST_00342,43,Female,Pune,Small,Retail,6.2133143061622045,86,0.6190664387754001,9,7,0,8,4,3,1,1,0,0,1,LinkedIn,5,0,Other,Data Analytics,0,No Offer
CUST_00343,27,Female,Mumbai,Large,Retail,181.5348014339125,1477,18.459705660375192,2,10,0,5,3,7,1,0,1,0,0,Referral,10,1,Other,Cybersecurity,1,Cybersecurity
CUST_00344,36,Female,Mumbai,Small,Retail,4.629562617577001,54,0.5765955800989018,8,5,0,7,6,0,0,1,0,1,0,Website,0,1,Other,Cloud Services,1,Cloud Services
CUST_00345,58,Male,Vadodara,Medium,Real Estate,29.19038336812325,251,4.2095469923641895,7,10,0,1,6,1,1,0,1,0,3,Website,5,1,Other,Cybersecurity,1,Cybersecurity
CUST_00346,54,Male,Chennai,Large,Retail,1116.9354247031083,4649,81.20043518773402,1,4,0,7,6,3,0,0,1,0,2,Website,0,1,Other,Cybersecurity,1,Cybersecurity
CUST_00347,29,Female,Bangalore,Small,Finance,12.133144905446876,65,1.001469984511021,3,7,1,2,7,2,1,0,0,0,2,Email Campaign,5,0,Other,Cybersecurity,0,No Offer
CUST_00348,26,Male,Delhi,Medium,Retail,23.69635727315306,460,2.6197701539543,7,10,1,2,5,1,0,0,0,0,3,Cold Call,0,0,Other,Cybersecurity,0,No Offer
CUST_00349,60,Male,Ahmedabad,Medium,Retail,12.562701844603092,125,1.835066454648742,8,12,1,3,4,4,0,1,0,0,1,Website,0,0,Other,Cloud Services,0,No Offer
CUST_00350,25,Male,Ahmedabad,Large,Retail,41.553702913613535,798,5.688497586395648,6,13,0,5,2,0,1,0,0,0,1,Referral,10,1,Other,Cybersecurity,1,Cybersecurity
CUST_00351,27,Male,Chennai,Small,Education,7.140026890888239,37,0.7857339724461525,0,6,0,3,5,0,1,0,1,0,2,Email Campaign,5,1,Other,Cybersecurity,0,No Offer
CUST_00352,53,Female,Hyderabad,Small,Healthcare,7.6258711017880705,53,1.0127677563448472,7,8,1,0,5,2,0,1,1,0,3,Website,15,0,Other,Cloud Services,1,Cloud Services
CUST_00353,51,Male,Kolkata,Large,Logistics,968.095345969958,3891,38.941181939340936,0,8,0,6,5,2,0,0,1,0,1,Referral,0,1,Other,Cybersecurity,1,Cybersecurity
CUST_00354,56,Male,Chennai,Small,Healthcare,10.425982566840178,53,0.7846097488043031,8,11,0,3,9,4,1,0,0,0,1,Website,5,1,Other,Cybersecurity,1,Cybersecurity
CUST_00355,37,Male,Delhi,Small,Healthcare,14.283180734366605,93,0.4509357199106644,7,9,1,4,4,4,0,0,0,1,1,Referral,0,0,Other,Cybersecurity,0,No Offer
CUST_00356,34,Female,Mumbai,Large,Manufacturing,549.5015280964385,2605,28.187597777183647,3,13,0,2,3,4,1,1,1,1,1,Referral,20,1,Other,Advanced IT Solutions,1,Advanced IT Solutions
CUST_00357,51,Male,Surat,Small,Finance,8.211311400613054,43,0.8675998425683262,9,9,0,4,4,0,1,0,0,0,1,Website,20,0,Other,Cybersecurity,0,No Offer
CUST_00358,40,Female,Hyderabad,Large,Education,397.19355729038807,4022,54.12453130238691,10,6,0,1,1,6,0,0,1,0,1,Website,10,0,Other,Cybersecurity,0,No Offer
CUST_00359,38,Male,Hyderabad,Small,IT,12.015977432343757,77,1.2728961939094607,3,11,0,3,5,0,1,0,0,0,0,Website,0,0,Other,Cybersecurity,0,No Offer
CUST_00360,40,Male,Vadodara,Small,Education,6.125590308738938,38,0.6719562634968762,3,10,1,2,4,2,1,1,0,0,1,Website,5,1,Other,Data Analytics,1,Data Analytics
CUST_00361,49,Male,Pune,Medium,Retail,60.02543340082798,428,2.548595424249623,5,3,0,4,5,3,1,0,0,0,0,Cold Call,15,0,Other,Cybersecurity,0,No Offer
CUST_00362,47,Male,Delhi,Medium,Healthcare,33.13367048443394,386,3.637522325418168,1,12,0,3,2,0,1,0,0,0,1,Website,10,1,Other,Cybersecurity,1,Cybersecurity
CUST_00363,58,Male,Hyderabad,Medium,Education,44.87538609716769,474,3.792939706585811,3,9,1,4,1,1,0,0,0,0,3,Website,10,1,Other,Cybersecurity,1,Cybersecurity
CUST_00364,47,Male,Delhi,Medium,Finance,18.480449553267466,174,1.9990824870040351,3,9,0,3,6,0,0,0,1,0,1,Referral,20,1,Other,Cybersecurity,1,Cybersecurity
CUST_00365,44,Female,Chennai,Large,Retail,226.3178778992512,4348,15.6477930541684,7,4,1,6,3,4,1,0,0,0,0,Email Campaign,0,1,Other,Cybersecurity,1,Cybersecurity
CUST_00366,30,Male,Surat,Small,Manufacturing,13.536549149166309,58,1.3506540379397198,1,11,0,2,7,5,0,0,0,0,4,Referral,15,0,Other,Cybersecurity,0,No Offer
CUST_00367,33,Female,Surat,Small,IT,16.47528945186923,88,1.332658413109021,7,9,0,1,5,2,0,0,0,0,0,Referral,15,0,Other,Cybersecurity,0,No Offer
CUST_00368,22,Male,Ahmedabad,Small,Retail,8.644479305217132,46,0.8388295549368122,9,10,0,0,5,3,0,0,0,1,2,Website,5,0,Other,Cybersecurity,0,No Offer
CUST_00369,22,Male,Mumbai,Medium,Logistics,36.51147925312499,222,1.7397990852158265,10,8,1,5,6,0,1,0,1,0,1,Referral,5,1,Other,Cybersecurity,1,Cybersecurity
CUST_00370,55,Male,Ahmedabad,Small,IT,11.0838675363005,59,0.8589884554973578,1,11,0,2,5,0,1,0,0,1,1,Email Campaign,0,0,Other,Cybersecurity,0,No Offer
CUST_00371,53,Female,Hyderabad,Small,Education,15.767840638382548,64,1.1812231657883416,8,6,0,2,4,1,0,1,0,0,1,Email Campaign,0,0,Other,Cloud Services,0,No Offer
CUST_00372,46,Male,Pune,Medium,Retail,45.09638397204903,355,5.337939126154114,8,8,0,1,3,5,0,1,1,0,1,Referral,5,0,Other,Cloud Services,0,No Offer
CUST_00373,22,Male,Ahmedabad,Small,Manufacturing,18.0954810332794,94,2.076802826406852,5,6,0,4,5,0,1,0,0,0,2,Email Campaign,5,0,Other,Cybersecurity,0,No Offer
CUST_00374,37,Male,Ahmedabad,Small,Education,3.4133624245141583,28,0.4746725627740597,9,9,0,2,5,3,0,0,1,1,2,Referral,10,0,Other,Cybersecurity,1,Cybersecurity
CUST_00375,60,Male,Ahmedabad,Medium,Finance,30.699228605161768,139,3.249411152395589,4,7,0,2,2,0,0,0,0,0,1,Referral,15,0,Other,Cybersecurity,0,No Offer
CUST_00376,26,Male,Delhi,Small,IT,2.880874377914091,13,0.195166723361635,6,6,0,2,2,1,1,0,0,0,1,Website,0,0,Other,Cybersecurity,0,No Offer
CUST_00377,43,Female,Chennai,Large,IT,1094.422650867226,4749,135.69413698552898,7,5,1,3,6,0,0,0,0,0,1,Website,10,1,Other,Cybersecurity,1,Cybersecurity
CUST_00378,50,Male,Pune,Medium,Finance,20.18160261510839,395,1.8090731515461644,7,6,0,0,8,1,1,0,0,0,3,Referral,10,1,Other,Cybersecurity,1,Cybersecurity
CUST_00379,24,Male,Surat,Small,Real Estate,4.495169848967977,41,0.2392292770370206,2,4,0,1,5,6,0,0,0,0,0,Email Campaign,10,0,Other,Cybersecurity,0,No Offer
CUST_00380,33,Female,Vadodara,Medium,Real Estate,29.178250691321303,380,3.4923266238297326,2,7,0,2,3,1,0,1,0,0,1,Website,15,0,Other,Cloud Services,0,No Offer
CUST_00381,47,Male,Delhi,Small,Logistics,2.9567420311386585,21,0.1357255987143814,4,11,1,3,2,2,0,0,0,1,0,Cold Call,5,1,Other,Cybersecurity,1,Cybersecurity
CUST_00382,37,Male,Hyderabad,Medium,Real Estate,28.476176350349174,191,1.463060371866509,4,6,1,4,9,2,1,0,1,0,3,Website,5,0,Other,Cybersecurity,0,No Offer
CUST_00383,58,Male,Pune,Large,IT,188.80338878402745,1866,22.85478452934404,1,6,0,0,3,3,0,0,1,0,2,Website,0,1,Other,Cybersecurity,1,Cybersecurity
CUST_00384,43,Female,Surat,Medium,Real Estate,43.221024246801136,222,5.291003826924079,4,12,0,2,5,1,1,0,0,0,1,Website,5,1,Other,Cybersecurity,1,Cybersecurity
CUST_00385,50,Male,Pune,Medium,Education,45.32391933887813,436,5.6606743532036985,0,3,1,3,6,3,0,1,0,0,0,Referral,0,1,Other,Cloud Services,1,Cloud Services
CUST_00386,35,Male,Kolkata,Small,Healthcare,13.90903132857032,63,0.9068551412540434,10,8,0,3,4,0,1,1,0,0,1,LinkedIn,0,0,Other,Data Analytics,0,No Offer
CUST_00387,49,Male,Kolkata,Small,Logistics,6.158294901241731,72,0.8251529814625791,6,8,1,4,2,2,0,1,0,0,1,LinkedIn,0,1,Other,Cloud Services,1,Cloud Services
CUST_00388,26,Female,Ahmedabad,Large,Finance,364.6626121473296,2954,42.56348438548841,10,7,0,2,4,3,0,0,0,0,2,LinkedIn,15,1,Other,Cybersecurity,1,Cybersecurity
CUST_00389,51,Male,Ahmedabad,Small,Manufacturing,11.687985962885689,67,1.5203275040473958,6,7,1,3,4,4,1,0,0,0,2,Website,10,1,Other,Cybersecurity,1,Cybersecurity
CUST_00390,26,Female,Kolkata,Small,Logistics,5.132010422779521,30,0.5903488006865585,0,7,0,2,8,2,1,0,0,0,2,Email Campaign,10,0,Other,Cybersecurity,0,No Offer
CUST_00391,33,Female,Vadodara,Small,Retail,0.8528756912133731,13,0.0849051183817742,2,13,0,3,8,2,1,1,0,0,2,Referral,15,0,Other,Data Analytics,0,No Offer
CUST_00392,37,Female,Surat,Medium,Real Estate,98.44402337474716,449,4.24563207523136,7,11,0,2,8,1,1,0,0,0,1,Referral,5,0,Other,Cybersecurity,0,No Offer
CUST_00393,47,Male,Hyderabad,Small,Retail,9.328714267727529,55,1.075715922097463,10,11,0,2,4,2,1,1,0,0,2,Email Campaign,15,1,Other,Data Analytics,1,Data Analytics
CUST_00394,47,Male,Mumbai,Large,Finance,358.8029994057768,1602,40.492817646945504,8,4,0,2,7,1,0,0,1,0,2,Cold Call,0,0,Other,Cybersecurity,1,Cybersecurity
CUST_00395,42,Male,Mumbai,Small,Real Estate,4.694069428557048,21,0.316844691911551,2,7,1,2,3,1,0,0,0,1,1,Referral,15,1,Other,Cybersecurity,1,Cybersecurity
CUST_00396,60,Male,Delhi,Small,Healthcare,6.208165784925242,39,0.7344159072356312,5,9,0,2,6,5,1,0,1,0,0,LinkedIn,10,0,Other,Cybersecurity,0,No Offer
CUST_00397,57,Male,Vadodara,Medium,Education,65.46807419236511,282,6.288506170999035,5,10,0,1,5,4,0,1,0,0,1,Email Campaign,20,0,Other,Cloud Services,0,No Offer
CUST_00398,54,Female,Vadodara,Small,Manufacturing,17.5745247810153,80,1.7069915996627552,5,5,0,4,2,0,1,1,0,0,1,Website,10,0,Other,Data Analytics,0,No Offer
CUST_00399,51,Male,Hyderabad,Medium,Retail,36.72693751467784,152,2.721927413584265,4,10,0,4,5,1,1,1,1,0,1,Referral,0,1,Other,AI Solutions,1,AI Solutions
CUST_00400,58,Male,Pune,Small,Retail,16.287376298679213,74,0.7168759186840098,5,10,1,2,6,0,0,0,1,0,2,Referral,5,1,Other,Cybersecurity,1,Cybersecurity
CUST_00401,44,Female,Mumbai,Small,Education,4.927537714605288,23,0.2760969103388576,5,11,0,2,5,3,1,0,0,0,1,Email Campaign,5,0,Other,Cybersecurity,0,No Offer
CUST_00402,31,Female,Pune,Small,Healthcare,7.625221095175263,53,0.9322579938540482,9,10,1,4,2,1,1,1,1,0,4,Cold Call,0,1,Other,AI Solutions,1,AI Solutions
CUST_00403,26,Male,Pune,Large,IT,415.7355481280594,4499,26.013814657508565,5,3,0,4,1,4,1,1,0,0,3,Cold Call,10,1,Other,Data Analytics,1,Data Analytics
CUST_00404,57,Female,Vadodara,Medium,Logistics,114.678022827858,494,3.4713457828195398,7,4,0,4,1,2,0,1,0,0,2,Email Campaign,10,0,Other,Cloud Services,0,No Offer
CUST_00405,55,Male,Pune,Medium,Finance,58.15844134947534,299,8.70295074583839,10,1,0,2,4,0,1,1,0,0,0,LinkedIn,15,1,Other,Data Analytics,1,Data Analytics
CUST_00406,52,Female,Mumbai,Small,Healthcare,4.3603324864278665,41,0.2410473252213517,5,8,0,3,3,1,1,0,1,0,2,Website,0,1,Other,Cybersecurity,1,Cybersecurity
CUST_00407,31,Female,Surat,Medium,Healthcare,13.35650333427752,113,1.4511303656023316,2,17,0,3,11,1,0,1,0,0,2,LinkedIn,10,1,Other,Cloud Services,1,Cloud Services
CUST_00408,40,Female,Bangalore,Medium,Healthcare,58.41129913989057,312,8.249465192825955,6,5,1,2,7,0,0,1,0,0,5,LinkedIn,10,0,Other,Cloud Services,0,No Offer
CUST_00409,53,Female,Pune,Large,Healthcare,662.0226236784991,4548,67.50348647464696,5,7,0,5,5,2,0,0,0,0,0,Email Campaign,10,1,Other,Cybersecurity,1,Cybersecurity
CUST_00410,22,Male,Hyderabad,Medium,IT,24.927488650846893,376,3.137963850229049,10,6,0,2,4,3,1,0,1,0,3,LinkedIn,15,1,Other,Cybersecurity,1,Cybersecurity
CUST_00411,26,Male,Chennai,Medium,Education,10.412515356834476,133,1.532353714312431,8,8,0,1,7,2,1,0,0,0,2,LinkedIn,10,1,Other,Cybersecurity,1,Cybersecurity
CUST_00412,25,Female,Ahmedabad,Small,Manufacturing,7.7660597313960285,39,1.0347778427193894,3,9,1,3,8,4,1,0,0,0,2,Website,0,1,Other,Cybersecurity,1,Cybersecurity
CUST_00413,37,Male,Hyderabad,Medium,Logistics,42.69843120195912,369,4.13954845778574,0,7,0,2,8,4,1,0,0,0,1,Website,5,0,Other,Cybersecurity,0,No Offer
CUST_00414,45,Female,Kolkata,Medium,Healthcare,40.45847947666889,267,2.979538490121676,5,8,0,0,9,1,1,0,0,0,2,Website,15,1,Other,Cybersecurity,1,Cybersecurity
CUST_00415,37,Male,Mumbai,Large,Logistics,170.1824354596402,837,14.958310061559176,8,10,0,1,5,4,1,0,0,0,1,Website,5,0,Other,Cybersecurity,1,Cybersecurity
CUST_00416,23,Male,Chennai,Small,Healthcare,11.01293153076658,55,1.442904820053804,7,7,0,4,6,3,0,0,0,1,1,Cold Call,5,1,Other,Cybersecurity,0,No Offer
CUST_00417,49,Male,Ahmedabad,Small,Finance,7.67307649472584,92,1.0159349189393123,1,12,0,4,5,2,0,1,0,1,1,Referral,10,0,Other,Cloud Services,0,No Offer
CUST_00418,53,Male,Hyderabad,Small,Retail,3.623296189749967,52,0.4764728357639766,2,9,1,4,9,4,1,1,0,0,2,LinkedIn,0,1,Other,Data Analytics,1,Data Analytics
CUST_00419,48,Female,Chennai,Small,IT,10.766749349953152,64,1.094622334508775,7,8,0,5,5,2,1,1,1,0,1,Email Campaign,10,1,Other,AI Solutions,1,AI Solutions
CUST_00420,41,Female,Bangalore,Small,Healthcare,10.709635038457389,54,0.9342519081877056,10,9,0,2,5,2,1,0,1,1,0,Website,10,1,Other,Cybersecurity,1,Cybersecurity
CUST_00421,45,Female,Mumbai,Large,Real Estate,350.037819574374,4386,23.57874590398117,8,4,1,4,7,1,0,1,0,0,3,Website,10,1,Other,Cloud Services,1,Cloud Services
CUST_00422,33,Female,Surat,Medium,Manufacturing,43.66126117037469,351,1.327446536213723,7,9,0,1,5,1,1,1,1,1,1,Website,15,1,Other,Advanced IT Solutions,1,Advanced IT Solutions
CUST_00423,56,Female,Delhi,Large,Manufacturing,568.2049995547874,2536,69.17227234534653,9,6,0,4,4,4,1,1,1,1,4,Cold Call,15,1,Other,Advanced IT Solutions,1,Advanced IT Solutions
CUST_00424,54,Female,Vadodara,Large,Manufacturing,535.2508120473359,2241,33.84915087900864,0,9,0,1,2,2,0,0,0,0,2,Email Campaign,15,1,Other,Cybersecurity,1,Cybersecurity
CUST_00425,54,Male,Bangalore,Small,Real Estate,2.3938371872289266,17,0.1665185403105624,2,10,1,1,3,3,0,0,0,1,2,Email Campaign,0,0,Other,Cybersecurity,0,No Offer
CUST_00426,58,Female,Kolkata,Medium,Finance,31.50172329334764,478,4.133585156592291,10,11,1,2,3,1,0,1,0,0,1,LinkedIn,10,1,Other,Cloud Services,1,Cloud Services
CUST_00427,33,Male,Vadodara,Small,Manufacturing,7.209289678073759,71,0.261481937667595,7,7,1,3,3,5,0,0,0,0,2,Cold Call,10,0,Other,Cybersecurity,0,No Offer
CUST_00428,24,Male,Surat,Large,Education,198.30744928155784,2053,28.023706098411274,0,9,0,3,5,0,1,1,1,0,1,Website,0,1,Other,AI Solutions,1,AI Solutions
CUST_00429,22,Female,Bangalore,Small,Finance,2.8359895791381304,29,0.0855431751153277,6,4,0,7,3,1,0,0,0,0,2,LinkedIn,10,1,Other,Cybersecurity,1,Cybersecurity
CUST_00430,54,Male,Ahmedabad,Small,IT,4.016961209047951,27,0.5732215446301853,3,3,1,5,4,3,0,1,0,1,1,Referral,20,0,Other,Cloud Services,1,Cloud Services
CUST_00431,31,Male,Chennai,Small,Manufacturing,2.499676955074713,15,0.2114002270865332,6,8,1,2,3,2,1,0,0,1,1,Email Campaign,10,0,Other,Cybersecurity,0,No Offer
CUST_00432,50,Male,Mumbai,Medium,Retail,24.809138606083696,333,1.0483030816475454,3,9,0,7,4,0,0,0,0,0,1,Website,5,0,Other,Cybersecurity,0,No Offer
CUST_00433,34,Male,Chennai,Small,Healthcare,8.659105649615343,38,0.9602893099481286,7,8,0,3,3,2,1,1,0,0,1,Referral,0,1,Other,Data Analytics,1,Data Analytics
CUST_00434,33,Female,Pune,Small,IT,2.261931940530899,13,0.3110219098321684,5,10,0,1,6,2,1,1,0,0,1,Website,15,0,Other,Data Analytics,0,No Offer
CUST_00435,52,Male,Hyderabad,Medium,Education,65.23838323063642,385,5.386650973930624,9,7,0,4,5,1,1,0,0,1,2,Email Campaign,0,1,Other,Cybersecurity,1,Cybersecurity
CUST_00436,23,Male,Kolkata,Large,Retail,1154.8762170918908,4667,130.45822261637844,9,4,0,4,3,4,1,1,1,0,1,Email Campaign,10,1,Other,AI Solutions,1,AI Solutions
CUST_00437,56,Male,Pune,Small,IT,16.333477981372134,93,2.40957227055979,7,7,0,3,5,4,0,0,0,1,0,LinkedIn,0,0,Other,Cybersecurity,0,No Offer
CUST_00438,44,Male,Pune,Medium,Education,24.758142135324885,105,1.4578608887289093,0,10,0,4,9,2,0,0,0,0,0,Referral,15,0,Other,Cybersecurity,0,No Offer
CUST_00439,38,Female,Kolkata,Large,Manufacturing,248.50148099152756,2317,31.92099304462372,8,10,1,2,3,1,1,1,0,0,1,Email Campaign,15,1,Other,Data Analytics,1,Data Analytics
CUST_00440,47,Male,Hyderabad,Small,IT,4.11708771891058,42,0.2693746808145079,10,8,0,2,9,2,1,1,0,0,1,Referral,10,1,Other,Data Analytics,1,Data Analytics
CUST_00441,29,Male,Ahmedabad,Large,IT,587.4599215822608,3832,47.67854801440245,8,8,1,2,7,2,0,0,0,0,1,LinkedIn,0,1,Other,Cybersecurity,1,Cybersecurity
CUST_00442,50,Female,Hyderabad,Small,IT,14.413570005096656,95,0.919757348628755,5,7,0,7,5,2,1,0,1,0,2,Email Campaign,5,1,Other,Cybersecurity,1,Cybersecurity
CUST_00443,47,Female,Mumbai,Medium,Finance,47.45777148859613,498,3.96373998126778,8,6,0,3,5,2,1,0,1,0,1,Website,5,1,Other,Cybersecurity,1,Cybersecurity
CUST_00444,31,Female,Chennai,Medium,Real Estate,83.56969780719541,440,2.5581256024753727,5,9,0,4,2,2,0,0,1,0,1,Website,10,1,Other,Cybersecurity,0,No Offer
CUST_00445,47,Female,Ahmedabad,Medium,Retail,17.281370028827645,309,1.1477017810850727,5,15,0,1,5,2,1,1,1,0,4,Website,15,1,Other,AI Solutions,1,AI Solutions
CUST_00446,55,Male,Delhi,Large,Logistics,503.61355500297697,2677,42.019141837455614,3,10,1,3,5,3,0,1,0,0,1,Referral,15,0,Other,Cloud Services,0,No Offer
CUST_00447,28,Male,Chennai,Small,Education,8.344699056254942,59,0.8834434594034936,2,11,0,4,2,5,0,1,0,0,0,Website,0,0,Other,Cloud Services,0,No Offer
CUST_00448,25,Male,Ahmedabad,Small,Real Estate,14.085112662676186,75,1.49983022006661,2,8,0,2,8,4,1,1,1,0,1,Referral,5,1,Other,AI Solutions,1,AI Solutions
CUST_00449,32,Female,Hyderabad,Medium,Manufacturing,39.69860243302693,273,3.972014853844269,1,5,0,1,11,2,0,0,1,0,3,Website,15,0,Other,Cybersecurity,0,No Offer
CUST_00450,50,Male,Kolkata,Large,Healthcare,1195.177637773116,4869,77.88233991932816,3,7,0,7,8,2,0,0,0,1,0,Referral,10,1,Other,Cybersecurity,1,Cybersecurity
CUST_00451,57,Male,Hyderabad,Small,Manufacturing,10.407392129635497,89,1.4954227504393505,8,8,1,3,8,3,0,1,0,0,1,Email Campaign,0,1,Other,Cloud Services,1,Cloud Services
CUST_00452,46,Male,Delhi,Large,Manufacturing,188.09063018656445,763,14.48982104498653,6,8,0,2,5,2,1,1,0,0,1,Referral,10,1,Other,Data Analytics,1,Data Analytics
CUST_00453,42,Male,Ahmedabad,Small,Finance,5.606536176125762,89,0.3141189326364856,2,11,0,5,6,1,1,0,1,1,2,LinkedIn,10,1,Other,Cybersecurity,1,Cybersecurity
CUST_00454,57,Male,Mumbai,Small,Finance,3.7350430990302255,20,0.3605868604064924,7,4,1,10,6,3,0,1,0,0,0,LinkedIn,15,1,Other,Cloud Services,1,Cloud Services
CUST_00455,31,Female,Hyderabad,Medium,IT,23.802609189330028,169,2.8532530484631184,8,8,0,2,10,4,0,0,0,0,2,Website,0,0,Other,Cybersecurity,0,No Offer
CUST_00456,58,Male,Ahmedabad,Small,Real Estate,6.861680803390081,32,0.2159235687166726,0,9,1,2,6,2,1,0,0,0,3,Referral,20,1,Other,Cybersecurity,1,Cybersecurity
CUST_00457,30,Female,Chennai,Medium,Manufacturing,91.48621413509584,440,5.778386468317623,0,5,0,4,6,3,0,0,1,0,1,Cold Call,15,0,Other,Cybersecurity,0,No Offer
CUST_00458,45,Female,Delhi,Small,Retail,2.940588512052625,14,0.3793281028879977,8,8,0,3,3,1,1,0,0,1,0,Cold Call,5,1,Other,Cybersecurity,0,No Offer
CUST_00459,56,Male,Mumbai,Small,Finance,5.033183549816789,73,0.4572271336911254,8,8,0,5,2,0,1,1,1,0,2,LinkedIn,20,0,Other,AI Solutions,0,No Offer
CUST_00460,56,Male,Ahmedabad,Medium,Education,46.5406713739802,217,3.677578534447578,6,7,0,1,3,0,1,0,0,1,2,Website,15,1,Other,Cybersecurity,1,Cybersecurity
CUST_00461,57,Male,Bangalore,Medium,Real Estate,44.176622988646045,476,6.2601876737900986,2,9,0,2,6,1,0,0,0,0,2,Email Campaign,10,0,Other,Cybersecurity,0,No Offer
CUST_00462,39,Male,Hyderabad,Small,Finance,3.473571324623838,63,0.1415279252483114,3,8,1,2,13,1,1,0,0,1,2,Referral,10,1,Other,Cybersecurity,1,Cybersecurity
CUST_00463,60,Female,Delhi,Small,Retail,1.1225729272425875,12,0.1165998808825373,6,11,0,2,2,3,0,1,0,0,1,Referral,15,1,Other,Cloud Services,1,Cloud Services
CUST_00464,53,Male,Mumbai,Small,Finance,2.1878553140994983,15,0.1554747875740449,8,4,0,7,3,5,0,1,0,0,1,Website,5,1,Other,Cloud Services,1,Cloud Services
CUST_00465,45,Male,Mumbai,Medium,Logistics,42.46236620420929,214,1.6347504750231727,7,9,0,2,8,0,0,0,1,0,3,Website,5,1,Other,Cybersecurity,1,Cybersecurity
CUST_00466,44,Male,Pune,Large,Retail,369.0949419039556,3938,20.53989029567869,7,8,1,3,10,1,0,1,0,0,2,Cold Call,5,1,Other,Cloud Services,1,Cloud Services
CUST_00467,53,Female,Vadodara,Large,Real Estate,78.11922434902641,1076,8.23001539573906,0,4,0,3,2,6,0,1,0,0,2,Referral,15,0,Other,Cloud Services,0,No Offer
CUST_00468,58,Female,Delhi,Small,Logistics,16.306604041435747,91,0.544530212907729,5,10,1,3,2,4,0,0,0,0,1,Website,0,1,Other,Cybersecurity,1,Cybersecurity
CUST_00469,33,Female,Mumbai,Small,Logistics,11.598641541784168,47,1.1722730518432114,5,5,1,2,5,2,1,0,1,0,0,Email Campaign,0,1,Other,Cybersecurity,0,No Offer
CUST_00470,34,Female,Ahmedabad,Large,Healthcare,281.12754780908824,1652,40.71346793870232,4,7,0,1,9,1,1,0,0,0,1,Website,5,1,Other,Cybersecurity,1,Cybersecurity
CUST_00471,44,Male,Pune,Medium,Retail,90.3415069558485,480,11.329866382578423,10,10,0,4,6,3,1,0,1,0,0,Referral,15,1,Other,Cybersecurity,1,Cybersecurity
CUST_00472,46,Female,Vadodara,Medium,Healthcare,35.5291340360932,219,2.53932581557894,0,6,1,4,4,6,0,1,0,0,3,LinkedIn,10,1,Other,Cloud Services,0,No Offer
CUST_00473,56,Male,Chennai,Medium,Education,25.8087111057126,125,1.2022966792770466,2,4,0,1,8,5,0,0,1,1,1,LinkedIn,5,0,Other,Cybersecurity,0,No Offer
CUST_00474,51,Female,Ahmedabad,Small,IT,18.141905419099785,74,1.556715759433366,3,6,0,3,2,2,1,0,1,0,3,Cold Call,0,1,Other,Cybersecurity,1,Cybersecurity
CUST_00475,38,Female,Hyderabad,Medium,IT,47.64775376425109,300,3.67621728787758,9,11,1,4,7,2,0,1,0,0,1,Website,10,1,Other,Cloud Services,1,Cloud Services
CUST_00476,41,Male,Vadodara,Large,Real Estate,135.62519008847045,1017,19.88373179287015,6,11,0,2,7,4,1,1,1,1,0,Website,10,0,Other,Advanced IT Solutions,0,No Offer
CUST_00477,46,Female,Delhi,Medium,Real Estate,69.50747562862391,313,10.341611829774417,4,11,0,5,5,0,0,0,0,0,0,LinkedIn,15,1,Other,Cybersecurity,1,Cybersecurity
CUST_00478,43,Female,Hyderabad,Small,Real Estate,24.15062120644781,99,1.9144235771600864,1,9,0,6,2,2,0,1,0,0,3,Referral,5,1,Other,Cloud Services,1,Cloud Services
CUST_00479,34,Male,Surat,Small,Logistics,3.185125783304372,42,0.1524212577492033,2,8,1,2,3,2,0,1,0,0,3,Referral,10,1,Other,Cloud Services,1,Cloud Services
CUST_00480,40,Female,Surat,Small,Finance,10.766222551160414,65,1.4994456847749094,0,10,0,4,6,3,0,0,0,1,1,Email Campaign,0,0,Other,Cybersecurity,0,No Offer
CUST_00481,57,Male,Delhi,Medium,Retail,65.67497953039783,315,8.224154111224147,5,6,0,0,4,1,1,0,0,0,1,Referral,10,0,Other,Cybersecurity,0,No Offer
CUST_00482,33,Female,Chennai,Small,Finance,1.7233466913440596,11,0.1574327262294804,7,5,1,3,7,4,1,1,1,0,0,Referral,5,1,Other,AI Solutions,1,AI Solutions
CUST_00483,40,Male,Vadodara,Small,Retail,1.3183939363858976,10,0.0973535796093685,3,11,0,2,3,2,1,0,1,0,4,Website,15,1,Other,Cybersecurity,1,Cybersecurity
CUST_00484,33,Male,Pune,Large,Real Estate,491.7208388407605,2716,41.19632236767501,1,8,0,4,3,2,1,0,0,0,0,Referral,10,1,Other,Cybersecurity,1,Cybersecurity
CUST_00485,30,Female,Bangalore,Small,Finance,4.3690759939121255,42,0.603918766903781,3,8,1,6,4,2,1,1,1,1,1,Email Campaign,5,1,Other,Advanced IT Solutions,1,Advanced IT Solutions
CUST_00486,28,Female,Mumbai,Small,IT,11.38354111582902,95,0.5937337870010307,9,8,0,2,7,4,0,1,1,0,2,Website,0,0,Other,Cloud Services,1,Cloud Services
CUST_00487,49,Female,Bangalore,Small,Education,21.11870320098286,85,2.678147703635542,3,9,0,4,4,2,1,1,0,0,1,Website,0,1,Other,Data Analytics,0,No Offer
CUST_00488,35,Male,Surat,Small,IT,7.978188009370459,45,0.2567610349256504,4,7,1,4,4,3,1,0,0,0,1,Email Campaign,0,1,Other,Cybersecurity,1,Cybersecurity
CUST_00489,52,Female,Surat,Small,Finance,6.737563789866448,30,0.9464164169311092,2,4,0,4,4,1,1,0,0,0,0,Website,5,0,Other,Cybersecurity,0,No Offer
CUST_00490,40,Male,Chennai,Large,Retail,504.76713442132495,2386,45.447048937335694,8,7,1,1,4,1,1,1,0,0,2,Website,0,1,Other,Data Analytics,1,Data Analytics
CUST_00491,37,Female,Bangalore,Large,Manufacturing,325.3594831144851,1803,18.61373116251817,6,9,0,3,7,4,0,0,0,0,3,LinkedIn,5,0,Other,Cybersecurity,0,No Offer
CUST_00492,26,Male,Bangalore,Medium,Education,59.55380790224901,273,1.807028111473076,8,5,0,3,1,1,0,0,1,0,2,Email Campaign,15,0,Other,Cybersecurity,0,No Offer
CUST_00493,56,Male,Pune,Small,Retail,6.016175148855995,56,0.5844448016527723,6,9,1,2,7,2,1,0,0,1,1,Referral,0,1,Other,Cybersecurity,1,Cybersecurity
CUST_00494,33,Female,Chennai,Medium,Finance,78.42109407500719,442,4.653393577934765,9,6,0,0,5,3,0,1,0,0,1,Email Campaign,0,1,Other,Cloud Services,1,Cloud Services
CUST_00495,46,Male,Chennai,Small,Retail,7.90167280152542,47,0.8356154921773487,3,12,0,1,6,3,1,0,1,1,1,LinkedIn,10,1,Other,Cybersecurity,1,Cybersecurity
CUST_00496,42,Male,Delhi,Small,Real Estate,4.013130163649387,23,0.2557981758479017,4,5,1,1,4,5,0,0,0,0,0,LinkedIn,10,0,Other,Cybersecurity,0,No Offer
CUST_00497,57,Male,Hyderabad,Large,Healthcare,314.81120921437497,3760,12.76965040474686,6,9,0,0,6,3,1,0,0,0,2,Website,5,1,Other,Cybersecurity,1,Cybersecurity
CUST_00498,44,Male,Chennai,Small,Retail,5.799673439978753,55,0.5254863460099632,5,2,0,2,1,2,1,0,1,0,1,Referral,15,0,Other,Cybersecurity,0,No Offer
CUST_00499,37,Male,Chennai,Small,IT,5.473914851683899,51,0.5350110682022843,8,11,0,1,6,3,0,0,0,0,3,Website,0,0,Other,Cybersecurity,0,No Offer
CUST_00500,60,Male,Ahmedabad,Medium,Logistics,44.81236815132735,263,3.77816674607146,2,8,0,0,4,0,1,1,0,1,1,LinkedIn,15,0,Other,Data Analytics,0,No Offer
CUST_00501,60,Male,Vadodara,Medium,IT,86.55631913513687,354,7.354194167951051,7,10,0,4,5,5,1,0,0,0,4,Referral,10,0,Other,Cybersecurity,0,No Offer
CUST_00502,35,Male,Vadodara,Small,Healthcare,15.652878165367929,65,1.5771529384265446,10,11,0,0,7,1,1,0,1,1,0,LinkedIn,0,1,Other,Cybersecurity,0,No Offer
CUST_00503,52,Female,Kolkata,Small,Education,8.112222400824843,85,0.7557542795995232,9,8,0,3,4,2,1,1,1,1,1,Website,10,0,Other,Advanced IT Solutions,0,No Offer
CUST_00504,26,Male,Bangalore,Small,Retail,7.989771500161525,72,0.3667952662670163,10,11,0,3,1,2,0,0,1,0,3,Cold Call,15,0,Other,Cybersecurity,0,No Offer
CUST_00505,56,Female,Mumbai,Medium,Education,10.01216622977085,175,0.5371554973863252,3,9,0,2,2,2,0,1,0,0,2,Email Campaign,15,0,Other,Cloud Services,0,No Offer
CUST_00506,44,Female,Bangalore,Small,Manufacturing,11.938206853412852,92,0.5612738995072853,8,8,1,0,4,2,0,0,1,1,0,LinkedIn,10,1,Other,Cybersecurity,1,Cybersecurity
CUST_00507,50,Male,Delhi,Small,Retail,17.788655595557966,82,2.0135952284302068,0,11,0,2,5,3,0,0,0,0,1,Website,0,1,Other,Cybersecurity,1,Cybersecurity
CUST_00508,32,Female,Delhi,Medium,IT,113.0779186816556,485,10.565074552401882,4,7,0,1,2,1,0,0,1,0,2,LinkedIn,15,1,Other,Cybersecurity,1,Cybersecurity
CUST_00509,39,Female,Delhi,Large,Logistics,236.63188766184777,2432,19.30504814612427,3,8,1,1,4,3,1,1,0,0,3,Cold Call,15,1,Other,Data Analytics,1,Data Analytics
CUST_00510,33,Other,Hyderabad,Small,IT,8.14955268112366,79,1.02521926435828,4,8,1,4,6,3,0,0,0,0,1,Referral,0,0,Other,Cybersecurity,0,No Offer
CUST_00511,30,Female,Mumbai,Small,Education,3.4842886421647776,37,0.2407481751868447,5,14,1,2,6,1,0,1,0,1,1,Referral,0,1,Other,Cloud Services,1,Cloud Services
CUST_00512,31,Male,Vadodara,Medium,Finance,54.24936250874192,452,5.325811792420648,0,7,1,5,10,2,0,0,0,0,1,LinkedIn,10,1,Other,Cybersecurity,1,Cybersecurity
CUST_00513,38,Female,Pune,Medium,IT,75.52077293908302,358,2.939941537422457,7,8,1,6,7,1,0,1,0,0,2,Website,10,1,Other,Cloud Services,1,Cloud Services
CUST_00514,59,Female,Vadodara,Small,Finance,6.816116771121898,38,0.8133569223638941,10,7,1,3,5,4,1,1,1,0,3,Email Campaign,10,1,Other,AI Solutions,1,AI Solutions
CUST_00515,28,Female,Hyderabad,Small,IT,10.56659736220974,51,1.1984961593002783,2,10,0,4,10,1,1,0,0,0,3,Referral,10,1,Other,Cybersecurity,1,Cybersecurity
CUST_00516,34,Male,Delhi,Small,Real Estate,12.995285258830778,78,1.6411168179954685,6,8,0,4,10,3,0,1,0,1,1,Cold Call,10,0,Other,Cloud Services,0,No Offer
CUST_00517,30,Female,Hyderabad,Small,IT,1.421652618565611,14,0.1935396859696756,6,5,0,1,6,1,0,1,1,0,2,Cold Call,15,1,Other,Cloud Services,1,Cloud Services
CUST_00518,48,Female,Vadodara,Medium,Logistics,45.791842464361736,479,5.53913659387384,8,4,0,2,3,2,1,0,0,0,1,Website,5,0,Other,Cybersecurity,1,Cybersecurity
CUST_00519,23,Male,Pune,Small,Manufacturing,3.626009882092497,70,0.4762357388942278,10,4,0,2,2,1,0,1,0,0,2,Cold Call,0,0,Other,Cloud Services,0,No Offer
CUST_00520,26,Male,Kolkata,Large,Finance,387.6492834646513,1880,27.70860941759241,10,11,1,1,3,2,0,1,0,0,2,LinkedIn,10,1,Other,Cloud Services,1,Cloud Services
CUST_00521,50,Male,Mumbai,Medium,Finance,98.52148610959166,449,7.014777440406797,6,8,0,4,7,2,1,0,0,0,0,Email Campaign,10,1,Other,Cybersecurity,1,Cybersecurity
CUST_00522,58,Female,Hyderabad,Medium,IT,38.28742574602846,188,5.487204475240215,7,7,1,5,1,3,0,0,0,0,2,Cold Call,0,1,Other,Cybersecurity,1,Cybersecurity
CUST_00523,59,Female,Vadodara,Small,Real Estate,1.167847407822567,18,0.1632054424157671,3,6,0,4,5,0,0,1,1,0,2,Website,10,1,Other,Cloud Services,1,Cloud Services
CUST_00524,40,Female,Mumbai,Medium,Finance,90.89750211985398,449,8.709769650697169,9,4,0,7,3,1,0,0,0,0,2,Referral,15,1,Other,Cybersecurity,1,Cybersecurity
CUST_00525,29,Male,Vadodara,Small,IT,5.146353684814686,87,0.3807635491791298,3,4,0,4,7,1,0,1,0,1,0,Website,10,0,Other,Cloud Services,0,No Offer
CUST_00526,22,Female,Vadodara,Large,IT,99.21046533208316,1395,13.286283735395092,9,9,0,4,2,1,0,0,0,0,0,Website,10,1,Other,Cybersecurity,1,Cybersecurity
CUST_00527,43,Male,Pune,Large,Education,537.6041253653748,3893,36.99218283880599,7,10,1,2,10,2,0,0,0,0,0,Cold Call,10,1,Other,Cybersecurity,1,Cybersecurity
CUST_00528,38,Male,Kolkata,Small,Retail,9.149452312452985,63,0.4431647931090871,3,7,1,4,2,1,1,1,1,1,2,Website,5,1,Other,Advanced IT Solutions,1,Advanced IT Solutions
CUST_00529,28,Female,Mumbai,Small,Finance,13.006647366748096,61,1.3883181070922097,3,9,0,4,4,2,0,0,0,0,4,Website,0,0,Other,Cybersecurity,0,No Offer
CUST_00530,46,Other,Delhi,Small,Logistics,7.993931271551831,43,0.2807038362674945,9,12,0,1,7,3,1,0,1,0,0,Referral,5,0,Other,Cybersecurity,0,No Offer
CUST_00531,25,Female,Mumbai,Medium,Healthcare,12.099605358936488,150,0.9134261754203036,2,8,0,1,4,0,1,1,0,0,3,Cold Call,10,1,Other,Data Analytics,1,Data Analytics
CUST_00532,57,Female,Chennai,Medium,Education,34.47302710576522,362,4.375304806467333,2,12,0,1,9,4,0,0,1,0,1,Website,5,0,Other,Cybersecurity,0,No Offer
CUST_00533,27,Male,Delhi,Large,Finance,119.99124216994583,1120,7.850540228682663,10,14,1,3,6,1,0,0,0,0,1,Email Campaign,10,1,Other,Cybersecurity,1,Cybersecurity
CUST_00534,52,Male,Mumbai,Medium,Logistics,10.836506486190894,145,1.5361599421461656,3,9,1,2,7,3,1,1,0,0,1,Referral,10,1,Other,Data Analytics,1,Data Analytics
CUST_00535,40,Female,Ahmedabad,Small,Real Estate,9.785136931737998,91,1.415899137421334,1,8,0,3,2,1,0,1,0,0,2,Referral,10,1,Other,Cloud Services,1,Cloud Services
CUST_00536,60,Female,Ahmedabad,Medium,Finance,40.122524377129054,205,5.131588861078799,2,5,0,2,2,3,1,1,0,0,2,Email Campaign,15,0,Other,Data Analytics,0,No Offer
CUST_00537,48,Male,Vadodara,Medium,Manufacturing,37.64135261021788,383,5.590388229103272,10,6,0,0,1,2,1,0,0,0,3,Referral,15,0,Other,Cybersecurity,0,No Offer
CUST_00538,31,Male,Delhi,Medium,Healthcare,26.69984731768551,123,2.501553908218052,1,7,1,3,6,3,1,1,0,1,1,Website,0,0,Other,Data Analytics,0,No Offer
CUST_00539,47,Male,Mumbai,Medium,Healthcare,15.253760296654406,106,1.4995048324145417,10,10,1,2,6,2,1,0,1,0,1,Cold Call,5,1,Other,Cybersecurity,1,Cybersecurity
CUST_00540,40,Female,Vadodara,Medium,Logistics,53.512200100225925,467,6.974781115317477,5,5,1,2,5,0,1,0,0,0,1,Email Campaign,5,1,Other,Cybersecurity,1,Cybersecurity
CUST_00541,60,Male,Bangalore,Medium,Manufacturing,57.49789147484218,434,5.12516831810952,2,6,0,3,7,1,1,0,0,0,0,Website,20,1,Other,Cybersecurity,1,Cybersecurity
CUST_00542,24,Male,Vadodara,Medium,Manufacturing,19.573733508107228,102,1.5425354883831432,1,10,0,3,7,1,0,1,1,1,0,LinkedIn,5,0,Other,Cloud Services,0,No Offer
CUST_00543,34,Male,Hyderabad,Medium,Finance,54.74899901176372,357,5.681327221036075,8,6,1,3,9,1,0,0,0,0,0,Cold Call,10,0,Other,Cybersecurity,0,No Offer
CUST_00544,49,Male,Ahmedabad,Medium,Retail,18.626975271794205,362,2.0288341516549138,7,6,1,4,5,4,1,1,1,0,2,Website,10,1,Other,AI Solutions,1,AI Solutions
CUST_00545,41,Female,Bangalore,Medium,Logistics,51.582249249743306,220,6.195414929730994,4,2,1,5,3,2,1,1,1,1,0,Website,10,1,Other,Advanced IT Solutions,1,Advanced IT Solutions
CUST_00546,49,Male,Surat,Medium,Manufacturing,19.402154584313696,307,2.137808624119776,8,8,1,1,4,2,1,0,1,0,1,Website,0,1,Other,Cybersecurity,1,Cybersecurity
CUST_00547,29,Female,Hyderabad,Medium,Healthcare,28.526912371545254,120,3.408584207989764,4,8,0,1,3,4,0,0,0,0,1,Website,20,0,Other,Cybersecurity,0,No Offer
CUST_00548,60,Female,Delhi,Small,Logistics,4.339184048472853,78,0.4814201490938141,4,8,0,4,3,3,0,0,0,0,1,Referral,0,0,Other,Cybersecurity,0,No Offer
CUST_00549,22,Female,Vadodara,Small,Healthcare,14.906298290378746,73,1.3065881531844614,10,11,0,3,7,1,0,0,0,0,2,Website,10,0,Other,Cybersecurity,0,No Offer
CUST_00550,24,Male,Ahmedabad,Small,Finance,4.394178365826415,28,0.2029765467299641,10,8,0,0,8,0,1,1,1,0,3,Email Campaign,20,1,Other,AI Solutions,1,AI Solutions
CUST_00551,34,Other,Kolkata,Medium,Logistics,58.64435161487863,388,7.286747615390947,3,7,0,2,2,0,0,0,1,1,2,LinkedIn,15,0,Other,Cybersecurity,0,No Offer
CUST_00552,49,Female,Ahmedabad,Medium,Retail,19.68948865518428,305,0.6634077499032065,2,6,1,3,3,5,1,0,0,0,0,Email Campaign,0,1,Other,Cybersecurity,1,Cybersecurity
CUST_00553,46,Other,Pune,Large,IT,185.6253549263406,1899,27.67674246350513,9,7,1,3,5,4,1,0,0,0,3,Email Campaign,5,1,Other,Cybersecurity,1,Cybersecurity
CUST_00554,54,Female,Ahmedabad,Small,Logistics,4.521208195086844,22,0.5851122435331516,8,11,0,3,3,3,1,0,0,1,2,Website,10,0,Other,Cybersecurity,1,Cybersecurity
CUST_00555,59,Male,Kolkata,Small,Manufacturing,8.217070775441957,36,0.90806251723652,3,9,0,4,4,4,0,1,1,0,3,Cold Call,0,1,Other,Cloud Services,1,Cloud Services
CUST_00556,27,Male,Kolkata,Small,Manufacturing,14.179959995164229,91,2.0701722425690448,6,7,1,4,3,2,1,0,0,0,1,Website,15,1,Other,Cybersecurity,0,No Offer
CUST_00557,53,Male,Vadodara,Small,Finance,11.704861889434351,97,1.2114114633823805,4,4,0,3,5,1,1,1,0,0,0,Website,10,0,Other,Data Analytics,0,No Offer
CUST_00558,42,Male,Delhi,Medium,Education,13.76147843805096,222,0.5060363377287824,6,6,0,2,5,1,0,1,1,1,0,Email Campaign,5,0,Other,Cloud Services,0,No Offer
CUST_00559,37,Male,Kolkata,Small,Education,4.660892630331702,25,0.4526932091983353,7,15,0,4,1,1,1,1,0,0,1,Referral,15,1,Other,Data Analytics,1,Data Analytics
CUST_00560,42,Male,Ahmedabad,Medium,Retail,46.9260590289419,444,2.968753768373153,7,15,0,2,7,2,0,1,0,0,3,Email Campaign,0,0,Other,Cloud Services,0,No Offer
CUST_00561,32,Male,Delhi,Medium,Healthcare,14.701661062621476,241,1.092881838280536,9,5,0,4,6,1,0,0,0,0,0,Referral,0,1,Other,Cybersecurity,1,Cybersecurity
CUST_00562,58,Male,Mumbai,Medium,Healthcare,86.2732328810902,471,7.346184647953706,5,12,0,2,4,0,0,1,0,1,0,Website,15,0,Other,Cloud Services,0,No Offer
CUST_00563,57,Male,Ahmedabad,Large,IT,438.9304288222402,2983,53.96741339808194,4,11,0,2,5,1,1,0,0,0,1,Referral,5,1,Other,Cybersecurity,1,Cybersecurity
CUST_00564,56,Male,Chennai,Small,Healthcare,1.3622031784489643,26,0.1230771082755838,10,7,0,3,4,3,1,0,0,0,4,Website,15,1,Other,Cybersecurity,1,Cybersecurity
CUST_00565,40,Male,Vadodara,Small,Education,3.897979622348549,54,0.3389746807624532,1,8,0,2,7,2,0,0,1,0,0,Website,5,1,Other,Cybersecurity,1,Cybersecurity
CUST_00566,41,Male,Hyderabad,Large,Education,567.4329133032254,2989,37.58485898172779,7,6,0,3,4,0,1,0,0,0,2,Website,10,1,Other,Cybersecurity,1,Cybersecurity
CUST_00567,39,Male,Vadodara,Large,Real Estate,124.59025349373124,1986,11.809245940810804,4,11,0,0,8,2,1,0,0,0,1,Website,20,1,Other,Cybersecurity,1,Cybersecurity
CUST_00568,35,Male,Kolkata,Small,Manufacturing,3.3478891945289706,15,0.2002268827459265,7,6,1,2,8,0,1,1,1,0,0,Website,10,1,Other,AI Solutions,1,AI Solutions
CUST_00569,36,Female,Surat,Small,IT,7.746302628395071,69,0.4749975282468458,5,10,0,4,5,1,1,1,1,0,3,Email Campaign,10,1,Other,AI Solutions,1,AI Solutions
CUST_00570,52,Male,Pune,Small,Retail,3.928531057062526,58,0.4748456856784809,7,8,0,4,6,5,0,0,0,0,2,Email Campaign,10,0,Other,Cybersecurity,0,No Offer
CUST_00571,22,Male,Chennai,Small,IT,6.058544269008393,30,0.4307968600209777,0,8,0,3,3,1,0,1,1,0,3,Referral,10,1,Other,Cloud Services,1,Cloud Services
CUST_00572,24,Male,Kolkata,Large,Logistics,541.3246368826635,3495,19.57860822123819,8,10,1,2,6,1,0,1,0,0,3,Cold Call,15,1,Other,Cloud Services,1,Cloud Services
CUST_00573,37,Female,Ahmedabad,Medium,Retail,48.98432284937819,440,3.48970558087468,8,11,0,3,5,3,1,0,0,0,0,Website,0,0,Other,Cybersecurity,0,No Offer
CUST_00574,44,Female,Delhi,Small,Education,8.660498110034338,66,0.923457351222947,2,9,0,4,3,1,1,0,1,0,2,Referral,5,1,Other,Cybersecurity,1,Cybersecurity
CUST_00575,32,Female,Chennai,Large,Healthcare,56.77947316052958,1046,7.249504927432239,4,8,0,4,3,1,1,1,1,0,1,Cold Call,0,1,Other,AI Solutions,1,AI Solutions
CUST_00576,33,Female,Surat,Medium,Finance,86.34128165122998,473,12.55681996218658,6,8,1,3,7,3,0,0,0,0,2,Website,5,1,Other,Cybersecurity,1,Cybersecurity
CUST_00577,31,Male,Hyderabad,Small,IT,4.4335705605368005,36,0.530017623894842,7,8,1,6,5,1,0,0,0,0,0,Referral,15,1,Other,Cybersecurity,1,Cybersecurity
CUST_00578,53,Male,Delhi,Large,IT,339.14841703035603,1759,27.627773847867573,6,11,1,1,9,2,0,0,0,0,3,Referral,0,1,Other,Cybersecurity,1,Cybersecurity
CUST_00579,37,Male,Pune,Large,Manufacturing,602.9523088110191,3433,39.73112846511261,2,6,0,3,6,1,0,1,0,0,1,Referral,10,1,Other,Cloud Services,1,Cloud Services
CUST_00580,29,Female,Bangalore,Large,Real Estate,542.3747690804804,3009,24.708207390595337,6,11,1,6,3,3,1,0,0,0,3,Website,20,1,Other,Cybersecurity,1,Cybersecurity
CUST_00581,59,Female,Pune,Medium,Real Estate,103.24637838943882,495,10.874153486172109,0,3,1,3,8,2,1,1,0,1,1,Website,15,1,Other,Data Analytics,1,Data Analytics
CUST_00582,33,Female,Vadodara,Medium,Real Estate,47.58253623231755,270,4.338861039111039,4,17,0,1,3,1,0,1,0,0,0,Referral,5,1,Other,Cloud Services,1,Cloud Services
CUST_00583,45,Male,Chennai,Small,Manufacturing,1.872432601877299,14,0.2084470277041223,8,9,0,2,4,2,0,1,0,0,1,Referral,5,0,Other,Cloud Services,0,No Offer
CUST_00584,49,Female,Vadodara,Medium,Education,59.257292216627256,463,3.463943016055928,1,13,0,4,6,0,0,0,0,0,2,Email Campaign,10,0,Other,Cybersecurity,0,No Offer
CUST_00585,29,Male,Kolkata,Large,Retail,169.194688476951,2289,11.646905558397831,2,8,0,3,8,0,0,1,0,0,2,Referral,15,1,Other,Cloud Services,1,Cloud Services
CUST_00586,49,Male,Mumbai,Small,Real Estate,13.794541736293642,67,0.8973548308451598,8,7,0,6,7,3,0,0,1,0,5,Referral,10,0,Other,Cybersecurity,0,No Offer
CUST_00587,57,Male,Kolkata,Medium,Finance,84.52866573068638,418,10.626793484315828,2,4,0,7,4,0,1,0,1,0,2,Website,5,0,Other,Cybersecurity,1,Cybersecurity
CUST_00588,47,Female,Hyderabad,Medium,Logistics,19.85193468342094,200,1.0034672125651984,7,4,0,2,1,2,0,1,0,0,1,Cold Call,15,1,Other,Cloud Services,1,Cloud Services
CUST_00589,29,Male,Chennai,Small,Manufacturing,3.560582120634063,16,0.3667992565128349,5,11,1,4,4,1,0,1,1,1,0,Referral,15,1,Other,Cloud Services,1,Cloud Services
CUST_00590,49,Female,Mumbai,Medium,Manufacturing,32.21772509916013,192,1.165076766597596,6,11,1,0,5,2,0,0,0,0,2,Cold Call,0,0,Other,Cybersecurity,1,Cybersecurity
CUST_00591,49,Male,Delhi,Small,Healthcare,6.558181581551105,45,0.6292136426665033,4,6,0,4,7,2,0,0,0,0,4,Website,0,0,Other,Cybersecurity,0,No Offer
CUST_00592,58,Female,Mumbai,Medium,Healthcare,19.5272300186612,365,0.7355844492722828,9,7,1,1,6,3,1,1,0,0,1,Email Campaign,5,0,Other,Data Analytics,0,No Offer
CUST_00593,57,Male,Hyderabad,Small,Education,1.3920306089014958,11,0.0711399899989794,6,9,1,2,3,1,1,1,1,0,0,Website,0,0,Other,AI Solutions,0,No Offer
CUST_00594,48,Male,Ahmedabad,Large,Real Estate,285.9053166036479,1605,12.454903670251031,9,5,0,3,4,2,0,0,0,0,2,Referral,20,0,Other,Cybersecurity,0,No Offer
CUST_00595,38,Female,Vadodara,Small,Education,0.9512939455274738,14,0.0681193459550451,10,10,1,3,7,5,0,0,0,0,0,Website,15,1,Other,Cybersecurity,0,No Offer
CUST_00596,30,Female,Surat,Small,Manufacturing,11.353076942200772,80,0.8088814161885353,9,6,0,2,5,0,0,0,0,0,2,LinkedIn,0,0,Other,Cybersecurity,0,No Offer
CUST_00597,54,Female,Kolkata,Small,Retail,23.625283075870325,95,3.051685225863573,2,5,1,3,6,2,1,1,1,0,1,Referral,15,0,Other,AI Solutions,1,AI Solutions
CUST_00598,41,Female,Chennai,Large,Logistics,113.66494373578637,588,6.488278487638487,10,8,1,5,2,5,0,0,0,0,1,Email Campaign,10,1,Other,Cybersecurity,1,Cybersecurity
CUST_00599,34,Female,Hyderabad,Medium,Real Estate,52.752852752606216,331,2.129443230807789,4,8,0,5,8,0,1,0,0,0,1,Website,5,1,Other,Cybersecurity,1,Cybersecurity
CUST_00600,49,Male,Bangalore,Medium,Finance,18.479576084562208,118,1.8927043292904784,5,11,0,3,6,3,1,1,0,0,3,Cold Call,15,1,Other,Data Analytics,1,Data Analytics
CUST_00601,50,Female,Surat,Medium,Manufacturing,8.871705484197472,151,0.9980143815367364,8,11,0,2,5,1,1,0,0,0,1,Email Campaign,15,0,Other,Cybersecurity,0,No Offer
CUST_00602,34,Male,Hyderabad,Medium,Retail,114.21194577879076,473,7.46704383504564,3,10,0,4,8,1,1,0,0,0,1,Referral,5,0,Other,Cybersecurity,0,No Offer
CUST_00603,56,Male,Bangalore,Small,Retail,17.437029372218635,74,1.7844653755243216,7,10,1,1,2,1,1,0,0,1,3,Email Campaign,10,1,Other,Cybersecurity,1,Cybersecurity
CUST_00604,27,Male,Bangalore,Medium,Real Estate,35.99082183207224,193,4.431434295450556,7,4,1,1,4,1,1,0,1,0,2,Email Campaign,0,0,Other,Cybersecurity,0,No Offer
CUST_00605,39,Female,Bangalore,Small,Manufacturing,6.42181435414052,92,0.46048488498214,9,6,0,3,4,3,1,0,0,0,3,Website,20,0,Other,Cybersecurity,0,No Offer
CUST_00606,26,Female,Ahmedabad,Large,Real Estate,236.24229072271007,2580,21.980564071973745,5,9,1,2,4,2,0,0,0,0,1,Website,0,0,Other,Cybersecurity,1,Cybersecurity
CUST_00607,46,Male,Mumbai,Medium,Retail,20.740875814852973,239,0.987182576793142,7,9,0,3,8,2,0,0,0,0,1,Email Campaign,5,1,Other,Cybersecurity,1,Cybersecurity
CUST_00608,23,Female,Pune,Small,IT,7.080122062931213,46,0.2324943304449039,4,10,0,2,3,5,1,1,0,1,2,Email Campaign,15,1,Other,Data Analytics,1,Data Analytics
CUST_00609,31,Female,Kolkata,Small,Real Estate,5.951450368525813,65,0.8794110464974555,0,7,0,2,5,3,0,1,1,0,3,Website,15,1,Other,Cloud Services,1,Cloud Services
CUST_00610,51,Male,Bangalore,Medium,Retail,46.91170785259224,248,3.094657566950308,3,7,0,1,4,1,1,0,0,0,1,Email Campaign,10,0,Other,Cybersecurity,0,No Offer
CUST_00611,26,Male,Hyderabad,Small,Manufacturing,10.17894254040818,64,0.6460396300561769,10,11,1,1,6,0,1,0,0,0,1,Referral,0,1,Other,Cybersecurity,1,Cybersecurity
CUST_00612,54,Female,Delhi,Small,Retail,5.246100270036048,98,0.7700719948151539,5,12,1,0,5,2,0,0,0,0,1,Email Campaign,5,0,Other,Cybersecurity,0,No Offer
CUST_00613,22,Male,Delhi,Small,Real Estate,12.525121186649208,63,1.470299212077111,8,7,0,1,6,3,1,0,0,0,1,Website,5,0,Other,Cybersecurity,0,No Offer
CUST_00614,39,Female,Chennai,Medium,Logistics,27.909507651191127,318,2.7975303353398444,3,5,0,2,2,3,1,0,1,1,1,Website,5,1,Other,Cybersecurity,1,Cybersecurity
CUST_00615,53,Male,Vadodara,Medium,Manufacturing,27.51705906382533,128,3.1347105520146106,5,6,0,7,6,0,1,0,1,0,2,Website,5,1,Other,Cybersecurity,1,Cybersecurity
CUST_00616,32,Male,Bangalore,Small,Healthcare,6.776508895777365,56,0.7805941102205304,9,12,1,3,1,2,0,0,0,0,1,Referral,10,0,Other,Cybersecurity,0,No Offer
CUST_00617,42,Female,Hyderabad,Small,Manufacturing,5.533024991827383,47,0.6728175300931768,10,8,1,2,7,1,0,1,1,0,0,Referral,0,0,Other,Cloud Services,0,No Offer
CUST_00618,47,Female,Bangalore,Medium,Retail,8.221064343435811,157,0.3129159696657736,4,9,0,5,6,3,0,0,1,1,3,Website,15,1,Other,Cybersecurity,1,Cybersecurity
CUST_00619,46,Female,Ahmedabad,Medium,Manufacturing,92.58212792264167,374,7.363961195698265,8,13,1,5,4,2,1,0,0,0,2,Website,5,1,Other,Cybersecurity,1,Cybersecurity
CUST_00620,43,Female,Vadodara,Small,Finance,12.930065087577956,75,0.8458284588951552,9,11,0,4,6,1,0,1,1,0,1,LinkedIn,5,1,Other,Cloud Services,1,Cloud Services
CUST_00621,48,Female,Bangalore,Small,Manufacturing,9.418222326603871,70,0.3623035352054632,5,5,0,2,6,4,1,1,1,0,2,Referral,15,1,Other,AI Solutions,1,AI Solutions
CUST_00622,34,Female,Kolkata,Large,Manufacturing,328.2504700248881,4735,26.09981185834315,2,6,0,3,5,1,1,0,0,0,0,Website,10,1,Other,Cybersecurity,1,Cybersecurity
CUST_00623,54,Male,Delhi,Large,Real Estate,413.448896744183,2178,42.97421663197551,1,10,0,1,8,3,0,1,0,0,1,Referral,10,1,Other,Cloud Services,1,Cloud Services
CUST_00624,55,Male,Bangalore,Large,Finance,460.5987643550303,4323,23.683860231025744,2,10,1,5,3,1,1,1,0,1,0,LinkedIn,10,1,Other,Data Analytics,1,Data Analytics
CUST_00625,56,Male,Kolkata,Large,Finance,256.0764732400594,1034,17.055514935445835,5,10,1,1,6,1,1,0,1,1,1,Cold Call,5,1,Other,Cybersecurity,1,Cybersecurity
CUST_00626,22,Female,Kolkata,Small,Finance,3.60164207744797,15,0.384297005550698,9,13,0,5,6,4,0,0,0,1,1,Referral,10,0,Other,Cybersecurity,1,Cybersecurity
CUST_00627,42,Male,Mumbai,Small,Education,18.32651822573187,93,1.8238360142125336,7,7,1,3,3,1,0,0,1,0,4,Website,0,1,Other,Cybersecurity,1,Cybersecurity
CUST_00628,27,Female,Kolkata,Small,IT,8.791717898037376,36,1.180325541677288,7,10,0,2,5,1,1,0,0,0,1,Cold Call,15,0,Other,Cybersecurity,0,No Offer
CUST_00629,49,Male,Vadodara,Small,Education,3.8408457145006394,54,0.4799049009104423,4,11,1,5,6,3,1,1,0,1,3,Cold Call,10,1,Other,Data Analytics,1,Data Analytics
CUST_00630,38,Female,Delhi,Large,Manufacturing,149.33014859919845,1409,21.783285489204093,0,5,0,6,10,2,0,0,0,0,3,Website,5,1,Other,Cybersecurity,1,Cybersecurity
CUST_00631,26,Female,Chennai,Medium,Education,11.07135235340594,110,1.1255490777256207,0,8,0,4,3,1,1,1,0,1,0,Email Campaign,5,1,Other,Data Analytics,1,Data Analytics
CUST_00632,52,Male,Ahmedabad,Medium,Real Estate,12.494091148220935,194,1.4220285272471909,6,9,0,6,5,2,0,1,0,1,0,Referral,0,0,Other,Cloud Services,0,No Offer
CUST_00633,26,Female,Delhi,Small,Education,18.82228960876042,77,2.508272449889489,1,5,0,4,8,1,0,1,0,0,4,LinkedIn,10,1,Other,Cloud Services,1,Cloud Services
CUST_00634,59,Male,Hyderabad,Large,Finance,223.9872750110455,3613,29.2973324998847,3,9,0,2,5,0,1,0,0,0,2,Cold Call,10,1,Other,Cybersecurity,1,Cybersecurity
CUST_00635,24,Male,Chennai,Large,Finance,787.9624996439628,3560,91.59795918122347,9,4,0,5,8,2,0,1,1,0,2,Website,10,1,Other,Cloud Services,1,Cloud Services
CUST_00636,44,Female,Kolkata,Small,Healthcare,6.923497687122507,34,0.6233276556420019,4,11,0,2,6,3,0,0,0,0,1,Website,15,0,Other,Cybersecurity,0,No Offer
CUST_00637,58,Male,Bangalore,Large,Education,324.95019181518177,2596,20.40194144275196,7,5,0,2,5,0,1,0,0,0,2,Email Campaign,20,1,Other,Cybersecurity,1,Cybersecurity
CUST_00638,58,Female,Mumbai,Small,IT,3.279449824083548,61,0.4435977007137204,9,6,1,5,4,0,1,0,0,0,5,Email Campaign,10,1,Other,Cybersecurity,1,Cybersecurity
CUST_00639,31,Male,Chennai,Small,Real Estate,2.9194933167933126,57,0.3596776442713553,8,16,1,3,6,2,1,0,0,0,1,Website,10,1,Other,Cybersecurity,1,Cybersecurity
CUST_00640,31,Male,Hyderabad,Medium,Real Estate,13.347418916401343,147,1.742489979582616,0,7,1,8,7,0,0,0,1,0,2,LinkedIn,10,1,Other,Cybersecurity,1,Cybersecurity
CUST_00641,40,Female,Hyderabad,Medium,Real Estate,45.6740220140749,307,2.1418703903904865,8,10,0,0,5,4,1,0,0,0,1,Website,0,0,Other,Cybersecurity,0,No Offer
CUST_00642,38,Male,Chennai,Small,Manufacturing,6.937517786214484,49,0.4702079265985304,4,6,0,1,1,0,0,1,1,0,0,Referral,5,0,Other,Cloud Services,0,No Offer
CUST_00643,42,Other,Mumbai,Small,Logistics,14.03291528629078,84,1.1364725477797135,3,5,1,3,4,3,1,1,1,1,3,LinkedIn,5,0,Other,Advanced IT Solutions,1,Advanced IT Solutions
CUST_00644,35,Female,Kolkata,Large,Real Estate,416.9593983415909,2040,54.45583002651908,9,4,1,2,4,5,1,0,1,1,2,Website,0,1,Other,Cybersecurity,1,Cybersecurity
CUST_00645,30,Male,Vadodara,Medium,Logistics,39.89975350510909,318,5.4721075830706845,4,8,0,1,6,5,1,0,0,0,0,Website,15,1,Other,Cybersecurity,1,Cybersecurity
CUST_00646,22,Male,Hyderabad,Medium,Retail,37.67138724775534,459,2.41801806896566,8,6,0,2,8,2,1,0,0,0,0,LinkedIn,0,0,Other,Cybersecurity,0,No Offer
CUST_00647,34,Male,Kolkata,Small,IT,7.350342417798969,35,0.825969003530126,7,7,0,1,3,1,0,1,0,0,5,Referral,10,0,Other,Cloud Services,0,No Offer
CUST_00648,25,Male,Vadodara,Small,IT,10.371894127695551,89,0.4080065087722742,9,8,1,1,7,5,0,0,0,0,0,Email Campaign,0,1,Other,Cybersecurity,1,Cybersecurity
CUST_00649,22,Male,Vadodara,Small,Healthcare,6.97946467131356,65,0.5524162019818389,4,10,0,2,3,2,0,0,0,0,1,Website,10,0,Other,Cybersecurity,0,No Offer
CUST_00650,53,Male,Hyderabad,Small,Manufacturing,9.940257976606508,49,0.8787217169340328,10,8,0,2,4,0,1,0,0,0,1,Referral,0,0,Other,Cybersecurity,0,No Offer
CUST_00651,55,Male,Chennai,Small,Manufacturing,22.26182143596312,94,2.713180364374644,9,8,0,2,5,4,0,0,1,0,2,Referral,10,0,Other,Cybersecurity,0,No Offer
CUST_00652,49,Male,Vadodara,Small,Finance,17.940403742965657,77,2.458493159053865,4,10,1,4,6,1,0,0,0,1,0,LinkedIn,10,0,Other,Cybersecurity,0,No Offer
CUST_00653,52,Other,Bangalore,Medium,Finance,27.27594678034537,352,1.9222447542404264,0,14,0,1,4,3,1,0,1,1,3,Referral,0,0,Other,Cybersecurity,0,No Offer
CUST_00654,29,Female,Delhi,Small,IT,12.351793716896514,82,1.1527764401004537,8,9,0,4,4,3,1,1,0,0,1,Email Campaign,0,1,Other,Data Analytics,0,No Offer
CUST_00655,60,Female,Ahmedabad,Large,Healthcare,40.87013782039828,596,4.401459904179858,2,11,0,3,3,4,1,0,1,0,7,Referral,15,1,Other,Cybersecurity,1,Cybersecurity
CUST_00656,47,Male,Hyderabad,Small,Manufacturing,6.297074986313279,26,0.4372844249159919,0,6,1,2,4,1,0,0,1,0,2,LinkedIn,10,0,Other,Cybersecurity,1,Cybersecurity
CUST_00657,55,Female,Surat,Medium,Healthcare,17.213431777443056,185,2.552142328907437,4,6,0,1,5,3,1,0,0,0,0,Email Campaign,0,0,Other,Cybersecurity,0,No Offer
CUST_00658,24,Male,Vadodara,Small,Retail,7.695788685971325,86,1.039646607990166,9,14,1,3,3,2,0,1,0,0,4,LinkedIn,10,1,Other,Cloud Services,1,Cloud Services
CUST_00659,33,Female,Pune,Medium,Logistics,71.9775745340095,316,4.719450040840864,2,10,0,2,3,3,1,1,0,0,0,LinkedIn,0,1,Other,Data Analytics,1,Data Analytics
CUST_00660,22,Other,Bangalore,Small,Manufacturing,19.24203877092705,79,1.750131691579406,5,7,1,1,7,0,0,0,1,1,2,Email Campaign,10,1,Other,Cybersecurity,1,Cybersecurity
CUST_00661,26,Male,Surat,Large,Finance,845.856554646946,4463,48.80666213467666,6,14,0,2,3,0,0,0,0,0,1,Referral,0,0,Other,Cybersecurity,0,No Offer
CUST_00662,51,Female,Kolkata,Medium,IT,10.610743963797832,143,0.9734346411364015,10,10,0,3,6,1,0,0,0,0,2,Website,0,1,Other,Cybersecurity,1,Cybersecurity
CUST_00663,51,Female,Ahmedabad,Medium,Healthcare,72.4081920772023,492,8.109708923499603,3,8,0,3,5,0,1,0,1,0,3,LinkedIn,5,1,Other,Cybersecurity,1,Cybersecurity
CUST_00664,38,Female,Mumbai,Small,Logistics,9.386124827742112,44,0.3779091431154513,3,9,0,5,3,5,1,0,0,0,1,Website,15,1,Other,Cybersecurity,1,Cybersecurity
CUST_00665,44,Female,Vadodara,Medium,Logistics,41.781840932378856,254,5.616067065225391,1,9,0,2,5,3,1,0,0,0,2,Referral,5,1,Other,Cybersecurity,1,Cybersecurity
CUST_00666,36,Male,Mumbai,Medium,Real Estate,15.915945956698724,208,1.6114816372060383,1,4,0,3,8,1,0,1,0,0,1,Cold Call,5,0,Other,Cloud Services,0,No Offer
CUST_00667,58,Male,Ahmedabad,Small,Logistics,2.193816297416785,26,0.3263353249467974,6,4,1,1,4,0,0,0,1,1,1,Cold Call,5,1,Other,Cybersecurity,1,Cybersecurity
CUST_00668,42,Male,Bangalore,Medium,Finance,46.57112204989486,209,1.5401526864037318,10,8,0,3,8,4,0,0,1,0,0,Referral,10,0,Other,Cybersecurity,0,No Offer
CUST_00669,35,Female,Bangalore,Large,IT,285.79132640425644,1839,37.0899417917256,4,10,1,2,4,2,0,0,1,1,1,Website,15,1,Other,Cybersecurity,1,Cybersecurity
CUST_00670,23,Male,Ahmedabad,Medium,Finance,92.90733441012446,486,11.616721124061348,4,11,1,3,5,1,0,1,1,0,0,Referral,10,0,Other,Cloud Services,0,No Offer
CUST_00671,32,Female,Bangalore,Large,Manufacturing,486.3626079775304,3903,22.34461754718468,1,10,0,0,5,4,0,1,1,0,1,Referral,10,1,Other,Cloud Services,1,Cloud Services
CUST_00672,60,Male,Vadodara,Large,Healthcare,476.6902171141583,3046,33.48113643192593,6,10,0,2,6,1,1,0,0,0,0,Email Campaign,0,1,Other,Cybersecurity,1,Cybersecurity
CUST_00673,59,Male,Ahmedabad,Large,Retail,362.2408470424466,1476,49.3283445373528,1,7,1,2,9,3,0,0,0,0,5,Website,5,1,Other,Cybersecurity,1,Cybersecurity
CUST_00674,55,Male,Hyderabad,Small,Real Estate,10.086832843245602,87,0.9301524026481554,4,6,0,2,7,3,1,1,0,0,1,Email Campaign,10,1,Other,Data Analytics,1,Data Analytics
CUST_00675,59,Female,Pune,Medium,Education,27.373740414244928,148,2.1393612449437813,4,5,0,2,6,1,1,0,0,0,1,Website,0,0,Other,Cybersecurity,0,No Offer
CUST_00676,55,Male,Kolkata,Medium,Real Estate,40.22252904498588,476,5.577238656910444,2,8,1,4,3,0,1,0,1,1,2,Referral,0,1,Other,Cybersecurity,1,Cybersecurity
CUST_00677,39,Male,Delhi,Medium,Logistics,9.739584993820731,131,0.4012839813968763,1,6,0,5,12,1,0,0,1,0,0,Website,0,0,Other,Cybersecurity,0,No Offer
CUST_00678,51,Male,Chennai,Large,Finance,148.4307199767967,718,12.880036235736812,2,4,1,3,4,2,0,1,0,0,0,Referral,0,0,Other,Cloud Services,1,Cloud Services
CUST_00679,36,Male,Pune,Small,Education,7.877579111907593,36,0.853022801440451,10,11,0,4,7,3,1,1,1,0,4,LinkedIn,0,1,Other,AI Solutions,1,AI Solutions
CUST_00680,48,Male,Delhi,Small,Healthcare,13.958337769311116,76,1.438057367366636,4,8,1,6,4,3,1,0,0,0,1,Referral,15,0,Other,Cybersecurity,0,No Offer
CUST_00681,55,Female,Chennai,Small,Manufacturing,5.633102558113756,69,0.3476366413090078,5,7,0,3,10,2,0,0,0,0,4,Referral,0,1,Other,Cybersecurity,1,Cybersecurity
CUST_00682,59,Male,Mumbai,Small,Real Estate,1.0792935244135848,11,0.1053364021423096,3,10,0,1,2,6,1,0,1,0,0,LinkedIn,10,0,Other,Cybersecurity,0,No Offer
CUST_00683,54,Male,Pune,Small,Finance,17.88210590466472,77,2.056932358214902,6,12,1,3,5,6,1,0,0,1,4,LinkedIn,15,1,Other,Cybersecurity,1,Cybersecurity
CUST_00684,45,Female,Surat,Medium,Manufacturing,13.79082364927376,128,1.3816508903753506,1,12,1,1,6,2,1,0,1,0,1,Referral,10,1,Other,Cybersecurity,1,Cybersecurity
CUST_00685,36,Other,Pune,Small,Retail,6.1993909939432825,29,0.6951716049484805,5,9,0,0,5,1,0,0,0,0,0,Email Campaign,10,0,Other,Cybersecurity,0,No Offer
CUST_00686,51,Female,Bangalore,Medium,Logistics,18.114680365171576,169,1.1000945524364287,8,6,1,5,4,5,0,1,0,0,0,LinkedIn,0,0,Other,Cloud Services,0,No Offer
CUST_00687,38,Male,Vadodara,Medium,Retail,43.296437523373015,182,5.626020230723075,9,6,1,2,4,3,1,0,1,0,0,Website,10,0,Other,Cybersecurity,0,No Offer
CUST_00688,26,Female,Vadodara,Small,Logistics,20.261480683363857,87,1.701209524556732,4,3,0,2,11,3,0,0,1,0,1,Referral,10,0,Other,Cybersecurity,0,No Offer
CUST_00689,50,Female,Delhi,Small,IT,4.750863412786365,81,0.7053457793259956,3,4,0,3,5,1,1,0,0,0,1,Website,5,1,Other,Cybersecurity,1,Cybersecurity
CUST_00690,25,Female,Bangalore,Medium,IT,60.40850802255059,296,1.9810510183144807,8,10,0,2,6,1,0,0,0,1,1,Email Campaign,15,0,Other,Cybersecurity,0,No Offer
CUST_00691,31,Male,Mumbai,Medium,IT,37.33209666086224,445,2.823719323949314,5,16,1,3,2,4,1,0,0,1,4,Email Campaign,20,1,Other,Cybersecurity,1,Cybersecurity
CUST_00692,38,Female,Vadodara,Large,Manufacturing,144.0480953806157,1548,7.441093367210659,3,5,0,1,3,3,0,1,0,0,3,LinkedIn,15,0,Other,Cloud Services,1,Cloud Services
CUST_00693,31,Female,Kolkata,Large,IT,589.7394024049901,4154,57.011961722548776,0,6,0,3,3,3,1,1,1,1,6,Website,5,1,Other,Advanced IT Solutions,1,Advanced IT Solutions
CUST_00694,38,Male,Mumbai,Large,Healthcare,557.2689601910291,3372,32.98174681230018,8,9,0,3,5,5,0,0,0,0,4,Referral,10,1,Other,Cybersecurity,1,Cybersecurity
CUST_00695,41,Male,Bangalore,Medium,Education,24.41390808434886,212,2.8929834987384067,9,6,1,2,5,1,1,0,0,1,1,Website,0,1,Other,Cybersecurity,1,Cybersecurity
CUST_00696,45,Female,Bangalore,Large,Education,248.2753163587061,1504,33.721722605696066,2,4,1,2,4,1,1,0,1,0,3,Email Campaign,10,1,Other,Cybersecurity,1,Cybersecurity
CUST_00697,26,Female,Delhi,Large,Manufacturing,220.59324993129204,2622,12.200157287899266,5,7,1,6,4,1,1,1,0,0,1,Email Campaign,15,1,Other,Data Analytics,1,Data Analytics
CUST_00698,55,Male,Hyderabad,Large,Manufacturing,244.06900585628543,4481,12.028041363161638,0,8,0,3,5,2,0,1,0,0,2,Referral,0,0,Other,Cloud Services,0,No Offer
CUST_00699,27,Female,Vadodara,Small,IT,16.26024288956291,99,2.1958297412952024,5,13,1,4,5,3,1,1,0,0,0,Website,10,1,Other,Data Analytics,1,Data Analytics
CUST_00700,23,Male,Bangalore,Large,Logistics,149.0320434846823,971,10.931892315652226,2,7,1,4,8,3,1,0,1,1,1,Cold Call,20,1,Other,Cybersecurity,1,Cybersecurity
CUST_00701,34,Male,Bangalore,Medium,Education,53.37234515951253,284,4.38454008667045,2,8,1,5,5,0,0,1,0,0,0,Website,5,0,Other,Cloud Services,0,No Offer
CUST_00702,32,Female,Kolkata,Medium,Real Estate,66.94676141040615,372,3.7835859493998094,10,7,1,3,2,1,1,1,1,0,0,Referral,10,1,Other,AI Solutions,1,AI Solutions
CUST_00703,44,Male,Pune,Small,Education,9.409388317918436,41,0.7625159796428512,6,5,1,4,9,3,0,1,0,0,7,Email Campaign,0,0,Other,Cloud Services,0,No Offer
CUST_00704,37,Male,Pune,Small,IT,8.65551716597086,61,0.4999081253411558,10,6,0,3,3,1,1,1,0,0,1,Referral,5,0,Other,Data Analytics,0,No Offer
CUST_00705,52,Female,Bangalore,Small,Manufacturing,5.115715598920252,99,0.5622749154637658,8,8,0,1,4,1,1,0,0,1,3,LinkedIn,10,1,Other,Cybersecurity,1,Cybersecurity
CUST_00706,32,Male,Mumbai,Small,Retail,8.102004670691057,46,0.7280880230020835,5,6,1,2,5,3,1,1,1,0,2,Referral,0,0,Other,AI Solutions,1,AI Solutions
CUST_00707,37,Male,Kolkata,Small,Logistics,4.440635662095449,24,0.5531577882904318,0,9,0,2,3,2,1,1,1,0,1,Email Campaign,5,1,Other,AI Solutions,1,AI Solutions
CUST_00708,29,Female,Mumbai,Large,Real Estate,305.2034178050456,1978,20.609585318247923,8,7,0,5,2,2,0,0,1,1,0,Email Campaign,5,1,Other,Cybersecurity,1,Cybersecurity
CUST_00709,25,Female,Chennai,Small,Retail,2.442192662627161,13,0.2214370323206061,4,9,0,5,3,0,1,1,0,0,0,Cold Call,10,0,Other,Data Analytics,0,No Offer
CUST_00710,25,Female,Hyderabad,Small,IT,7.1124392841282935,62,0.4348744438226591,1,16,1,4,2,4,1,1,1,0,1,Website,0,1,Other,AI Solutions,1,AI Solutions
CUST_00711,46,Female,Pune,Small,Retail,7.417834439354073,93,1.0543477814760644,2,10,0,3,4,3,1,0,0,1,4,Website,5,1,Other,Cybersecurity,1,Cybersecurity
CUST_00712,24,Male,Pune,Medium,Healthcare,48.47134418968955,265,4.490011133496049,10,11,1,2,4,2,1,0,1,0,2,Cold Call,5,0,Other,Cybersecurity,1,Cybersecurity
CUST_00713,53,Female,Kolkata,Small,Healthcare,2.9711185752931724,30,0.1509788746500308,4,2,0,6,3,0,0,1,1,1,1,Email Campaign,0,0,Other,Cloud Services,0,No Offer
CUST_00714,24,Male,Ahmedabad,Small,Healthcare,9.747159548122028,69,0.6114576343919208,1,6,0,6,10,0,1,0,1,0,2,LinkedIn,10,1,Other,Cybersecurity,1,Cybersecurity
CUST_00715,48,Female,Mumbai,Medium,Manufacturing,16.31570007345627,110,0.6517834320615198,2,8,0,5,9,2,0,1,0,0,2,LinkedIn,10,1,Other,Cloud Services,1,Cloud Services
CUST_00716,50,Male,Vadodara,Medium,Manufacturing,50.61308871259983,348,1.6873350757160788,7,6,0,3,4,0,0,0,0,0,0,Website,15,0,Other,Cybersecurity,0,No Offer
CUST_00717,53,Female,Kolkata,Small,Manufacturing,13.575186298879292,80,1.2639940010731168,5,10,0,2,5,1,1,0,1,1,2,Email Campaign,0,0,Other,Cybersecurity,0,No Offer
CUST_00718,40,Male,Delhi,Small,Manufacturing,3.12988153996962,56,0.2205150236287086,1,8,0,2,6,0,1,0,1,0,4,Website,10,1,Other,Cybersecurity,1,Cybersecurity
CUST_00719,42,Male,Ahmedabad,Small,Manufacturing,15.619999436119109,63,2.275096882409079,1,7,0,1,7,0,1,0,0,0,1,Website,20,0,Other,Cybersecurity,1,Cybersecurity
CUST_00720,26,Female,Surat,Large,IT,303.4214888167114,1570,15.340919948307056,0,3,1,2,3,0,0,0,0,0,0,Email Campaign,0,0,Other,Cybersecurity,0,No Offer
CUST_00721,39,Female,Mumbai,Small,Real Estate,3.5120164653535664,26,0.4399486109763685,6,5,1,0,7,2,0,1,0,0,1,Referral,20,0,Other,Cloud Services,0,No Offer
CUST_00722,49,Female,Ahmedabad,Medium,Retail,38.92530867159955,441,2.643673570400292,5,13,1,3,5,2,0,0,0,0,3,Cold Call,0,1,Other,Cybersecurity,1,Cybersecurity
CUST_00723,43,Male,Kolkata,Small,IT,1.05656743181874,16,0.0600389015829846,5,4,1,2,5,4,1,0,0,1,1,LinkedIn,5,0,Other,Cybersecurity,0,No Offer
CUST_00724,42,Male,Vadodara,Medium,Real Estate,38.5475595821719,209,5.64168275388762,4,11,1,3,5,1,0,0,0,0,1,Cold Call,0,0,Other,Cybersecurity,0,No Offer
CUST_00725,27,Female,Delhi,Small,Retail,4.195471550693331,37,0.5299266209956092,2,12,0,1,5,4,1,0,0,0,2,Website,10,1,Other,Cybersecurity,0,No Offer
CUST_00726,22,Female,Hyderabad,Small,IT,1.8220181413494985,19,0.1925408687837713,7,14,1,3,4,2,0,0,1,0,0,LinkedIn,15,0,Other,Cybersecurity,0,No Offer
CUST_00727,26,Female,Ahmedabad,Medium,Healthcare,17.512731961722867,139,1.9904012232250217,2,13,1,3,7,2,1,1,0,0,1,LinkedIn,0,1,Other,Data Analytics,1,Data Analytics
CUST_00728,33,Female,Hyderabad,Small,Finance,3.7088615863539247,22,0.5524934479301679,4,11,1,5,3,1,0,0,0,1,3,Referral,10,0,Other,Cybersecurity,0,No Offer
CUST_00729,47,Female,Bangalore,Small,Manufacturing,13.825578250260016,75,1.3989396014288953,7,4,0,2,7,1,1,1,0,0,1,Email Campaign,15,0,Other,Data Analytics,0,No Offer
CUST_00730,55,Female,Pune,Medium,Finance,38.85038100998661,217,1.6405759909723738,2,6,0,3,6,1,0,0,1,0,1,Referral,10,0,Other,Cybersecurity,0,No Offer
CUST_00731,35,Female,Chennai,Large,Finance,281.65619262346934,1265,10.642079331937197,4,10,0,3,6,4,0,1,0,0,3,Referral,10,1,Other,Cloud Services,1,Cloud Services
CUST_00732,47,Female,Pune,Small,Healthcare,6.468852548767591,69,0.7115272906415417,10,11,0,3,8,4,1,0,0,0,1,Cold Call,20,0,Other,Cybersecurity,1,Cybersecurity
CUST_00733,48,Female,Surat,Medium,Finance,73.2452330800834,413,7.977294879665735,5,4,1,1,6,1,0,1,0,1,1,LinkedIn,15,0,Other,Cloud Services,0,No Offer
CUST_00734,30,Female,Vadodara,Large,Finance,303.924604026683,4328,36.404348973681344,0,4,1,3,3,1,0,0,0,0,1,Cold Call,5,1,Other,Cybersecurity,1,Cybersecurity
CUST_00735,47,Female,Delhi,Large,Healthcare,150.49048251498496,943,6.47913410745836,1,5,0,2,2,0,1,1,1,0,1,Email Campaign,15,1,Other,AI Solutions,1,AI Solutions
CUST_00736,43,Female,Hyderabad,Medium,Real Estate,36.19379466805173,217,5.189765709705195,6,7,1,3,7,5,0,0,0,1,2,LinkedIn,10,0,Other,Cybersecurity,0,No Offer
CUST_00737,51,Male,Kolkata,Medium,Retail,29.466197292639777,316,2.83285102643393,8,7,1,2,8,0,0,0,1,1,0,Website,15,1,Other,Cybersecurity,1,Cybersecurity
CUST_00738,38,Male,Hyderabad,Small,IT,9.7537355758668,76,1.0528832025422423,9,8,1,8,2,2,1,1,0,0,1,Email Campaign,10,1,Other,Data Analytics,1,Data Analytics
CUST_00739,47,Female,Vadodara,Medium,Education,37.91718971334985,176,1.2960962233018114,3,6,0,4,5,0,1,1,0,0,1,LinkedIn,10,0,Other,Data Analytics,0,No Offer
CUST_00740,57,Female,Kolkata,Small,Finance,3.5856814837766717,45,0.521060138198339,4,9,0,3,0,3,1,1,1,0,1,Cold Call,0,1,Other,AI Solutions,1,AI Solutions
CUST_00741,22,Female,Kolkata,Small,Real Estate,10.952099161853443,80,1.0679503806669048,3,10,1,4,2,4,1,0,0,1,1,LinkedIn,5,0,Other,Cybersecurity,0,No Offer
CUST_00742,29,Female,Surat,Small,Manufacturing,5.67711874181497,24,0.5541070767219327,10,6,0,2,5,4,1,0,0,0,4,Website,0,1,Other,Cybersecurity,1,Cybersecurity
CUST_00743,56,Female,Vadodara,Small,Healthcare,12.669029985353298,84,1.8145425708600624,2,14,0,2,7,1,0,1,0,0,2,Website,10,0,Other,Cloud Services,0,No Offer
CUST_00744,36,Male,Ahmedabad,Medium,Logistics,44.27107051723123,227,6.265331388345402,9,8,0,4,6,3,1,0,1,0,0,Email Campaign,0,0,Other,Cybersecurity,0,No Offer
CUST_00745,43,Female,Pune,Medium,Logistics,101.87152734195512,473,5.749204302623175,1,6,1,2,4,2,1,0,1,0,1,Website,15,0,Other,Cybersecurity,0,No Offer
CUST_00746,35,Female,Bangalore,Medium,Finance,21.87192486755274,241,3.0999485632657846,2,6,1,1,5,2,0,1,1,0,0,Cold Call,15,1,Other,Cloud Services,1,Cloud Services
CUST_00747,47,Male,Hyderabad,Small,Education,1.8728689421317293,20,0.2217374844631054,1,9,0,3,7,2,1,1,0,0,3,Referral,0,0,Other,Data Analytics,1,Data Analytics
CUST_00748,49,Male,Ahmedabad,Small,Retail,3.0257743682951506,15,0.0976359514050391,7,12,0,1,4,3,0,0,0,0,1,Website,10,0,Other,Cybersecurity,0,No Offer
CUST_00749,44,Male,Bangalore,Medium,Real Estate,66.41890606727775,331,3.9041815300501503,0,12,0,2,6,0,0,1,0,0,0,Website,10,0,Other,Cloud Services,0,No Offer
CUST_00750,35,Male,Delhi,Large,Retail,292.7510180196725,4719,23.29057350163157,4,7,0,2,4,4,1,0,0,0,1,Cold Call,10,1,Other,Cybersecurity,1,Cybersecurity
CUST_00751,45,Male,Chennai,Small,Education,7.900475721590509,69,0.7895632308142329,0,4,1,1,5,2,0,1,1,0,1,Website,10,1,Other,Cloud Services,1,Cloud Services
CUST_00752,23,Male,Hyderabad,Small,Manufacturing,3.5020754563055654,27,0.399795419999787,4,8,0,6,5,4,1,1,0,0,1,Website,10,0,Other,Data Analytics,1,Data Analytics
CUST_00753,47,Male,Surat,Large,Finance,489.02111085312686,2266,27.00631176947496,2,9,0,1,1,3,1,0,0,0,0,LinkedIn,0,0,Other,Cybersecurity,0,No Offer
CUST_00754,35,Male,Bangalore,Small,Manufacturing,10.212306282532008,76,1.3317262186977552,8,8,1,2,5,0,1,0,0,1,1,Website,10,1,Other,Cybersecurity,1,Cybersecurity
CUST_00755,28,Male,Kolkata,Large,Retail,721.5499671514305,3068,94.87360271514464,0,11,0,3,5,1,0,0,0,0,1,Referral,0,1,Other,Cybersecurity,1,Cybersecurity
CUST_00756,24,Female,Ahmedabad,Medium,Logistics,114.937237052367,461,12.206318289650149,9,7,1,4,3,2,0,0,0,0,2,Website,10,1,Other,Cybersecurity,1,Cybersecurity
CUST_00757,44,Female,Pune,Small,Retail,8.039664092415927,39,1.129824199346401,0,16,0,2,6,2,1,1,0,0,3,LinkedIn,15,1,Other,Data Analytics,1,Data Analytics
CUST_00758,39,Female,Surat,Small,IT,5.131765461576642,28,0.6545971805536688,7,8,0,2,2,3,1,0,1,0,1,Email Campaign,0,0,Other,Cybersecurity,0,No Offer
CUST_00759,59,Male,Hyderabad,Small,Retail,2.3108297975536423,18,0.1307810406152161,2,5,1,3,3,0,0,0,0,1,3,Email Campaign,15,0,Other,Cybersecurity,0,No Offer
CUST_00760,56,Male,Vadodara,Small,Healthcare,3.106986571309928,49,0.39098699295236,10,9,0,6,2,2,0,0,1,0,4,Email Campaign,15,0,Other,Cybersecurity,1,Cybersecurity
CUST_00761,36,Male,Ahmedabad,Large,IT,181.0905264071488,1100,26.14661973786905,6,11,0,4,4,2,0,1,1,1,1,Cold Call,15,0,Other,Cloud Services,0,No Offer
CUST_00762,46,Male,Surat,Medium,Manufacturing,27.0373568250444,221,1.257582457886998,9,10,0,2,7,2,1,1,0,0,0,LinkedIn,5,0,Other,Data Analytics,0,No Offer
CUST_00763,58,Male,Chennai,Medium,Retail,31.00634071294893,258,4.571691029893238,4,9,0,3,7,4,0,1,1,0,4,Email Campaign,10,1,Other,Cloud Services,1,Cloud Services
CUST_00764,49,Male,Hyderabad,Medium,Education,51.949092600102745,277,1.7142751516524783,1,6,0,1,4,2,0,0,1,0,2,Website,10,0,Other,Cybersecurity,0,No Offer
CUST_00765,31,Male,Delhi,Small,Healthcare,8.849128046598285,62,0.8199608186870534,10,8,0,4,2,0,1,0,0,0,2,LinkedIn,5,1,Other,Cybersecurity,1,Cybersecurity
CUST_00766,60,Female,Pune,Medium,IT,85.57881434348184,427,10.514827301784546,6,11,1,3,2,4,0,1,0,1,1,Referral,5,1,Other,Cloud Services,1,Cloud Services
CUST_00767,38,Male,Delhi,Medium,Healthcare,60.53937899881442,467,7.558497193782604,6,6,1,6,3,2,0,0,0,0,1,Website,15,0,Other,Cybersecurity,0,No Offer
CUST_00768,60,Male,Bangalore,Medium,IT,32.55010690150889,406,3.8461436866433303,2,9,0,2,4,3,0,1,1,0,0,Website,5,1,Other,Cloud Services,1,Cloud Services
CUST_00769,43,Female,Vadodara,Small,IT,8.820709324759058,62,0.8249318305089105,5,6,0,7,4,3,1,0,0,1,2,LinkedIn,20,1,Other,Cybersecurity,1,Cybersecurity
CUST_00770,47,Male,Bangalore,Medium,IT,45.15807053863366,188,4.8822972490616605,4,6,0,4,2,0,0,1,0,0,2,LinkedIn,0,0,Other,Cloud Services,0,No Offer
CUST_00771,46,Male,Pune,Large,Real Estate,829.0220175954946,3942,94.50176365548508,0,10,0,3,11,2,1,0,1,0,6,Referral,0,1,Other,Cybersecurity,1,Cybersecurity
CUST_00772,38,Female,Ahmedabad,Small,Real Estate,2.552195828410854,28,0.2280251882552349,0,8,1,1,4,3,0,0,0,0,1,Website,0,1,Other,Cybersecurity,1,Cybersecurity
CUST_00773,34,Female,Bangalore,Small,Education,9.61950752467414,75,0.9762087578173811,1,6,1,5,6,1,1,0,0,1,1,Website,0,1,Other,Cybersecurity,1,Cybersecurity
CUST_00774,41,Female,Vadodara,Medium,Manufacturing,41.92939858985115,178,5.516406373752217,6,6,0,1,2,1,0,0,0,0,1,Website,0,0,Other,Cybersecurity,0,No Offer
CUST_00775,46,Male,Mumbai,Small,IT,6.726583057078197,90,0.4543502984189137,2,8,0,6,4,3,0,1,0,0,0,Email Campaign,15,0,Other,Cloud Services,0,No Offer
CUST_00776,25,Male,Mumbai,Medium,IT,42.93656060689255,426,3.983858438342575,8,5,0,2,3,2,1,1,1,0,1,Website,0,1,Other,AI Solutions,1,AI Solutions
CUST_00777,31,Male,Surat,Large,Real Estate,348.51628825123834,3402,10.810127155203068,2,11,1,3,7,0,1,1,1,0,3,Email Campaign,5,1,Other,AI Solutions,1,AI Solutions
CUST_00778,24,Male,Surat,Medium,Healthcare,57.62948787147124,351,6.482877555745484,9,11,1,2,7,3,0,0,0,0,1,LinkedIn,10,1,Other,Cybersecurity,1,Cybersecurity
CUST_00779,39,Female,Hyderabad,Medium,IT,56.42662550334696,427,3.015791857974704,3,3,0,4,4,2,0,0,1,0,1,LinkedIn,0,0,Other,Cybersecurity,0,No Offer
CUST_00780,57,Female,Surat,Medium,Manufacturing,16.361585430216476,248,1.4352407354679813,10,6,1,5,2,1,1,1,1,0,2,Referral,0,1,Other,AI Solutions,1,AI Solutions
CUST_00781,43,Male,Chennai,Small,Logistics,4.220070981970011,24,0.2330518414771678,7,8,0,4,5,2,1,0,0,0,0,Email Campaign,10,1,Other,Cybersecurity,1,Cybersecurity
CUST_00782,55,Female,Surat,Small,Education,6.562663852978825,94,0.2154131785482358,3,6,0,3,7,2,1,1,1,0,2,Email Campaign,15,1,Other,AI Solutions,1,AI Solutions
CUST_00783,29,Male,Chennai,Large,Education,398.7467923294588,2328,35.08432116715443,6,13,0,2,7,2,0,1,0,0,1,Website,10,1,Other,Cloud Services,1,Cloud Services
CUST_00784,40,Female,Surat,Medium,Healthcare,63.58870393898616,420,5.14941533026158,10,7,1,3,5,1,0,0,1,0,0,Website,0,0,Other,Cybersecurity,0,No Offer
CUST_00785,58,Male,Delhi,Small,Logistics,11.155029910879689,75,0.9037575621216404,4,5,1,4,3,2,0,0,0,0,0,Cold Call,0,0,Other,Cybersecurity,0,No Offer
CUST_00786,27,Male,Kolkata,Small,IT,3.492458698291528,55,0.192283387688798,5,10,0,1,3,3,0,0,0,0,0,Email Campaign,10,0,Other,Cybersecurity,0,No Offer
CUST_00787,47,Male,Chennai,Medium,Healthcare,51.75263000862179,291,7.435018341343364,7,14,1,7,9,4,1,0,1,0,1,Website,0,1,Other,Cybersecurity,1,Cybersecurity
CUST_00788,55,Female,Ahmedabad,Medium,Real Estate,56.68584551463232,416,1.7244320693274564,3,5,0,1,4,1,1,0,0,1,1,Referral,0,0,Other,Cybersecurity,0,No Offer
CUST_00789,27,Female,Hyderabad,Large,Education,364.2694733794133,2755,49.89961918910351,5,2,1,2,4,4,1,1,0,0,1,Email Campaign,5,1,Other,Data Analytics,1,Data Analytics
CUST_00790,58,Male,Pune,Small,Manufacturing,4.570837540660098,27,0.541316203108271,9,6,1,2,5,2,0,0,1,0,0,Website,5,0,Other,Cybersecurity,0,No Offer
CUST_00791,54,Male,Chennai,Large,Healthcare,755.8957873208121,4414,38.28509665124741,1,6,0,3,6,2,0,0,0,0,4,LinkedIn,5,1,Other,Cybersecurity,1,Cybersecurity
CUST_00792,43,Male,Bangalore,Medium,Manufacturing,20.990637024349493,396,1.8191123815670271,8,9,0,1,3,2,1,0,0,0,1,Website,10,1,Other,Cybersecurity,1,Cybersecurity
CUST_00793,42,Male,Kolkata,Medium,Real Estate,21.98823781050791,293,3.2688156244525204,8,12,1,2,6,4,1,1,0,0,3,Email Campaign,20,1,Other,Data Analytics,1,Data Analytics
CUST_00794,27,Female,Delhi,Medium,Real Estate,47.77608928695157,491,5.123688811890416,9,11,0,5,4,2,0,1,0,0,2,Email Campaign,10,1,Other,Cloud Services,1,Cloud Services
CUST_00795,27,Male,Mumbai,Small,Logistics,13.548469066851297,73,0.6135452243048282,9,10,0,5,6,2,0,0,0,0,1,Website,10,0,Other,Cybersecurity,0,No Offer
CUST_00796,25,Male,Delhi,Large,Logistics,420.8112336580701,2545,35.734056422608056,5,6,0,5,6,4,1,0,0,0,1,Email Campaign,5,0,Other,Cybersecurity,0,No Offer
CUST_00797,51,Female,Surat,Small,Retail,7.657981406124129,38,0.6599983151250444,5,12,0,3,3,0,0,0,0,0,0,Referral,0,1,Other,Cybersecurity,1,Cybersecurity
CUST_00798,32,Male,Hyderabad,Small,IT,14.066630838722768,71,1.7762159818548875,9,8,1,3,10,1,0,0,0,0,0,LinkedIn,0,0,Other,Cybersecurity,0,No Offer
CUST_00799,51,Female,Kolkata,Large,Manufacturing,904.6099527490436,4100,126.59071146738656,6,8,0,6,5,1,0,1,0,0,1,Email Campaign,10,1,Other,Cloud Services,1,Cloud Services
CUST_00800,52,Female,Bangalore,Medium,IT,41.36978084397932,330,1.6493711799744502,3,10,1,3,5,3,1,0,0,0,2,Website,10,1,Other,Cybersecurity,1,Cybersecurity
CUST_00801,45,Male,Chennai,Large,Logistics,203.86888055439957,1713,13.798758033841745,6,8,1,5,4,1,0,1,1,1,2,Website,10,1,Other,Cloud Services,1,Cloud Services
CUST_00802,30,Female,Delhi,Medium,Manufacturing,59.023441006719096,273,3.884484651364692,9,6,0,1,3,1,1,1,0,0,1,Referral,15,0,Other,Data Analytics,0,No Offer
CUST_00803,24,Female,Kolkata,Small,Finance,6.826421474140584,70,1.0207259613311754,0,6,0,0,5,0,1,0,0,0,2,Website,15,0,Other,Cybersecurity,0,No Offer
CUST_00804,52,Male,Chennai,Large,Logistics,267.68528145074566,1882,25.99418261869353,6,7,1,1,5,1,1,1,0,0,3,Referral,5,1,Other,Data Analytics,1,Data Analytics
CUST_00805,58,Male,Hyderabad,Small,Finance,5.420772954671447,61,0.7349472021003829,0,4,0,3,4,3,1,0,1,0,0,Referral,10,0,Other,Cybersecurity,0,No Offer
CUST_00806,57,Male,Pune,Large,Finance,507.2017954242693,2179,41.14620900050393,10,4,0,3,4,3,0,1,0,0,3,Referral,10,1,Other,Cloud Services,1,Cloud Services
CUST_00807,45,Female,Mumbai,Small,Logistics,8.02519675977883,61,0.936755360978838,7,12,1,2,5,0,1,1,0,0,1,Referral,15,1,Other,Data Analytics,1,Data Analytics
CUST_00808,52,Female,Hyderabad,Large,Manufacturing,220.60625045610516,2385,14.204897591675818,9,9,1,1,4,2,1,0,1,1,1,LinkedIn,10,0,Other,Cybersecurity,1,Cybersecurity
CUST_00809,27,Female,Surat,Small,Education,6.594093733982385,35,0.91931111252624,5,11,0,4,4,3,0,0,0,0,4,Website,0,0,Other,Cybersecurity,0,No Offer
CUST_00810,23,Other,Vadodara,Medium,Education,21.665436905618964,219,1.833276167199376,0,9,0,3,3,0,0,0,0,1,3,Website,20,1,Other,Cybersecurity,1,Cybersecurity
CUST_00811,41,Female,Pune,Large,IT,182.1286498437761,763,23.029632255856857,10,7,0,1,6,2,0,0,1,0,3,Email Campaign,5,0,Other,Cybersecurity,1,Cybersecurity
CUST_00812,49,Female,Surat,Medium,Finance,44.221378260353866,358,2.6841503674517813,0,6,1,3,3,0,1,0,1,0,2,Referral,15,1,Other,Cybersecurity,1,Cybersecurity
CUST_00813,32,Male,Delhi,Medium,IT,30.91485606904209,169,3.500567089996569,3,9,0,4,3,3,0,1,0,0,2,Email Campaign,0,0,Other,Cloud Services,1,Cloud Services
CUST_00814,25,Male,Pune,Large,Manufacturing,594.7687352124875,4996,46.760128265860885,6,7,1,2,4,4,1,0,0,1,0,LinkedIn,15,1,Other,Cybersecurity,1,Cybersecurity
CUST_00815,36,Male,Surat,Medium,IT,73.16139434314839,346,2.4708600729538768,4,5,0,0,6,2,0,0,1,0,3,Email Campaign,0,0,Other,Cybersecurity,0,No Offer
CUST_00816,27,Female,Pune,Large,IT,698.7053338310751,3046,55.58968839305815,4,7,0,1,4,1,0,0,1,0,3,LinkedIn,15,1,Other,Cybersecurity,1,Cybersecurity
CUST_00817,51,Male,Hyderabad,Small,Finance,8.926097890967162,43,0.8569285787041373,7,9,0,3,5,2,1,0,0,0,0,Website,5,1,Other,Cybersecurity,1,Cybersecurity
CUST_00818,59,Male,Kolkata,Small,Logistics,18.894183122113347,86,0.91091490056536,1,7,0,3,4,2,1,1,0,0,1,LinkedIn,10,1,Other,Data Analytics,1,Data Analytics
CUST_00819,23,Male,Mumbai,Small,Education,5.700469412589703,81,0.2968210060646784,3,4,0,0,4,4,0,0,1,0,3,Email Campaign,5,0,Other,Cybersecurity,0,No Offer
CUST_00820,36,Male,Mumbai,Small,Healthcare,13.149524382770345,56,1.128012695626295,3,5,1,4,8,2,1,0,1,0,0,Referral,10,0,Other,Cybersecurity,0,No Offer
CUST_00821,32,Female,Surat,Small,Retail,5.245804373251682,30,0.3731212941167252,10,11,0,2,4,0,0,0,1,0,3,Email Campaign,5,1,Other,Cybersecurity,1,Cybersecurity
CUST_00822,29,Male,Surat,Medium,Manufacturing,108.34025711368814,484,8.98020089833579,7,4,0,3,4,0,1,1,1,0,3,Website,15,1,Other,AI Solutions,1,AI Solutions
CUST_00823,47,Female,Pune,Small,Manufacturing,15.698537638314978,84,1.339073309545546,5,6,1,4,7,1,1,0,1,0,0,Website,5,1,Other,Cybersecurity,1,Cybersecurity
CUST_00824,26,Male,Delhi,Small,Manufacturing,2.801455544971005,31,0.1311336834709724,9,6,0,2,3,1,1,0,1,0,1,Website,20,0,Other,Cybersecurity,0,No Offer
CUST_00825,27,Female,Surat,Small,Retail,5.157330609874059,30,0.2668575578222648,8,5,0,4,4,1,1,0,0,0,3,Cold Call,5,1,Other,Cybersecurity,1,Cybersecurity
CUST_00826,47,Male,Pune,Large,Healthcare,304.6695598165988,4468,40.149308044466345,9,9,1,3,5,0,1,0,1,0,2,Referral,5,1,Other,Cybersecurity,1,Cybersecurity
CUST_00827,25,Male,Ahmedabad,Medium,Education,79.62987914436897,421,3.943768722049945,8,8,1,1,7,2,1,0,0,0,0,Website,15,1,Other,Cybersecurity,1,Cybersecurity
CUST_00828,40,Female,Mumbai,Small,IT,10.544018257289164,80,1.1588900939222315,3,8,0,1,3,0,1,1,0,0,1,Referral,10,0,Other,Data Analytics,0,No Offer
CUST_00829,41,Male,Surat,Large,Education,111.521128852618,1388,8.946600293421598,9,4,0,4,2,4,0,0,0,0,1,Referral,5,1,Other,Cybersecurity,1,Cybersecurity
CUST_00830,54,Male,Hyderabad,Small,Real Estate,21.63444475928409,88,3.162704914361221,6,4,1,2,5,3,1,1,0,1,1,Email Campaign,0,0,Other,Data Analytics,1,Data Analytics
CUST_00831,41,Male,Bangalore,Large,Manufacturing,390.4478366922631,1696,14.810671712190072,2,10,0,4,5,1,1,0,0,1,3,Referral,0,1,Other,Cybersecurity,1,Cybersecurity
CUST_00832,33,Male,Pune,Medium,IT,106.57827408918328,466,13.817517682407413,5,4,0,4,10,3,1,1,0,0,0,Cold Call,15,1,Other,Data Analytics,0,No Offer
CUST_00833,22,Male,Mumbai,Small,Finance,10.803731186063432,52,0.9612501817135374,0,6,0,1,5,1,1,1,0,0,1,LinkedIn,0,0,Other,Data Analytics,0,No Offer
CUST_00834,47,Male,Surat,Medium,Education,70.83698061079252,376,2.170606913259171,4,8,0,5,6,1,1,0,0,0,0,Cold Call,15,1,Other,Cybersecurity,1,Cybersecurity
CUST_00835,35,Female,Kolkata,Medium,Finance,37.10825869198205,205,2.2873243541026915,5,10,0,1,3,0,0,0,0,0,1,LinkedIn,0,0,Other,Cybersecurity,0,No Offer
CUST_00836,59,Female,Pune,Small,Finance,1.994125491141589,28,0.1573836070934507,4,12,0,1,3,2,0,1,0,1,1,Cold Call,20,0,Other,Cloud Services,0,No Offer
CUST_00837,58,Male,Delhi,Large,Logistics,1006.9755691507112,4376,68.17563995592917,6,6,1,1,5,1,1,0,1,0,2,Website,10,1,Other,Cybersecurity,1,Cybersecurity
CUST_00838,32,Female,Surat,Small,Education,6.108093340044896,27,0.4489078190709086,3,6,0,2,7,2,0,0,1,0,2,Website,10,0,Other,Cybersecurity,0,No Offer
CUST_00839,57,Male,Pune,Small,Manufacturing,4.390551556709355,22,0.6146799800197584,4,7,1,2,6,1,1,0,0,0,0,Referral,15,0,Other,Cybersecurity,0,No Offer
CUST_00840,34,Female,Surat,Small,Retail,2.354629918150245,10,0.1726228260824574,3,10,1,4,4,2,1,0,0,0,1,Referral,10,1,Other,Cybersecurity,1,Cybersecurity
CUST_00841,24,Female,Vadodara,Small,Manufacturing,15.097968886282253,94,1.2117558192544713,8,9,1,2,6,1,0,0,1,0,4,Email Campaign,10,1,Other,Cybersecurity,1,Cybersecurity
CUST_00842,54,Female,Bangalore,Small,Finance,5.999724078570976,43,0.7279812394326579,1,6,0,1,3,3,1,1,1,0,0,Email Campaign,5,1,Other,AI Solutions,1,AI Solutions
CUST_00843,27,Male,Chennai,Large,Finance,965.5887004374256,3964,120.94966754687252,0,14,0,3,4,1,1,0,1,0,0,Referral,5,1,Other,Cybersecurity,1,Cybersecurity
CUST_00844,31,Male,Chennai,Small,Manufacturing,8.569574253571874,60,0.343560729400326,3,11,0,1,4,2,1,1,1,1,0,Email Campaign,15,0,Other,Advanced IT Solutions,0,No Offer
CUST_00845,26,Male,Vadodara,Small,Retail,17.11342926848943,96,1.959289206449723,5,9,0,0,7,3,1,0,1,1,1,Website,5,0,Other,Cybersecurity,0,No Offer
CUST_00846,44,Male,Pune,Medium,Retail,54.0817943473125,434,4.754256689202759,9,7,1,4,7,3,0,0,0,0,0,LinkedIn,15,1,Other,Cybersecurity,1,Cybersecurity
CUST_00847,31,Male,Delhi,Large,Logistics,476.8435095986137,2690,21.96458851494421,7,7,1,1,2,3,0,0,0,0,3,Website,10,1,Other,Cybersecurity,1,Cybersecurity
CUST_00848,23,Male,Surat,Large,IT,233.9878777449159,1206,14.452323901298431,3,6,1,4,5,2,0,0,0,0,3,Cold Call,5,1,Other,Cybersecurity,1,Cybersecurity
CUST_00849,34,Male,Pune,Medium,Healthcare,64.72450887135274,370,2.291523319533568,0,16,0,6,4,2,1,1,1,0,1,Email Campaign,0,0,Other,AI Solutions,0,No Offer
CUST_00850,23,Male,Kolkata,Large,Finance,121.25968247688895,793,8.879660130109498,8,7,0,5,5,2,1,1,0,0,2,LinkedIn,15,1,Other,Data Analytics,1,Data Analytics
CUST_00851,41,Female,Delhi,Medium,Real Estate,53.14070305059749,483,3.222918427877988,2,12,1,1,4,2,0,1,1,0,2,Cold Call,20,1,Other,Cloud Services,1,Cloud Services
CUST_00852,22,Female,Kolkata,Large,Retail,556.1507796919582,3111,42.185375675859895,5,7,1,4,8,3,0,1,0,0,1,Website,10,1,Other,Cloud Services,1,Cloud Services
CUST_00853,58,Female,Vadodara,Medium,Education,110.28243082888174,476,10.988636879697175,9,10,0,5,3,2,1,0,0,0,2,LinkedIn,5,1,Other,Cybersecurity,1,Cybersecurity
CUST_00854,30,Male,Hyderabad,Small,Logistics,4.984104268691547,97,0.5875299305532311,7,4,1,2,0,1,0,1,0,0,2,Website,5,1,Other,Cloud Services,1,Cloud Services
CUST_00855,38,Female,Chennai,Small,Finance,5.912507022417232,77,0.6068729552606099,10,10,0,4,4,3,1,0,0,0,0,Referral,20,0,Other,Cybersecurity,0,No Offer
CUST_00856,30,Female,Chennai,Medium,Healthcare,32.09631015778748,434,3.575698300414228,4,7,1,6,1,2,1,1,0,0,1,Referral,10,1,Other,Data Analytics,1,Data Analytics
CUST_00857,32,Male,Surat,Small,Education,21.352336512649945,91,2.8585802316155204,10,4,0,2,9,2,0,0,0,0,1,LinkedIn,15,0,Other,Cybersecurity,0,No Offer
CUST_00858,36,Male,Bangalore,Small,Finance,4.198639369228029,23,0.5662240262901933,6,7,0,1,7,5,1,1,1,1,0,Referral,15,0,Other,Advanced IT Solutions,0,No Offer
CUST_00859,45,Female,Vadodara,Medium,Logistics,55.52261051892096,231,7.400404532973132,10,9,0,1,5,2,0,1,0,0,3,Website,5,0,Other,Cloud Services,0,No Offer
CUST_00860,59,Male,Pune,Large,Logistics,512.6798509895708,3078,24.80358954140047,10,7,1,6,7,4,1,0,1,1,2,Website,10,1,Other,Cybersecurity,1,Cybersecurity
CUST_00861,56,Male,Vadodara,Small,Retail,1.708158953182209,12,0.1027086872053485,9,11,1,3,6,1,0,1,1,1,2,LinkedIn,15,1,Other,Cloud Services,1,Cloud Services
CUST_00862,51,Male,Pune,Medium,IT,22.723075477553103,109,2.051417362505085,8,7,0,2,4,1,0,1,0,0,4,Referral,15,0,Other,Cloud Services,0,No Offer
CUST_00863,52,Male,Vadodara,Medium,Manufacturing,19.643040385315736,239,1.4348988643782488,0,6,0,6,7,1,0,1,1,0,6,Cold Call,15,1,Other,Cloud Services,1,Cloud Services
CUST_00864,26,Female,Hyderabad,Large,Real Estate,109.60029699268702,868,5.019723873165169,10,12,0,3,8,2,1,0,0,0,2,Website,10,1,Other,Cybersecurity,1,Cybersecurity
CUST_00865,35,Female,Ahmedabad,Large,Logistics,148.69853233490483,1038,9.595520477833334,7,7,0,0,3,1,0,0,0,0,3,Cold Call,0,0,Other,Cybersecurity,0,No Offer
CUST_00866,32,Male,Bangalore,Medium,Education,43.76697988206704,399,6.435997915047161,1,8,0,2,4,1,1,1,0,0,1,Website,0,1,Other,Data Analytics,1,Data Analytics
CUST_00867,30,Male,Pune,Medium,Manufacturing,44.35979272596536,357,3.1775456575691217,0,7,0,2,5,2,0,1,0,0,2,Website,10,0,Other,Cloud Services,0,No Offer
CUST_00868,55,Female,Bangalore,Small,Retail,1.115557635543022,17,0.0895454635691647,3,8,1,1,7,0,1,0,1,0,0,Referral,15,0,Other,Cybersecurity,0,No Offer
CUST_00869,33,Female,Delhi,Medium,Real Estate,42.20005412614836,471,1.29841846564792,5,10,1,3,4,1,1,0,0,0,2,Website,0,0,Other,Cybersecurity,0,No Offer
CUST_00870,56,Male,Vadodara,Medium,Retail,39.81377698250313,340,4.631528139298446,7,6,1,2,8,2,1,0,0,1,1,Referral,15,1,Other,Cybersecurity,1,Cybersecurity
CUST_00871,56,Female,Surat,Large,Real Estate,665.1863155362736,3180,52.96613079287808,0,9,0,2,3,1,1,0,1,0,2,Website,20,1,Other,Cybersecurity,1,Cybersecurity
CUST_00872,22,Male,Mumbai,Medium,Real Estate,22.835860335703213,264,0.9677108586258416,0,2,0,1,2,4,1,1,1,0,4,Email Campaign,20,1,Other,AI Solutions,1,AI Solutions
CUST_00873,43,Male,Delhi,Small,Education,10.38154250732551,87,1.5180598291557452,9,8,0,6,3,4,1,1,1,0,1,Referral,15,1,Other,AI Solutions,1,AI Solutions
CUST_00874,50,Female,Kolkata,Medium,Healthcare,15.5570622369286,247,1.9180610918968424,1,5,0,2,4,0,0,1,0,0,1,Email Campaign,0,0,Other,Cloud Services,0,No Offer
CUST_00875,29,Male,Chennai,Small,Real Estate,15.9806660275668,99,1.8719434286404644,8,12,1,5,6,2,1,0,0,0,0,Referral,0,1,Other,Cybersecurity,1,Cybersecurity
CUST_00876,32,Female,Mumbai,Small,Logistics,9.818260124806578,57,1.4231045737239576,3,7,0,5,5,2,1,1,0,0,2,Referral,15,1,Other,Data Analytics,1,Data Analytics
CUST_00877,58,Female,Hyderabad,Small,Education,7.362408658850302,33,0.5808764480724724,6,8,0,5,12,2,0,1,0,0,0,Email Campaign,0,0,Other,Cloud Services,0,No Offer
CUST_00878,35,Female,Vadodara,Small,Finance,20.527027171237712,96,2.385733715740577,2,9,1,1,3,3,1,1,1,0,1,LinkedIn,5,0,Other,AI Solutions,1,AI Solutions
CUST_00879,51,Male,Ahmedabad,Large,Healthcare,230.85497405968928,2156,12.638143478009242,10,10,1,4,7,1,0,1,1,0,1,Website,15,1,Other,Cloud Services,1,Cloud Services
CUST_00880,56,Male,Hyderabad,Small,Real Estate,5.185179435144121,67,0.589318798230141,0,7,1,3,4,2,1,0,1,0,3,Email Campaign,5,1,Other,Cybersecurity,1,Cybersecurity
CUST_00881,42,Male,Pune,Small,Manufacturing,6.091247733156057,75,0.1930285405993974,0,7,0,3,5,4,1,1,1,0,0,Email Campaign,5,1,Other,AI Solutions,1,AI Solutions
CUST_00882,58,Male,Mumbai,Large,Finance,551.7030806201052,2263,24.9130605171609,8,11,0,3,5,3,0,0,0,0,4,Cold Call,0,0,Other,Cybersecurity,1,Cybersecurity
CUST_00883,26,Female,Chennai,Small,Healthcare,16.433419489330962,89,1.331617568797512,3,12,0,4,2,1,0,0,1,0,0,Cold Call,15,1,Other,Cybersecurity,1,Cybersecurity
CUST_00884,40,Female,Surat,Small,Manufacturing,2.223537987304619,38,0.0699327675715434,10,10,0,4,2,1,0,0,0,0,1,LinkedIn,10,0,Other,Cybersecurity,0,No Offer
CUST_00885,35,Female,Ahmedabad,Small,Finance,6.49789148475759,84,0.5551532243483318,2,8,0,2,7,6,1,0,1,0,1,Website,5,1,Other,Cybersecurity,1,Cybersecurity
CUST_00886,47,Female,Bangalore,Small,IT,1.6187601432221028,11,0.150115737887679,4,13,0,3,4,1,1,1,1,0,2,Referral,10,1,Other,AI Solutions,1,AI Solutions
CUST_00887,25,Female,Vadodara,Small,Logistics,7.966221194700284,87,0.8332093141366578,0,3,0,7,4,2,0,0,1,0,4,LinkedIn,15,1,Other,Cybersecurity,1,Cybersecurity
CUST_00888,46,Male,Pune,Small,Education,16.22634836900029,77,0.6822595541705758,2,10,0,3,7,5,0,0,1,0,2,Cold Call,0,1,Other,Cybersecurity,0,No Offer
CUST_00889,46,Male,Vadodara,Medium,Education,42.807290113606975,260,2.2140542409188813,3,6,0,4,7,3,0,0,1,0,0,Email Campaign,10,0,Other,Cybersecurity,0,No Offer
CUST_00890,39,Female,Hyderabad,Small,Education,14.147168207744494,82,1.4655618067781766,5,9,0,4,7,2,1,1,0,0,2,Referral,10,0,Other,Data Analytics,1,Data Analytics
CUST_00891,29,Male,Mumbai,Small,Real Estate,7.128255480492118,50,0.776855284641289,8,3,0,0,6,3,0,1,0,0,2,Website,0,1,Other,Cloud Services,1,Cloud Services
CUST_00892,60,Male,Hyderabad,Large,IT,276.6139130480241,2733,9.158141008330482,2,8,1,1,6,5,1,0,1,0,2,Referral,10,1,Other,Cybersecurity,1,Cybersecurity
CUST_00893,35,Male,Mumbai,Small,Logistics,15.109265037645836,90,1.4330243941561336,3,8,0,5,4,0,0,0,0,0,0,LinkedIn,15,0,Other,Cybersecurity,0,No Offer
CUST_00894,53,Female,Surat,Large,Healthcare,495.2820576435269,2561,61.51294582174118,4,10,0,3,6,1,1,0,1,0,3,Referral,10,0,Other,Cybersecurity,1,Cybersecurity
CUST_00895,59,Male,Chennai,Medium,Logistics,40.61000427701292,327,1.5550425613996115,7,4,1,3,3,1,0,1,0,0,1,Referral,0,1,Other,Cloud Services,1,Cloud Services
CUST_00896,54,Female,Bangalore,Small,Retail,4.680650509830579,31,0.3724896491786313,8,3,0,1,4,1,0,0,0,0,1,Email Campaign,10,0,Other,Cybersecurity,0,No Offer
CUST_00897,44,Female,Surat,Medium,Finance,57.97118722911217,266,4.010525153822621,2,4,0,0,5,0,1,0,0,0,1,Email Campaign,10,0,Other,Cybersecurity,0,No Offer
CUST_00898,36,Male,Delhi,Small,Healthcare,4.624708437140539,58,0.6457937082691072,2,10,0,4,5,2,1,0,0,0,2,Email Campaign,0,0,Other,Cybersecurity,0,No Offer
CUST_00899,54,Male,Chennai,Small,Retail,5.884660702628342,37,0.3077459060896095,6,4,0,3,5,3,0,0,0,0,0,LinkedIn,0,0,Other,Cybersecurity,0,No Offer
CUST_00900,46,Male,Surat,Medium,Education,13.16507856024302,110,0.8979011387495114,8,6,1,2,5,1,0,0,0,0,0,Website,20,1,Other,Cybersecurity,1,Cybersecurity
CUST_00901,38,Female,Ahmedabad,Medium,Education,64.21836670384134,337,8.850149492754126,0,6,1,3,0,2,1,1,0,1,2,Website,15,1,Other,Data Analytics,1,Data Analytics
CUST_00902,54,Female,Vadodara,Medium,Education,20.26829233444456,377,1.4122621142622285,0,6,1,6,3,4,0,0,0,0,0,Email Campaign,10,0,Other,Cybersecurity,0,No Offer
CUST_00903,23,Female,Hyderabad,Large,Retail,162.3714900852825,882,15.22422578426456,1,12,1,5,8,1,0,0,0,1,4,LinkedIn,5,1,Other,Cybersecurity,1,Cybersecurity
CUST_00904,35,Female,Chennai,Small,Finance,2.187965950900362,31,0.0743126016915318,5,7,1,4,6,5,0,1,0,0,1,Referral,10,0,Other,Cloud Services,0,No Offer
CUST_00905,60,Male,Ahmedabad,Medium,Finance,6.987844116459208,111,1.0355166867632242,2,9,0,2,3,4,1,0,0,0,0,Website,10,1,Other,Cybersecurity,1,Cybersecurity
CUST_00906,27,Male,Hyderabad,Medium,Retail,29.62854834914184,152,3.8218932608294858,7,7,0,1,6,2,0,0,0,0,2,Website,0,0,Other,Cybersecurity,0,No Offer
CUST_00907,27,Female,Delhi,Large,Manufacturing,831.401502381824,4669,88.23507290043494,4,3,0,2,5,1,1,0,0,0,2,Referral,10,1,Other,Cybersecurity,1,Cybersecurity
CUST_00908,24,Male,Kolkata,Large,Education,915.2617831555914,3997,34.13069104480058,2,9,0,3,2,2,1,0,1,0,4,Referral,5,1,Other,Cybersecurity,1,Cybersecurity
CUST_00909,28,Male,Chennai,Large,Healthcare,587.0928002847321,3814,22.887457842088622,7,4,1,3,9,1,1,0,0,0,2,Referral,5,1,Other,Cybersecurity,1,Cybersecurity
CUST_00910,29,Male,Ahmedabad,Small,Finance,12.79240057864554,82,1.220354536144172,7,6,0,1,8,2,0,0,1,1,3,Cold Call,10,1,Other,Cybersecurity,1,Cybersecurity
CUST_00911,36,Male,Hyderabad,Medium,Logistics,84.79178023208237,443,5.444287930147758,1,6,0,3,8,3,0,0,0,1,0,Email Campaign,5,0,Other,Cybersecurity,0,No Offer
CUST_00912,50,Male,Hyderabad,Small,Retail,7.568848007862916,66,0.7927212805221802,4,11,0,2,8,3,1,0,0,0,1,Cold Call,0,0,Other,Cybersecurity,1,Cybersecurity
CUST_00913,54,Male,Surat,Small,Real Estate,2.46744711662862,43,0.251144411241763,2,3,1,7,5,1,1,1,0,0,1,LinkedIn,15,1,Other,Data Analytics,1,Data Analytics
CUST_00914,51,Male,Mumbai,Large,Manufacturing,341.408591251394,3556,44.60099283004743,6,10,1,6,6,2,1,0,0,1,2,Website,0,1,Other,Cybersecurity,1,Cybersecurity
CUST_00915,60,Male,Surat,Small,IT,8.393830684617507,86,0.5352346892773965,1,12,1,3,5,1,0,0,1,0,4,Website,0,1,Other,Cybersecurity,1,Cybersecurity
CUST_00916,48,Female,Ahmedabad,Large,Real Estate,362.7570918623133,3097,36.03760375238849,8,7,1,2,4,4,1,0,1,0,4,Email Campaign,0,1,Other,Cybersecurity,1,Cybersecurity
CUST_00917,57,Female,Pune,Small,Real Estate,3.1030031059052035,13,0.3825493883099704,1,11,1,5,7,2,1,0,0,0,0,Email Campaign,10,0,Other,Cybersecurity,0,No Offer
CUST_00918,50,Male,Vadodara,Large,Retail,985.6451110708454,4672,87.61671268583412,10,8,0,4,7,4,0,0,1,0,1,Website,10,0,Other,Cybersecurity,0,No Offer
CUST_00919,59,Female,Chennai,Small,Logistics,4.743824980820769,20,0.6151661295723687,1,11,0,3,6,1,0,0,0,0,2,Email Campaign,10,1,Other,Cybersecurity,1,Cybersecurity
CUST_00920,54,Male,Surat,Small,Manufacturing,17.480534261582005,70,0.799789404568342,5,6,0,2,4,4,1,1,1,1,2,Website,10,0,Other,Advanced IT Solutions,0,No Offer
CUST_00921,58,Male,Hyderabad,Small,IT,6.017255235965992,44,0.7104436774784264,2,8,1,2,6,2,0,0,0,0,1,Referral,0,0,Other,Cybersecurity,0,No Offer
CUST_00922,48,Female,Hyderabad,Medium,Manufacturing,23.376592517334927,245,3.346542748075665,2,10,1,5,4,5,0,1,1,0,4,Website,10,1,Other,Cloud Services,1,Cloud Services
CUST_00923,54,Female,Kolkata,Small,Finance,10.69205492856929,66,0.746583411609783,9,8,0,5,4,4,1,0,0,1,0,Website,10,0,Other,Cybersecurity,0,No Offer
CUST_00924,25,Female,Chennai,Medium,Real Estate,76.46468638289284,338,5.655356733045455,1,8,0,5,9,2,1,1,1,1,1,Email Campaign,0,1,Other,Advanced IT Solutions,1,Advanced IT Solutions
CUST_00925,43,Male,Kolkata,Small,Retail,3.0060738162612286,21,0.1203209941230976,4,4,0,0,2,2,1,0,0,0,3,Referral,5,0,Other,Cybersecurity,0,No Offer
CUST_00926,23,Male,Vadodara,Small,Logistics,7.856152746751437,52,0.8404444138757934,10,5,0,4,4,4,1,0,0,1,1,Referral,5,0,Other,Cybersecurity,0,No Offer
CUST_00927,31,Female,Delhi,Small,IT,2.1528589931958297,28,0.2073075913535459,4,6,0,2,1,0,1,0,1,0,3,Cold Call,10,0,Other,Cybersecurity,1,Cybersecurity
CUST_00928,26,Male,Surat,Small,Manufacturing,11.53183447216549,86,0.4017863075276355,6,15,0,3,4,0,0,1,0,0,0,Referral,0,0,Other,Cloud Services,1,Cloud Services
CUST_00929,31,Male,Bangalore,Large,Real Estate,215.049447791376,1688,25.86301715640674,7,8,0,1,2,2,0,1,0,0,2,Referral,15,1,Other,Cloud Services,1,Cloud Services
CUST_00930,54,Female,Ahmedabad,Large,IT,474.4915533596936,3943,61.453365228370856,7,7,1,3,7,2,0,1,1,0,1,Referral,10,1,Other,Cloud Services,1,Cloud Services
CUST_00931,59,Female,Ahmedabad,Small,Real Estate,15.46726191096912,68,2.1476966375474342,2,5,0,3,5,0,0,0,1,1,1,Website,5,1,Other,Cybersecurity,1,Cybersecurity
CUST_00932,34,Female,Delhi,Medium,Healthcare,22.269703191287974,360,2.126491430185316,5,10,0,8,3,3,1,0,1,0,0,Referral,10,1,Other,Cybersecurity,1,Cybersecurity
CUST_00933,52,Male,Chennai,Medium,Logistics,47.41931069641706,194,3.997903315692717,4,9,0,5,2,4,0,0,0,1,1,Email Campaign,10,0,Other,Cybersecurity,0,No Offer
CUST_00934,57,Female,Surat,Small,Retail,1.6011303166934434,31,0.2163710806651438,3,11,1,3,6,2,1,0,0,0,1,Email Campaign,5,1,Other,Cybersecurity,1,Cybersecurity
CUST_00935,45,Male,Vadodara,Small,Finance,20.56421703993672,86,1.6007930616520525,9,6,0,7,6,1,1,0,1,0,2,Referral,0,1,Other,Cybersecurity,1,Cybersecurity
CUST_00936,36,Male,Mumbai,Medium,Real Estate,36.39096612943759,228,3.953994012305166,5,7,0,2,8,2,1,1,1,0,0,LinkedIn,15,1,Other,AI Solutions,1,AI Solutions
CUST_00937,50,Female,Kolkata,Small,IT,17.905970594722177,94,1.8594181340276903,3,7,0,4,7,6,0,0,0,1,1,Cold Call,15,1,Other,Cybersecurity,1,Cybersecurity
CUST_00938,29,Male,Delhi,Small,Education,3.3222096576829365,38,0.2480339537342037,7,9,0,2,6,1,1,1,0,0,1,Website,10,1,Other,Data Analytics,1,Data Analytics
CUST_00939,26,Male,Mumbai,Small,Manufacturing,17.18001924131553,95,0.6945330731508353,8,4,0,5,8,2,0,1,0,0,0,LinkedIn,0,1,Other,Cloud Services,1,Cloud Services
CUST_00940,50,Female,Kolkata,Medium,Education,90.10383041480752,398,2.9346695601992514,0,8,0,3,4,1,0,1,0,0,1,Website,5,1,Other,Cloud Services,1,Cloud Services
CUST_00941,25,Male,Delhi,Small,IT,6.543266349205347,84,0.532546822128752,0,13,1,2,5,1,1,0,0,0,2,Referral,10,1,Other,Cybersecurity,1,Cybersecurity
CUST_00942,33,Male,Ahmedabad,Small,Logistics,6.334971086191272,84,0.5558569001620187,3,10,0,3,7,2,0,0,0,0,1,Website,5,0,Other,Cybersecurity,0,No Offer
CUST_00943,23,Male,Ahmedabad,Small,Education,10.1931935283503,92,1.3120820617578255,5,1,1,4,6,3,1,0,0,0,0,Website,10,1,Other,Cybersecurity,1,Cybersecurity
CUST_00944,48,Male,Hyderabad,Small,Manufacturing,3.787878210773663,46,0.3020052494020608,7,6,0,3,7,2,0,0,0,0,1,Website,20,1,Other,Cybersecurity,1,Cybersecurity
CUST_00945,52,Male,Kolkata,Small,IT,6.27523775682424,87,0.3999785401005,0,10,1,3,5,1,1,1,0,0,0,Website,10,1,Other,Data Analytics,1,Data Analytics
CUST_00946,57,Female,Bangalore,Large,Finance,97.84482639284975,527,8.360994635252982,2,4,1,6,4,3,0,0,0,0,2,Website,5,0,Other,Cybersecurity,0,No Offer
CUST_00947,57,Female,Vadodara,Small,Finance,8.534409695989831,92,0.4997652825217802,3,11,1,4,10,1,1,0,1,1,1,Referral,5,1,Other,Cybersecurity,1,Cybersecurity
CUST_00948,47,Male,Pune,Medium,Retail,31.72871551930873,173,1.2997120463476597,9,11,1,5,5,2,1,0,0,0,3,Referral,15,1,Other,Cybersecurity,1,Cybersecurity
CUST_00949,48,Female,Chennai,Small,Finance,6.671575362694898,30,0.2906482750965896,1,11,0,3,3,4,1,1,0,0,0,Website,5,0,Other,Data Analytics,0,No Offer
CUST_00950,26,Male,Chennai,Medium,IT,38.60666107247643,214,2.636778399735487,8,9,0,4,5,2,1,0,1,0,1,Referral,10,0,Other,Cybersecurity,1,Cybersecurity
CUST_00951,41,Male,Kolkata,Medium,Logistics,21.34941664111017,289,0.6729585936300535,2,10,1,3,1,2,1,0,1,0,2,Website,0,0,Other,Cybersecurity,0,No Offer
CUST_00952,32,Female,Delhi,Small,IT,3.459025810999269,21,0.1951734366056509,3,9,0,2,4,3,1,0,1,0,2,LinkedIn,5,1,Other,Cybersecurity,1,Cybersecurity
CUST_00953,31,Male,Delhi,Large,Finance,233.8946638424776,1817,29.120535153259727,3,17,0,4,11,2,0,0,1,1,3,Referral,5,1,Other,Cybersecurity,1,Cybersecurity
CUST_00954,59,Other,Pune,Medium,Healthcare,56.7262615506705,478,3.298862593170412,0,9,1,2,5,3,1,0,1,1,0,Referral,15,1,Other,Cybersecurity,1,Cybersecurity
CUST_00955,27,Male,Vadodara,Large,IT,291.2018182322,2561,12.60541074056634,4,13,1,2,4,4,1,1,0,0,3,Referral,15,1,Other,Data Analytics,1,Data Analytics
CUST_00956,29,Female,Surat,Small,Retail,5.661274674334299,24,0.814598928814041,4,7,1,4,3,2,1,0,1,0,1,LinkedIn,5,0,Other,Cybersecurity,0,No Offer
CUST_00957,44,Male,Vadodara,Large,Healthcare,827.3542158865539,4168,86.62101947982534,1,10,1,2,8,1,0,1,0,0,2,Email Campaign,10,1,Other,Cloud Services,1,Cloud Services
CUST_00958,47,Male,Surat,Medium,Finance,14.432714488219093,188,0.5369419214572817,0,10,0,3,3,3,1,0,1,0,2,Email Campaign,5,1,Other,Cybersecurity,1,Cybersecurity
CUST_00959,33,Male,Pune,Large,Logistics,532.5976199317355,3668,19.956047207187577,4,10,1,2,3,4,1,0,0,0,0,LinkedIn,0,1,Other,Cybersecurity,1,Cybersecurity
CUST_00960,47,Female,Surat,Medium,Manufacturing,23.865369160664624,210,2.4689835349665112,4,4,0,5,2,0,1,0,1,0,1,Referral,15,1,Other,Cybersecurity,1,Cybersecurity
CUST_00961,34,Male,Bangalore,Medium,IT,33.89109742626845,138,3.213399865209924,6,4,1,5,7,1,0,0,1,0,1,Cold Call,5,0,Other,Cybersecurity,0,No Offer
CUST_00962,39,Female,Hyderabad,Medium,Manufacturing,121.82047411695444,496,4.654147886374904,10,5,1,3,6,2,0,0,1,0,0,Website,0,0,Other,Cybersecurity,0,No Offer
CUST_00963,46,Male,Vadodara,Large,Education,427.2647626446428,3751,24.318994659979577,9,5,1,4,7,1,1,1,0,0,0,Website,5,1,Other,Data Analytics,1,Data Analytics
CUST_00964,54,Male,Surat,Large,Retail,533.7130661513311,4432,75.51247308169259,9,5,0,4,5,5,1,1,0,0,2,Cold Call,15,1,Other,Data Analytics,1,Data Analytics
CUST_00965,33,Male,Ahmedabad,Small,Healthcare,4.756719559964656,28,0.4692089880860945,1,6,0,3,6,1,0,0,0,0,2,Referral,0,1,Other,Cybersecurity,0,No Offer
CUST_00966,57,Female,Bangalore,Medium,Real Estate,16.774061329532504,115,1.3895472679038776,7,6,0,6,10,1,0,1,0,0,3,Referral,10,1,Other,Cloud Services,1,Cloud Services
CUST_00967,25,Female,Vadodara,Small,Manufacturing,3.79742715169922,41,0.2279164489554846,4,13,0,7,3,1,1,0,0,0,0,LinkedIn,10,0,Other,Cybersecurity,0,No Offer
CUST_00968,26,Male,Surat,Medium,Real Estate,60.4513678880438,332,2.7834085815735112,4,7,0,3,4,3,1,0,0,1,1,Website,10,1,Other,Cybersecurity,1,Cybersecurity
CUST_00969,58,Female,Ahmedabad,Small,Retail,3.504771863251431,30,0.2744790196245013,8,11,1,4,2,6,0,0,0,1,3,Website,0,1,Other,Cybersecurity,1,Cybersecurity
CUST_00970,29,Male,Pune,Small,Manufacturing,16.447640269645454,91,2.313919611845182,1,9,1,5,7,0,0,1,1,0,1,Website,10,1,Other,Cloud Services,1,Cloud Services
CUST_00971,49,Female,Pune,Large,Manufacturing,511.88793373639663,4039,18.34881109402704,9,9,0,4,4,1,1,0,0,0,1,Referral,5,1,Other,Cybersecurity,1,Cybersecurity
CUST_00972,52,Female,Kolkata,Small,Retail,16.913736110641636,89,2.5187505854104995,10,3,0,0,3,1,1,1,0,0,1,Email Campaign,10,0,Other,Data Analytics,0,No Offer
CUST_00973,30,Male,Chennai,Medium,Real Estate,67.91716084583415,370,3.731200818627435,1,12,1,1,7,2,1,0,0,0,1,Cold Call,0,1,Other,Cybersecurity,1,Cybersecurity
CUST_00974,50,Male,Mumbai,Medium,IT,21.550282268156423,142,1.7035947078776377,4,4,0,5,3,0,0,1,0,0,2,Website,0,0,Other,Cloud Services,0,No Offer
CUST_00975,35,Other,Ahmedabad,Small,Manufacturing,7.828867923828813,41,0.2771901266858779,0,10,1,3,6,0,1,0,1,0,2,Email Campaign,15,1,Other,Cybersecurity,1,Cybersecurity
CUST_00976,43,Female,Kolkata,Small,Retail,11.944223360697857,84,1.1964990109749325,10,3,1,1,8,3,1,0,1,0,2,Website,5,1,Other,Cybersecurity,1,Cybersecurity
CUST_00977,32,Female,Bangalore,Medium,Manufacturing,16.11008518460541,220,1.4181165375870963,4,6,1,1,10,4,1,1,0,1,4,Email Campaign,0,1,Other,Data Analytics,1,Data Analytics
CUST_00978,44,Male,Surat,Small,Logistics,5.963066296055494,69,0.6559661786620726,4,6,1,2,3,1,0,0,0,1,3,LinkedIn,15,1,Other,Cybersecurity,0,No Offer
CUST_00979,22,Male,Vadodara,Large,Real Estate,89.37796277664344,901,8.50175473859,7,6,0,1,4,4,0,0,0,0,2,Email Campaign,10,0,Other,Cybersecurity,0,No Offer
CUST_00980,58,Male,Delhi,Large,IT,131.30556671221203,2096,10.213122161201944,5,5,0,2,8,0,1,1,1,0,2,Website,20,1,Other,AI Solutions,1,AI Solutions
CUST_00981,42,Female,Ahmedabad,Small,Logistics,19.035348168487268,99,2.2562751178320504,10,3,0,2,2,0,1,1,1,0,1,Referral,0,0,Other,AI Solutions,0,No Offer
CUST_00982,47,Female,Mumbai,Small,Logistics,1.7286926351285314,14,0.0570512397732067,5,11,0,1,5,1,1,1,0,0,1,Referral,10,0,Other,Data Analytics,0,No Offer
CUST_00983,57,Male,Delhi,Medium,Retail,14.496683104999288,211,1.376075645097225,4,8,0,3,4,0,1,1,1,0,4,LinkedIn,10,1,Other,AI Solutions,1,AI Solutions
CUST_00984,44,Male,Hyderabad,Medium,Logistics,42.5843332048781,199,1.8594510611016808,4,10,1,4,7,2,1,1,1,0,1,Website,5,1,Other,AI Solutions,1,AI Solutions
CUST_00985,22,Male,Mumbai,Small,Manufacturing,16.245584549666205,87,1.3373527652305777,7,5,0,2,7,3,0,0,0,1,2,Cold Call,5,0,Other,Cybersecurity,0,No Offer
CUST_00986,36,Male,Kolkata,Small,Real Estate,5.758238744447148,41,0.7194057764827971,0,9,0,4,1,1,0,0,1,1,2,LinkedIn,0,0,Other,Cybersecurity,0,No Offer
CUST_00987,42,Male,Mumbai,Medium,Finance,34.8197734564914,350,1.6398473130423223,8,14,1,4,1,1,1,0,0,0,2,Cold Call,0,1,Other,Cybersecurity,1,Cybersecurity
CUST_00988,30,Male,Surat,Large,IT,46.200777786177376,575,6.574243250422449,5,8,0,4,4,0,1,1,0,0,2,Website,10,1,Other,Data Analytics,1,Data Analytics
CUST_00989,30,Male,Vadodara,Small,Manufacturing,10.625612876325931,75,1.4516772143077918,8,10,1,2,4,1,1,0,1,0,0,Website,0,0,Other,Cybersecurity,0,No Offer
CUST_00990,31,Male,Bangalore,Small,Healthcare,4.313933823440138,19,0.3442027769506455,1,6,0,6,5,2,1,0,1,0,0,Cold Call,0,0,Other,Cybersecurity,0,No Offer
CUST_00991,47,Male,Delhi,Large,Retail,243.30940441594333,2775,7.47373032509923,2,16,0,1,5,5,1,0,0,0,4,Referral,0,0,Other,Cybersecurity,0,No Offer
CUST_00992,56,Male,Mumbai,Medium,Manufacturing,39.95057037478461,244,4.984607864385273,0,10,0,7,5,3,0,1,1,0,4,Website,10,0,Other,Cloud Services,0,No Offer
CUST_00993,46,Male,Surat,Medium,IT,115.35250674515878,476,15.654199894942453,4,10,0,6,3,1,0,1,0,0,2,Email Campaign,15,0,Other,Cloud Services,0,No Offer
CUST_00994,47,Male,Pune,Medium,Logistics,18.274601440151024,103,0.9314303225094704,1,9,1,3,2,2,0,1,0,0,2,Email Campaign,5,1,Other,Cloud Services,1,Cloud Services
CUST_00995,32,Male,Mumbai,Large,IT,443.64732149022336,3215,62.08536597410793,10,8,0,4,4,4,1,0,0,1,2,Referral,10,1,Other,Cybersecurity,1,Cybersecurity
CUST_00996,59,Male,Mumbai,Medium,Healthcare,83.68789945650947,433,11.690502707980194,0,9,1,1,3,1,0,0,0,0,2,Website,5,0,Other,Cybersecurity,0,No Offer
CUST_00997,23,Male,Chennai,Large,Logistics,955.514685591434,4446,82.70448008950947,8,10,1,4,5,1,0,0,1,0,0,LinkedIn,10,1,Other,Cybersecurity,1,Cybersecurity
CUST_00998,28,Female,Delhi,Medium,Healthcare,49.75856483490106,296,6.257844969878121,10,7,0,1,7,2,0,1,0,1,0,Website,10,1,Other,Cloud Services,1,Cloud Services
CUST_00999,39,Female,Chennai,Medium,Education,109.49083823771608,488,9.130852400712731,8,6,1,3,3,3,0,0,0,0,1,Referral,10,0,Other,Cybersecurity,0,No Offer
CUST_01000,48,Female,Chennai,Small,Education,3.517122093128393,23,0.343572012802925,5,4,0,1,6,5,1,0,0,0,4,Email Campaign,15,0,Other,Cybersecurity,0,No Offer
CUST_01001,55,Male,Vadodara,Small,Manufacturing,4.968133410148781,23,0.339724346765038,10,10,1,3,2,3,0,1,0,1,4,Email Campaign,5,1,Other,Cloud Services,1,Cloud Services
CUST_01002,48,Female,Surat,Medium,Finance,45.676731135416425,190,2.244386543329714,10,6,1,4,10,3,1,0,1,0,2,Email Campaign,15,1,Other,Cybersecurity,1,Cybersecurity
CUST_01003,38,Female,Chennai,Small,Logistics,13.97312848663742,93,1.6709680472721822,7,4,0,4,5,4,1,1,0,0,0,Website,0,0,Other,Data Analytics,0,No Offer
CUST_01004,45,Male,Mumbai,Medium,Real Estate,61.21812283590929,358,1.846775764300931,10,13,0,1,5,2,0,1,0,0,3,Website,15,1,Other,Cloud Services,1,Cloud Services
CUST_01005,46,Male,Kolkata,Small,IT,5.500592274878944,32,0.5475637339544565,8,5,0,4,6,4,0,0,0,0,2,Website,0,0,Other,Cybersecurity,0,No Offer
CUST_01006,28,Female,Kolkata,Large,Real Estate,330.678017269612,1603,44.23225980971673,4,5,0,3,5,3,0,0,1,1,1,LinkedIn,10,1,Other,Cybersecurity,1,Cybersecurity
CUST_01007,27,Male,Pune,Small,Finance,8.583726721419382,40,0.4854378527641252,1,7,1,4,5,0,0,0,0,0,2,Email Campaign,5,1,Other,Cybersecurity,1,Cybersecurity
CUST_01008,45,Male,Kolkata,Large,Logistics,209.64080891502311,3781,14.663941636711296,3,8,0,4,5,1,1,1,0,0,2,Referral,10,1,Other,Data Analytics,1,Data Analytics
CUST_01009,54,Female,Pune,Medium,Logistics,58.41155810696903,297,5.870262427002849,2,5,0,1,9,1,0,1,1,1,0,Email Campaign,10,0,Other,Cloud Services,0,No Offer
CUST_01010,50,Female,Kolkata,Small,Logistics,14.473413424823326,70,0.8629690195846894,9,9,1,2,5,0,0,0,1,0,4,Referral,15,0,Other,Cybersecurity,0,No Offer
CUST_01011,43,Male,Hyderabad,Medium,Logistics,40.1081223451376,211,5.282176457520434,6,12,0,4,1,2,1,0,0,0,2,Email Campaign,5,1,Other,Cybersecurity,1,Cybersecurity
CUST_01012,47,Male,Pune,Small,Finance,3.2765652416985267,17,0.2424408606338671,9,9,0,3,3,1,0,1,1,0,1,Cold Call,5,1,Other,Cloud Services,1,Cloud Services
CUST_01013,49,Male,Ahmedabad,Small,Manufacturing,4.953848606132581,85,0.4943626160124568,9,6,0,3,6,0,0,0,0,1,2,Website,15,0,Other,Cybersecurity,0,No Offer
CUST_01014,42,Female,Delhi,Small,Retail,3.4601933097445303,25,0.1976965451460804,9,6,1,1,3,2,1,1,1,0,1,Website,20,1,Other,AI Solutions,1,AI Solutions
CUST_01015,28,Male,Delhi,Small,Retail,7.477257548052186,35,0.261452482519815,7,9,1,6,7,1,0,1,1,0,4,Cold Call,5,1,Other,Cloud Services,1,Cloud Services
CUST_01016,38,Male,Delhi,Large,Retail,673.700063396914,2845,34.253627528963094,4,8,0,2,6,4,0,1,0,0,1,Cold Call,0,1,Other,Cloud Services,1,Cloud Services
CUST_01017,41,Female,Surat,Small,Healthcare,1.4384037617158043,15,0.0511264399287272,1,9,0,3,3,4,0,1,0,1,1,Website,5,1,Other,Cloud Services,1,Cloud Services
CUST_01018,41,Male,Vadodara,Medium,Logistics,79.93439225000945,482,6.892939918088337,8,11,0,3,5,0,0,1,1,0,2,Email Campaign,20,0,Other,Cloud Services,0,No Offer
CUST_01019,43,Female,Bangalore,Small,Logistics,8.856374012224904,42,0.8891488375898714,0,8,0,1,5,4,1,0,0,0,3,LinkedIn,20,0,Other,Cybersecurity,1,Cybersecurity
CUST_01020,49,Male,Vadodara,Medium,IT,60.14445857155115,300,2.126769698484113,4,6,0,5,4,0,1,1,0,1,1,Referral,10,1,Other,Data Analytics,1,Data Analytics
CUST_01021,28,Male,Pune,Small,Healthcare,12.164461637721107,70,0.4970139506669093,2,5,0,3,7,0,0,0,0,0,1,Referral,15,0,Other,Cybersecurity,0,No Offer
CUST_01022,22,Female,Vadodara,Medium,IT,21.87146272452682,407,1.9304409848207011,7,8,1,2,7,4,0,0,0,0,0,Referral,15,0,Other,Cybersecurity,0,No Offer
CUST_01023,53,Male,Kolkata,Medium,Real Estate,92.71393197862108,476,11.672831624089872,7,10,0,0,5,5,1,0,1,0,0,LinkedIn,10,1,Other,Cybersecurity,1,Cybersecurity
CUST_01024,34,Male,Pune,Medium,Education,27.01360208656072,132,2.846182870509256,0,8,1,1,8,1,1,0,0,0,0,Email Campaign,15,0,Other,Cybersecurity,0,No Offer
CUST_01025,51,Male,Vadodara,Small,IT,11.674194079507622,60,0.4969147141772925,3,4,0,4,5,2,1,1,0,1,1,LinkedIn,10,1,Other,Data Analytics,1,Data Analytics
CUST_01026,44,Female,Vadodara,Medium,IT,91.62598636639407,451,12.507411944903726,9,6,1,2,5,3,1,0,1,1,0,Referral,15,1,Other,Cybersecurity,1,Cybersecurity
CUST_01027,40,Female,Chennai,Small,Real Estate,3.132208506322757,23,0.4388037067340334,7,11,1,4,4,2,0,1,0,0,2,Website,15,1,Other,Cloud Services,1,Cloud Services
CUST_01028,53,Other,Hyderabad,Small,Manufacturing,19.153783047251025,77,1.3215118010597071,8,9,0,3,3,4,1,1,0,0,1,Website,15,1,Other,Data Analytics,1,Data Analytics
CUST_01029,51,Male,Surat,Small,Retail,7.962137943806741,39,0.8274423744900388,8,9,1,3,4,6,1,1,1,0,3,Email Campaign,0,1,Other,AI Solutions,1,AI Solutions
CUST_01030,50,Male,Pune,Small,Logistics,11.4357840728638,69,1.0186911601124042,1,7,1,3,6,4,1,0,1,0,1,Email Campaign,10,1,Other,Cybersecurity,1,Cybersecurity
CUST_01031,50,Male,Bangalore,Medium,Healthcare,98.28787538896978,415,14.059378035813372,8,6,0,1,7,0,0,0,0,0,2,Referral,10,1,Other,Cybersecurity,1,Cybersecurity
CUST_01032,51,Female,Delhi,Medium,Education,78.52584741525365,339,7.149764582985598,7,9,0,3,1,2,0,0,0,0,1,Cold Call,10,0,Other,Cybersecurity,0,No Offer
CUST_01033,37,Male,Mumbai,Small,Real Estate,8.303623109607267,39,1.205652011108911,10,10,0,0,6,1,0,1,0,0,0,Referral,10,0,Other,Cloud Services,0,No Offer
CUST_01034,40,Female,Ahmedabad,Small,Healthcare,11.879945817162987,73,0.6405798184373604,10,7,0,2,5,1,1,0,0,0,4,LinkedIn,5,0,Other,Cybersecurity,0,No Offer
CUST_01035,39,Male,Vadodara,Small,Logistics,3.574664688074882,23,0.2554613061822425,8,5,0,2,3,2,1,0,0,0,1,Referral,0,1,Other,Cybersecurity,0,No Offer
CUST_01036,22,Other,Delhi,Medium,Manufacturing,35.18544226405086,304,4.354600607964758,8,6,1,2,3,2,1,1,0,0,3,Referral,10,1,Other,Data Analytics,1,Data Analytics
CUST_01037,35,Female,Kolkata,Medium,IT,41.57287226562772,415,5.15642004998455,2,8,0,3,5,3,0,0,0,0,2,Referral,20,1,Other,Cybersecurity,1,Cybersecurity
CUST_01038,23,Female,Ahmedabad,Small,Real Estate,5.641460425615641,37,0.6649137684874029,4,8,0,3,3,2,0,1,0,0,3,Website,10,1,Other,Cloud Services,1,Cloud Services
CUST_01039,49,Male,Hyderabad,Medium,Education,37.58129198172361,227,5.0040758927825735,10,8,0,3,6,1,0,1,1,1,2,Referral,0,1,Other,Cloud Services,1,Cloud Services
CUST_01040,51,Male,Delhi,Medium,Retail,12.36316078647114,125,1.4131777791170512,2,4,1,1,3,2,1,1,0,1,1,Website,10,1,Other,Data Analytics,1,Data Analytics
CUST_01041,59,Male,Chennai,Medium,Logistics,66.3692303907869,283,7.057054691919766,5,8,1,2,2,2,1,1,0,0,0,Referral,10,0,Other,Data Analytics,0,No Offer
CUST_01042,25,Male,Delhi,Medium,Finance,38.10333264585984,236,3.2414886713115574,9,9,0,1,3,2,0,0,0,0,3,LinkedIn,10,0,Other,Cybersecurity,0,No Offer
CUST_01043,22,Male,Hyderabad,Medium,Finance,60.56741537980744,390,5.211858145679529,4,11,0,3,3,1,0,1,1,0,0,Cold Call,0,1,Other,Cloud Services,1,Cloud Services
CUST_01044,29,Male,Delhi,Medium,Manufacturing,28.111173923011748,205,2.213456382845703,1,4,1,6,3,3,0,1,1,0,3,Email Campaign,5,1,Other,Cloud Services,1,Cloud Services
CUST_01045,50,Male,Vadodara,Small,Retail,5.791740359476979,94,0.6048048961965256,2,6,0,6,5,3,0,1,1,0,1,Website,0,0,Other,Cloud Services,0,No Offer
CUST_01046,60,Female,Delhi,Small,Finance,9.512171209462736,42,0.7495559666331307,6,9,1,2,6,3,1,1,0,0,0,Website,5,0,Other,Data Analytics,0,No Offer
CUST_01047,24,Female,Chennai,Small,Finance,10.886289147706172,96,0.5192685645258995,9,9,1,0,5,4,1,1,1,0,0,Referral,0,1,Other,AI Solutions,1,AI Solutions
CUST_01048,53,Male,Surat,Medium,Real Estate,47.83587392750058,268,2.046588692685239,9,13,1,0,3,4,0,1,0,0,2,Website,0,1,Other,Cloud Services,1,Cloud Services
CUST_01049,31,Other,Hyderabad,Large,Real Estate,160.51156223919065,936,22.62196556471946,4,7,1,1,5,1,0,0,1,0,3,Referral,0,1,Other,Cybersecurity,1,Cybersecurity
CUST_01050,31,Male,Chennai,Small,Logistics,2.336563111076675,14,0.0770333755836627,2,11,0,1,3,0,1,0,0,0,0,Cold Call,0,1,Other,Cybersecurity,0,No Offer
CUST_01051,40,Male,Pune,Small,Education,10.85997082816218,70,0.4632436912291288,3,9,0,3,6,2,1,0,1,1,3,Email Campaign,0,1,Other,Cybersecurity,1,Cybersecurity
CUST_01052,55,Male,Delhi,Medium,Education,41.07307214266243,476,3.426996873295564,5,5,0,3,4,4,1,0,0,0,0,LinkedIn,10,1,Other,Cybersecurity,1,Cybersecurity
CUST_01053,54,Female,Bangalore,Large,Logistics,430.95798287915767,4061,26.52596032210176,7,6,0,1,2,1,1,1,0,0,0,Referral,0,0,Other,Data Analytics,1,Data Analytics
CUST_01054,44,Male,Delhi,Large,Healthcare,460.4870647915745,2974,36.24119221115591,6,9,0,6,4,1,0,1,0,1,4,Referral,0,1,Other,Cloud Services,1,Cloud Services
CUST_01055,49,Male,Hyderabad,Medium,Logistics,68.38873331507773,329,3.0155113184577225,2,6,0,4,5,1,0,0,0,1,0,Cold Call,0,0,Other,Cybersecurity,0,No Offer
CUST_01056,53,Female,Ahmedabad,Large,Retail,424.1971397445605,3110,19.38955597434215,1,17,0,0,4,1,1,0,0,0,0,Website,10,1,Other,Cybersecurity,1,Cybersecurity
CUST_01057,28,Male,Chennai,Small,Finance,8.442959486658033,93,1.0644794589243602,2,6,1,3,4,2,1,1,0,0,4,Website,10,1,Other,Data Analytics,0,No Offer
CUST_01058,50,Female,Bangalore,Small,Education,3.447033133015345,51,0.41741175308751,4,10,0,3,6,3,1,1,0,0,3,Referral,15,0,Other,Data Analytics,1,Data Analytics
CUST_01059,29,Female,Pune,Small,Logistics,5.29546382026534,29,0.2251119880404012,6,9,1,2,2,3,1,0,0,1,1,Referral,10,1,Other,Cybersecurity,1,Cybersecurity
CUST_01060,22,Other,Kolkata,Medium,Education,57.23389750279899,425,6.303446704245824,7,7,0,4,3,1,0,1,1,0,1,Cold Call,5,0,Other,Cloud Services,0,No Offer
CUST_01061,24,Male,Pune,Small,Education,6.831750245732083,91,0.7044720413393022,5,6,0,2,5,4,1,1,0,0,2,Cold Call,5,1,Other,Data Analytics,1,Data Analytics
CUST_01062,45,Male,Chennai,Medium,Real Estate,22.372098495685005,121,2.5862934862648053,1,12,1,5,2,6,1,1,1,0,5,Website,0,1,Other,AI Solutions,1,AI Solutions
CUST_01063,44,Male,Ahmedabad,Medium,Healthcare,42.46330622328584,464,3.6914994813072375,10,7,0,1,3,3,1,1,0,1,0,Website,15,1,Other,Data Analytics,1,Data Analytics
CUST_01064,29,Male,Chennai,Small,Retail,10.019011837608536,66,0.6251705016549662,1,4,1,7,4,4,0,1,0,0,2,LinkedIn,10,1,Other,Cloud Services,1,Cloud Services
CUST_01065,58,Male,Mumbai,Large,IT,68.63359612448458,617,7.525090451636458,9,16,0,3,1,2,0,1,0,0,0,Cold Call,0,0,Other,Cloud Services,0,No Offer
CUST_01066,24,Male,Bangalore,Small,Education,8.035492438151202,34,0.5991495482655872,10,8,0,5,3,1,1,1,0,1,1,Email Campaign,5,1,Other,Data Analytics,1,Data Analytics
CUST_01067,54,Female,Ahmedabad,Small,Retail,4.782880662711656,50,0.2691534914368315,4,7,0,2,5,2,1,0,1,0,3,Website,5,0,Other,Cybersecurity,0,No Offer
CUST_01068,49,Female,Bangalore,Medium,Manufacturing,58.95282989569851,440,4.659365305219749,10,5,0,3,6,2,0,0,0,0,0,Email Campaign,15,0,Other,Cybersecurity,0,No Offer
CUST_01069,29,Male,Chennai,Small,Healthcare,2.902784632387214,12,0.3529564928692761,4,7,1,0,7,0,1,0,0,0,2,Email Campaign,15,1,Other,Cybersecurity,1,Cybersecurity
CUST_01070,55,Male,Surat,Medium,IT,39.014547343768434,343,3.3979791633656014,0,13,1,4,3,1,0,0,1,0,2,Referral,10,1,Other,Cybersecurity,1,Cybersecurity
CUST_01071,56,Male,Bangalore,Large,Education,186.43321517149244,1042,12.301555504775685,0,11,0,2,13,0,1,1,0,1,2,Referral,20,1,Other,Data Analytics,1,Data Analytics
CUST_01072,53,Male,Mumbai,Large,Logistics,325.75470472239573,2874,42.29085494044361,8,11,0,2,7,1,1,0,0,0,1,Referral,20,1,Other,Cybersecurity,1,Cybersecurity
CUST_01073,45,Female,Vadodara,Large,Education,146.1455015383093,2026,19.84615729963361,6,10,0,4,9,2,1,0,0,0,1,Cold Call,15,1,Other,Cybersecurity,1,Cybersecurity
CUST_01074,35,Female,Ahmedabad,Small,Healthcare,14.567284062559262,83,1.1943723610752657,7,7,1,5,4,3,0,0,0,0,4,Website,5,0,Other,Cybersecurity,0,No Offer
CUST_01075,53,Female,Mumbai,Medium,Real Estate,59.00119568543823,253,4.422880818390792,4,5,1,2,6,2,0,0,0,0,2,LinkedIn,15,0,Other,Cybersecurity,0,No Offer
CUST_01076,37,Female,Mumbai,Small,Healthcare,1.967181068255457,14,0.203650204341555,2,8,1,6,3,1,1,0,1,0,0,Referral,20,1,Other,Cybersecurity,1,Cybersecurity
CUST_01077,25,Male,Kolkata,Small,Finance,16.647354311156878,95,0.615235166677002,2,10,0,4,3,2,0,0,0,0,1,Referral,15,0,Other,Cybersecurity,0,No Offer
CUST_01078,58,Female,Surat,Small,Education,14.08593397740862,82,1.591129906939294,2,7,0,1,8,4,1,0,0,0,1,LinkedIn,15,1,Other,Cybersecurity,1,Cybersecurity
CUST_01079,42,Male,Delhi,Small,Real Estate,3.1924305726138047,24,0.395460781336394,0,8,0,4,4,2,0,0,0,1,2,Referral,10,0,Other,Cybersecurity,0,No Offer
CUST_01080,35,Female,Surat,Large,Retail,153.4326637168632,887,11.92064874012569,10,9,1,3,8,1,1,0,0,0,0,Website,0,1,Other,Cybersecurity,1,Cybersecurity
CUST_01081,52,Male,Hyderabad,Small,Healthcare,4.889453610422134,48,0.2491367401033353,10,3,1,2,8,2,0,0,1,0,3,Email Campaign,15,0,Other,Cybersecurity,0,No Offer
CUST_01082,39,Male,Kolkata,Medium,Healthcare,19.217959880853392,153,0.6429984417002214,2,14,1,2,5,2,0,0,1,0,1,Website,0,1,Other,Cybersecurity,1,Cybersecurity
CUST_01083,28,Male,Chennai,Small,Manufacturing,12.184811871977802,88,1.297310485678857,1,9,0,1,4,5,1,0,0,0,3,LinkedIn,20,1,Other,Cybersecurity,1,Cybersecurity
CUST_01084,31,Male,Chennai,Medium,Manufacturing,110.06405793597308,494,6.854702445150329,7,8,1,5,5,2,0,1,1,0,0,Cold Call,10,1,Other,Cloud Services,1,Cloud Services
CUST_01085,28,Female,Pune,Large,Manufacturing,590.434900621456,4934,50.58063929119772,9,4,1,1,3,3,1,0,0,0,2,Website,0,0,Other,Cybersecurity,1,Cybersecurity
CUST_01086,54,Male,Delhi,Small,Healthcare,10.798671987013082,61,0.824615345460513,9,11,0,3,12,1,1,0,0,1,1,Referral,15,1,Other,Cybersecurity,1,Cybersecurity
CUST_01087,44,Male,Hyderabad,Medium,IT,24.09699954578273,260,1.2286138481947193,5,6,1,3,7,1,0,0,0,0,0,LinkedIn,0,0,Other,Cybersecurity,0,No Offer
CUST_01088,42,Male,Bangalore,Small,Real Estate,1.2061673497294243,12,0.1097663432346095,4,9,1,1,7,4,0,1,1,0,2,Cold Call,0,1,Other,Cloud Services,1,Cloud Services
CUST_01089,40,Female,Surat,Small,Retail,6.82805945349583,38,0.5814176113307165,0,12,1,3,4,1,1,1,1,0,0,Email Campaign,15,1,Other,AI Solutions,1,AI Solutions
CUST_01090,40,Male,Ahmedabad,Medium,Healthcare,58.91643777273633,291,6.180199683239502,1,6,0,3,4,2,1,1,0,1,1,Cold Call,10,1,Other,Data Analytics,1,Data Analytics
CUST_01091,57,Female,Mumbai,Large,Logistics,497.20021265064975,3491,29.944479120765617,1,7,1,2,6,2,0,1,1,0,1,LinkedIn,0,1,Other,Cloud Services,1,Cloud Services
CUST_01092,50,Female,Bangalore,Small,Logistics,6.319076725199879,54,0.3523307994143932,6,9,1,1,6,5,1,0,0,0,0,Website,10,0,Other,Cybersecurity,0,No Offer
CUST_01093,39,Female,Pune,Small,Finance,19.02845351728927,82,2.4303408595119,6,9,1,2,3,0,0,0,0,0,1,Website,5,1,Other,Cybersecurity,1,Cybersecurity
CUST_01094,23,Female,Surat,Small,Logistics,2.392008453304065,31,0.2733182278949475,5,12,0,2,5,3,0,0,1,0,1,Cold Call,5,0,Other,Cybersecurity,0,No Offer
CUST_01095,22,Male,Ahmedabad,Medium,Real Estate,77.4629961644179,399,9.501980933595217,7,12,1,2,6,2,1,1,0,0,1,Referral,10,1,Other,Data Analytics,1,Data Analytics
CUST_01096,26,Male,Pune,Medium,Real Estate,83.67519672749216,445,3.7482118121964585,3,8,1,3,1,6,0,0,1,0,1,Referral,10,1,Other,Cybersecurity,0,No Offer
CUST_01097,41,Female,Mumbai,Medium,Education,49.45689555948197,263,2.8133434957294075,8,8,0,5,5,1,1,0,0,0,2,Email Campaign,10,0,Other,Cybersecurity,1,Cybersecurity
CUST_01098,32,Male,Kolkata,Medium,IT,87.0098606206867,367,8.619525859543543,7,4,0,2,3,2,0,0,1,0,0,Cold Call,15,1,Other,Cybersecurity,1,Cybersecurity
CUST_01099,23,Male,Delhi,Large,IT,886.0447746284015,4529,117.7235961429922,2,13,1,6,7,3,0,1,0,0,1,Email Campaign,5,1,Other,Cloud Services,1,Cloud Services
CUST_01100,24,Female,Kolkata,Medium,Retail,16.436642644405605,149,2.252703629844356,2,13,1,3,8,1,1,0,0,1,2,Website,0,1,Other,Cybersecurity,1,Cybersecurity
CUST_01101,44,Male,Ahmedabad,Large,IT,79.65001759866483,660,10.340897704053091,8,7,1,4,7,2,0,0,0,1,2,Website,0,0,Other,Cybersecurity,0,No Offer
CUST_01102,33,Female,Kolkata,Large,Retail,344.5330369976232,2687,12.13023424959992,8,11,1,3,7,1,1,0,0,0,1,Referral,15,1,Other,Cybersecurity,1,Cybersecurity
CUST_01103,41,Male,Ahmedabad,Medium,Logistics,6.45859950425644,115,0.8299655725363217,10,8,0,4,5,3,0,1,1,0,1,Website,15,0,Other,Cloud Services,0,No Offer
CUST_01104,26,Female,Hyderabad,Medium,IT,62.13145084280093,267,8.567364241205679,4,8,1,1,9,1,1,1,1,0,1,Email Campaign,15,1,Other,AI Solutions,1,AI Solutions
CUST_01105,58,Male,Hyderabad,Large,Education,284.2086072348438,4392,10.461687801940892,9,7,0,3,5,2,1,0,0,0,2,Website,15,1,Other,Cybersecurity,1,Cybersecurity
CUST_01106,59,Female,Vadodara,Large,Retail,424.9379618104088,2237,33.975365399377296,0,5,1,3,5,5,1,0,0,0,2,LinkedIn,10,0,Other,Cybersecurity,0,No Offer
CUST_01107,51,Male,Vadodara,Small,Manufacturing,7.44922363680917,38,0.7031563455911871,2,8,0,3,2,0,0,1,0,0,0,Website,10,1,Other,Cloud Services,1,Cloud Services
CUST_01108,30,Male,Kolkata,Small,Manufacturing,17.71818382021474,81,1.0264151815232467,10,7,0,1,6,4,1,0,0,0,1,Website,15,0,Other,Cybersecurity,0,No Offer
CUST_01109,55,Female,Chennai,Large,IT,300.4574835927254,1870,27.642773150345768,4,6,1,6,8,0,0,0,0,0,3,LinkedIn,15,0,Other,Cybersecurity,1,Cybersecurity
CUST_01110,56,Male,Kolkata,Small,IT,8.19222116039491,42,1.1167201252089247,3,10,0,5,4,4,0,0,0,0,0,LinkedIn,0,1,Other,Cybersecurity,1,Cybersecurity
CUST_01111,43,Male,Kolkata,Large,Logistics,430.5711581589759,3895,57.7107874265142,3,5,0,3,3,0,1,0,1,0,3,Email Campaign,5,1,Other,Cybersecurity,1,Cybersecurity
CUST_01112,45,Male,Chennai,Small,Retail,5.774387263294182,29,0.8244697490742929,0,6,0,2,9,1,1,0,0,0,1,Cold Call,15,0,Other,Cybersecurity,0,No Offer
CUST_01113,38,Female,Delhi,Small,Real Estate,4.509959603190333,38,0.3972966642078701,5,6,1,7,2,0,0,1,0,0,1,Email Campaign,5,1,Other,Cloud Services,1,Cloud Services
CUST_01114,31,Male,Surat,Small,Logistics,14.295197132491031,62,1.133152164262081,9,12,0,4,8,3,0,0,1,1,2,Website,0,1,Other,Cybersecurity,1,Cybersecurity
CUST_01115,51,Female,Chennai,Small,Real Estate,7.771577986007998,94,0.8540539745095336,10,12,0,5,5,2,0,0,1,1,3,Referral,10,1,Other,Cybersecurity,1,Cybersecurity
CUST_01116,44,Male,Ahmedabad,Small,Retail,1.131514621347907,10,0.0905339210992735,3,11,0,3,2,1,0,1,0,0,1,Website,0,0,Other,Cloud Services,0,No Offer
CUST_01117,53,Male,Surat,Medium,Education,45.07592098361887,301,1.5791605849115038,0,5,0,4,6,2,1,0,0,0,1,LinkedIn,10,1,Other,Cybersecurity,1,Cybersecurity
CUST_01118,38,Female,Mumbai,Medium,Healthcare,22.158372034398912,108,2.579025645760487,9,4,0,4,6,0,1,0,1,0,0,LinkedIn,0,0,Other,Cybersecurity,0,No Offer
CUST_01119,38,Female,Delhi,Large,Manufacturing,852.3751562949276,4267,54.311702392925234,5,12,0,2,5,2,1,0,0,0,1,Website,0,1,Other,Cybersecurity,1,Cybersecurity
CUST_01120,35,Female,Mumbai,Small,Healthcare,4.238595243785433,46,0.1521241898474153,4,9,0,3,2,3,1,0,0,0,2,Email Campaign,15,1,Other,Cybersecurity,1,Cybersecurity
CUST_01121,30,Other,Vadodara,Medium,Healthcare,14.823262192603543,188,0.4813784606643514,4,3,1,4,7,1,0,1,1,0,4,Website,0,1,Other,Cloud Services,1,Cloud Services
CUST_01122,23,Male,Bangalore,Medium,Finance,49.08170694045711,443,6.957987309014228,1,8,0,5,6,4,1,0,0,1,1,Website,10,1,Other,Cybersecurity,1,Cybersecurity
CUST_01123,46,Male,Hyderabad,Medium,Retail,15.408837185193953,105,0.9283688966148036,0,6,0,3,6,1,0,0,0,0,2,Website,5,0,Other,Cybersecurity,0,No Offer
CUST_01124,60,Male,Mumbai,Medium,Finance,40.55485930404359,257,3.396384427341416,6,8,0,0,8,1,1,1,0,1,1,Cold Call,10,1,Other,Data Analytics,1,Data Analytics
CUST_01125,30,Female,Pune,Small,Real Estate,2.0374127728658373,15,0.2935283759925706,4,8,1,1,7,1,0,1,1,0,1,Cold Call,0,1,Other,Cloud Services,1,Cloud Services
CUST_01126,43,Female,Kolkata,Small,Finance,14.061587796379309,77,1.2107313591021596,2,7,0,0,1,2,0,0,0,0,3,Website,15,0,Other,Cybersecurity,0,No Offer
CUST_01127,25,Male,Ahmedabad,Small,Real Estate,6.369054069814034,47,0.2511516659260908,5,7,1,1,4,5,1,0,0,0,1,Referral,0,0,Other,Cybersecurity,1,Cybersecurity
CUST_01128,47,Male,Mumbai,Small,Healthcare,2.3926580198775893,10,0.2302510457848383,2,5,0,5,4,4,0,0,0,0,2,Referral,5,0,Other,Cybersecurity,0,No Offer
CUST_01129,50,Male,Mumbai,Medium,Finance,27.592317791002944,270,1.119802166711261,5,12,0,2,4,3,0,0,0,0,0,LinkedIn,20,0,Other,Cybersecurity,0,No Offer
CUST_01130,55,Female,Bangalore,Small,Education,7.018976965360759,40,0.290659664319488,5,4,0,1,1,1,0,0,0,0,1,LinkedIn,0,1,Other,Cybersecurity,1,Cybersecurity
CUST_01131,44,Male,Vadodara,Large,Retail,719.5951299566741,4177,95.11410456806138,8,9,1,5,7,1,1,0,1,0,1,Referral,10,0,Other,Cybersecurity,0,No Offer
CUST_01132,58,Male,Kolkata,Large,Healthcare,352.8593003854602,3319,22.840789008536905,7,6,1,3,4,2,1,0,0,1,5,Referral,5,1,Other,Cybersecurity,1,Cybersecurity
CUST_01133,32,Male,Kolkata,Large,Retail,194.80083665692968,1472,21.70868783523131,0,11,0,1,3,1,0,0,1,0,0,Cold Call,5,0,Other,Cybersecurity,0,No Offer
CUST_01134,27,Female,Bangalore,Large,Education,528.322554927271,4292,48.11482126047834,6,5,1,4,3,2,1,1,0,0,4,Website,0,1,Other,Data Analytics,1,Data Analytics
CUST_01135,39,Female,Chennai,Small,IT,3.3799924801639145,40,0.1915752797341948,10,11,0,2,5,1,1,1,1,0,3,Referral,20,1,Other,AI Solutions,1,AI Solutions
CUST_01136,42,Female,Bangalore,Medium,Finance,18.182380315788603,125,1.6752960821154008,8,7,1,5,8,1,0,1,0,0,2,Website,10,1,Other,Cloud Services,1,Cloud Services
CUST_01137,57,Male,Pune,Small,Healthcare,11.96925035681062,94,0.4581736192066076,1,8,0,0,2,3,0,0,1,0,1,Referral,15,0,Other,Cybersecurity,0,No Offer
CUST_01138,59,Male,Surat,Large,Real Estate,67.1601620585306,784,4.813065381816085,8,2,1,2,5,1,1,1,1,0,3,Email Campaign,0,0,Other,AI Solutions,0,No Offer
CUST_01139,55,Female,Pune,Large,Manufacturing,410.829586660226,2935,38.10047842574616,5,6,0,5,6,1,0,1,0,0,0,LinkedIn,10,0,Other,Cloud Services,0,No Offer
CUST_01140,38,Other,Bangalore,Large,Retail,447.582451653972,3331,25.694509283730635,2,8,0,3,4,3,1,0,0,1,0,Website,15,1,Other,Cybersecurity,1,Cybersecurity
CUST_01141,58,Male,Hyderabad,Small,Logistics,5.339119487232437,70,0.5831523819478747,7,8,0,3,2,1,1,0,0,0,2,Referral,10,0,Other,Cybersecurity,0,No Offer
CUST_01142,46,Male,Chennai,Medium,Education,36.822716549279846,483,1.3336241812579857,6,9,1,2,4,2,1,0,1,0,1,Website,10,0,Other,Cybersecurity,0,No Offer
CUST_01143,59,Male,Hyderabad,Small,Finance,5.205542803105046,29,0.4590101250612954,7,7,0,3,3,2,0,0,1,0,1,LinkedIn,10,0,Other,Cybersecurity,0,No Offer
CUST_01144,33,Male,Pune,Small,Retail,13.392131266039456,70,1.5508020209042068,7,4,1,2,9,1,0,1,0,0,2,Website,0,1,Other,Cloud Services,1,Cloud Services
CUST_01145,44,Female,Kolkata,Medium,Education,98.8679748524391,415,8.066986782954395,6,8,0,1,8,1,1,1,0,0,2,Referral,10,1,Other,Data Analytics,1,Data Analytics
CUST_01146,43,Male,Pune,Small,Retail,1.4828206380288391,22,0.2001071935058151,0,3,0,2,4,1,1,0,1,0,1,LinkedIn,5,0,Other,Cybersecurity,0,No Offer
CUST_01147,42,Male,Delhi,Large,IT,342.7733385980566,4659,36.28705978955615,9,9,0,3,6,4,0,0,1,1,1,Email Campaign,20,1,Other,Cybersecurity,1,Cybersecurity
CUST_01148,48,Male,Vadodara,Small,Logistics,5.311999061035234,88,0.7703415882446095,9,6,0,5,3,0,0,1,0,0,2,Email Campaign,5,1,Other,Cloud Services,1,Cloud Services
CUST_01149,52,Male,Ahmedabad,Large,Education,483.10427883548,3088,30.964383980514643,9,6,0,3,8,3,0,0,1,0,0,Cold Call,5,0,Other,Cybersecurity,0,No Offer
CUST_01150,27,Male,Delhi,Medium,Retail,46.60466920336509,267,6.648376022037027,7,4,0,6,2,3,0,0,1,0,1,Email Campaign,5,0,Other,Cybersecurity,0,No Offer
CUST_01151,48,Male,Bangalore,Large,Real Estate,494.9786624934162,3787,50.89306794429204,4,6,1,4,2,1,1,1,1,1,1,Email Campaign,10,1,Other,Advanced IT Solutions,1,Advanced IT Solutions
CUST_01152,55,Male,Mumbai,Large,Logistics,929.698850436717,4436,111.02600142930888,1,8,0,3,5,1,0,0,0,0,1,Email Campaign,5,1,Other,Cybersecurity,1,Cybersecurity
CUST_01153,33,Female,Hyderabad,Large,IT,471.9091758587146,2519,65.24584838405148,1,8,1,6,3,1,0,0,0,0,1,Email Campaign,5,1,Other,Cybersecurity,1,Cybersecurity
CUST_01154,28,Male,Surat,Small,IT,9.88672336757488,40,0.9505457952664824,1,11,1,3,9,2,0,1,1,0,2,Cold Call,0,0,Other,Cloud Services,0,No Offer
CUST_01155,31,Male,Delhi,Large,IT,162.06252402260574,2089,21.629139157538795,8,11,1,2,3,2,0,0,0,0,2,Website,5,1,Other,Cybersecurity,1,Cybersecurity
CUST_01156,38,Female,Chennai,Small,Finance,3.2064829091620144,52,0.3046275247229965,4,7,0,1,3,1,0,1,1,0,0,Email Campaign,15,0,Other,Cloud Services,0,No Offer
CUST_01157,47,Female,Hyderabad,Small,Education,1.3644896344804085,13,0.1390467761214719,2,11,0,3,5,3,0,1,0,0,2,Website,5,0,Other,Cloud Services,0,No Offer
CUST_01158,42,Female,Delhi,Small,Retail,3.820512773499186,71,0.3186759571914619,5,8,1,2,2,1,1,1,1,0,1,Email Campaign,15,1,Other,AI Solutions,1,AI Solutions
CUST_01159,49,Male,Kolkata,Large,Retail,326.40075409115747,1380,15.49640660017717,8,4,1,2,4,3,1,0,0,1,2,Email Campaign,15,1,Other,Cybersecurity,1,Cybersecurity
CUST_01160,23,Male,Ahmedabad,Medium,Logistics,27.4760022709335,248,2.649246799703504,10,8,1,3,3,1,0,1,0,0,3,Email Campaign,15,0,Other,Cloud Services,0,No Offer
CUST_01161,22,Male,Pune,Large,Logistics,200.76802777625903,1251,29.57188324656008,8,8,0,6,5,2,1,1,0,0,0,Website,5,0,Other,Data Analytics,0,No Offer
CUST_01162,57,Male,Pune,Medium,Education,43.17329209878439,380,5.373448074542214,8,5,0,7,8,3,1,1,0,0,2,Email Campaign,15,0,Other,Data Analytics,0,No Offer
CUST_01163,47,Male,Delhi,Small,IT,8.527908298207764,86,1.0207890726694202,10,9,1,3,8,2,0,1,0,0,1,Website,0,1,Other,Cloud Services,1,Cloud Services
CUST_01164,50,Female,Bangalore,Large,Retail,322.1331980142889,4003,34.53173057251333,9,7,1,3,4,2,0,1,1,0,0,Website,20,1,Other,Cloud Services,1,Cloud Services
CUST_01165,42,Male,Chennai,Small,Retail,4.448854178567258,39,0.31920102005344,10,11,0,1,6,0,1,0,0,1,3,Email Campaign,10,0,Other,Cybersecurity,0,No Offer
CUST_01166,32,Male,Bangalore,Large,IT,445.6907491601069,2575,22.44223324632389,3,15,0,3,8,3,1,0,0,0,3,Cold Call,10,1,Other,Cybersecurity,1,Cybersecurity
CUST_01167,32,Female,Hyderabad,Small,Manufacturing,19.05729071512544,78,1.0852401398199767,4,11,1,2,3,4,1,1,1,0,1,Website,0,1,Other,AI Solutions,1,AI Solutions
CUST_01168,57,Male,Vadodara,Medium,Manufacturing,51.23303535927728,317,1.5758590412282916,0,12,0,4,5,3,0,0,0,0,0,Cold Call,20,0,Other,Cybersecurity,0,No Offer
CUST_01169,60,Female,Ahmedabad,Small,IT,13.149512310463289,84,1.4571980595689678,10,14,0,2,5,1,0,0,0,0,3,LinkedIn,10,1,Other,Cybersecurity,1,Cybersecurity
CUST_01170,56,Female,Ahmedabad,Small,Logistics,2.453261955704263,43,0.312607657922715,9,11,0,4,4,3,1,0,1,0,2,Website,0,0,Other,Cybersecurity,0,No Offer
CUST_01171,55,Female,Pune,Small,Finance,14.171287203680007,65,0.882437014929284,5,8,0,2,7,3,1,0,0,1,0,Cold Call,5,0,Other,Cybersecurity,0,No Offer
CUST_01172,45,Other,Ahmedabad,Small,Logistics,2.2407944499815566,38,0.0919219773896233,1,5,1,2,7,4,1,0,0,0,0,Cold Call,15,1,Other,Cybersecurity,1,Cybersecurity
CUST_01173,43,Male,Bangalore,Small,Logistics,21.04342738868332,91,1.47908460255563,6,9,1,3,7,4,1,0,0,0,2,LinkedIn,15,1,Other,Cybersecurity,1,Cybersecurity
CUST_01174,26,Male,Chennai,Small,Real Estate,13.880622366278237,88,0.9028810102456702,3,10,0,5,3,1,0,0,0,0,1,Email Campaign,0,0,Other,Cybersecurity,0,No Offer
CUST_01175,54,Female,Chennai,Medium,Real Estate,26.781862734978272,320,2.252492938624839,3,6,0,1,5,4,0,0,1,0,2,Email Campaign,5,1,Other,Cybersecurity,0,No Offer
CUST_01176,57,Female,Pune,Medium,Retail,46.73371230763015,333,2.883107700407973,8,11,1,4,3,4,0,1,0,0,1,Website,5,0,Other,Cloud Services,1,Cloud Services
CUST_01177,41,Male,Delhi,Medium,Logistics,42.82746613550202,172,3.0308108960594677,0,11,1,1,2,3,0,0,0,0,4,Website,0,0,Other,Cybersecurity,0,No Offer
CUST_01178,40,Female,Chennai,Large,Retail,468.3789105548057,4219,65.06090957509281,5,7,0,2,4,3,0,0,1,0,2,Website,15,0,Other,Cybersecurity,0,No Offer
CUST_01179,56,Male,Bangalore,Medium,Manufacturing,20.155039019684853,194,1.4144855229097408,1,8,0,0,8,2,0,0,0,0,1,Email Campaign,0,0,Other,Cybersecurity,0,No Offer
CUST_01180,38,Female,Mumbai,Medium,Logistics,14.278628727649233,194,1.774293327604407,5,7,1,6,5,0,1,1,0,0,0,Referral,0,1,Other,Data Analytics,1,Data Analytics
CUST_01181,55,Male,Delhi,Medium,IT,83.52823559077672,493,8.778821238082843,6,3,0,2,4,2,1,1,1,0,1,Referral,15,1,Other,AI Solutions,1,AI Solutions
CUST_01182,30,Male,Vadodara,Small,Education,5.9025497828429545,87,0.4161566368078154,2,7,0,3,3,3,0,0,1,0,2,Email Campaign,15,0,Other,Cybersecurity,0,No Offer
CUST_01183,47,Female,Surat,Medium,Education,95.91116122310488,472,12.289537547405208,3,8,0,2,5,1,0,0,0,0,5,Website,10,1,Other,Cybersecurity,1,Cybersecurity
CUST_01184,23,Male,Kolkata,Small,Logistics,13.562992766234474,58,1.3754112742622402,1,10,0,3,5,4,1,1,0,0,3,Cold Call,10,1,Other,Data Analytics,1,Data Analytics
CUST_01185,30,Male,Ahmedabad,Large,Finance,935.8055458604324,3959,29.042020746050333,6,9,0,4,8,3,0,0,0,0,0,Website,10,1,Other,Cybersecurity,1,Cybersecurity
CUST_01186,30,Male,Ahmedabad,Medium,Logistics,15.963064878333729,223,0.6105454752305817,8,8,0,2,4,1,1,0,0,0,2,Referral,15,0,Other,Cybersecurity,0,No Offer
CUST_01187,38,Female,Mumbai,Small,IT,15.84194690811819,98,1.9060515202587176,4,4,0,1,2,4,1,0,1,0,0,Referral,5,0,Other,Cybersecurity,0,No Offer
CUST_01188,22,Female,Delhi,Medium,Manufacturing,25.4084413788386,366,2.123722261248892,10,10,0,4,6,2,1,0,0,0,2,Email Campaign,15,1,Other,Cybersecurity,1,Cybersecurity
CUST_01189,46,Female,Pune,Small,Manufacturing,1.6440322829685945,10,0.1293211165636602,4,4,0,2,6,2,0,0,0,0,2,Email Campaign,15,0,Other,Cybersecurity,0,No Offer
CUST_01190,46,Female,Bangalore,Small,Logistics,10.22381361801198,48,0.4856236027392525,8,12,0,3,5,0,0,1,1,0,1,Email Campaign,0,1,Other,Cloud Services,1,Cloud Services
CUST_01191,60,Female,Mumbai,Small,Real Estate,11.029062272245984,70,0.5390810564931032,7,7,1,4,3,8,1,1,1,0,4,Website,5,0,Other,AI Solutions,0,No Offer
CUST_01192,56,Male,Kolkata,Medium,Retail,89.7643060885345,400,11.286092596250446,0,10,0,5,5,0,0,1,0,0,1,LinkedIn,10,0,Other,Cloud Services,0,No Offer
CUST_01193,24,Male,Chennai,Medium,Healthcare,40.80496496815585,194,5.283510762160453,1,5,0,7,3,5,1,1,0,0,3,Cold Call,5,0,Other,Data Analytics,1,Data Analytics
CUST_01194,58,Female,Pune,Large,Finance,249.2679888615621,2367,24.22892451333261,6,9,1,3,5,0,1,1,1,0,1,Referral,10,1,Other,AI Solutions,1,AI Solutions
CUST_01195,51,Male,Surat,Small,Finance,4.576531870988697,26,0.2993753754405592,2,7,0,5,3,3,0,1,1,0,2,Website,15,1,Other,Cloud Services,1,Cloud Services
CUST_01196,59,Male,Pune,Medium,Healthcare,11.892440243197273,231,1.6878238545363338,5,13,0,1,5,2,1,0,1,0,3,Email Campaign,20,0,Other,Cybersecurity,0,No Offer
CUST_01197,55,Male,Mumbai,Medium,Education,45.22293411474051,350,4.742777235208586,0,7,0,3,10,2,1,0,1,0,3,Email Campaign,0,0,Other,Cybersecurity,0,No Offer
CUST_01198,33,Male,Vadodara,Small,Education,8.002546751662441,82,1.00509629918064,7,6,0,3,9,2,0,1,1,0,2,Website,5,1,Other,Cloud Services,1,Cloud Services
CUST_01199,40,Female,Mumbai,Medium,Education,52.47054249070209,221,1.59478706773823,1,13,0,5,3,1,1,0,0,0,0,Website,0,1,Other,Cybersecurity,1,Cybersecurity
CUST_01200,58,Male,Mumbai,Small,Manufacturing,12.321313420395407,94,1.0354628756197843,0,8,0,1,8,1,1,0,0,0,0,Website,5,0,Other,Cybersecurity,0,No Offer
CUST_01201,38,Female,Mumbai,Small,IT,9.402270055593798,52,1.2647359233781617,1,8,1,4,4,5,1,0,0,0,1,Referral,15,1,Other,Cybersecurity,1,Cybersecurity
CUST_01202,31,Male,Pune,Medium,Finance,44.18917241731233,225,3.1192250369246928,7,8,0,7,2,3,1,0,0,0,0,Website,15,0,Other,Cybersecurity,0,No Offer
CUST_01203,33,Male,Mumbai,Medium,Healthcare,52.79776699596579,258,6.187166579536664,9,11,0,2,4,3,0,0,0,0,3,Website,0,0,Other,Cybersecurity,0,No Offer
CUST_01204,37,Male,Delhi,Small,Retail,11.63214726580684,59,1.266984868243425,4,8,0,2,3,2,1,0,0,0,0,Referral,10,1,Other,Cybersecurity,1,Cybersecurity
CUST_01205,45,Female,Pune,Small,Logistics,8.303141939211116,77,0.4007611423676838,8,8,1,3,8,3,1,0,0,0,1,Website,0,0,Other,Cybersecurity,1,Cybersecurity
CUST_01206,40,Female,Chennai,Small,Retail,13.104947754209112,70,1.6117573331109527,2,5,1,3,7,2,0,0,1,1,2,Email Campaign,0,0,Other,Cybersecurity,0,No Offer
CUST_01207,29,Female,Delhi,Small,Logistics,13.103755509101449,82,0.5700554910909845,7,10,0,4,4,3,0,0,1,0,0,Website,15,0,Other,Cybersecurity,0,No Offer
CUST_01208,52,Female,Kolkata,Small,Manufacturing,10.168471977570226,60,1.1932670504955218,3,11,1,1,6,1,0,0,1,0,0,Referral,5,1,Other,Cybersecurity,1,Cybersecurity
CUST_01209,42,Female,Chennai,Small,Finance,4.314011417710584,86,0.6424261888658792,6,9,0,1,2,2,1,0,0,0,1,Referral,5,0,Other,Cybersecurity,0,No Offer
CUST_01210,38,Female,Surat,Medium,IT,35.37472902631882,348,5.127841898299888,9,3,0,1,4,3,0,0,1,0,2,Website,0,1,Other,Cybersecurity,0,No Offer
CUST_01211,44,Female,Ahmedabad,Small,Finance,20.543896322852408,87,2.5891268979953885,9,7,0,2,3,3,0,0,0,0,1,LinkedIn,5,1,Other,Cybersecurity,0,No Offer
CUST_01212,58,Female,Pune,Medium,Logistics,23.871362882113083,221,2.247300014535345,7,10,0,2,3,1,0,1,0,0,3,Referral,5,0,Other,Cloud Services,0,No Offer
CUST_01213,37,Male,Ahmedabad,Medium,Education,46.23464309517598,336,5.131072102646332,2,8,0,2,3,1,1,1,1,1,3,Referral,15,1,Other,Advanced IT Solutions,1,Advanced IT Solutions
CUST_01214,27,Male,Pune,Small,Retail,8.646144847475673,99,1.0148240183335562,2,9,1,2,2,2,0,0,0,0,1,Email Campaign,10,0,Other,Cybersecurity,0,No Offer
CUST_01215,29,Female,Chennai,Small,Finance,1.476689697234021,19,0.045789464238149,0,6,1,3,4,2,0,0,0,0,1,Email Campaign,5,0,Other,Cybersecurity,0,No Offer
CUST_01216,46,Female,Surat,Large,Retail,365.00876524268153,3979,15.434011106792225,7,7,1,4,8,5,0,0,0,0,1,Website,15,0,Other,Cybersecurity,0,No Offer
CUST_01217,39,Male,Bangalore,Small,Healthcare,14.465651919605513,90,1.470391507197117,1,7,0,5,2,3,0,0,0,0,3,Referral,10,0,Other,Cybersecurity,0,No Offer
CUST_01218,46,Female,Bangalore,Small,Healthcare,14.26214954695932,61,0.439048077057433,6,12,0,5,2,1,1,0,1,0,4,LinkedIn,5,0,Other,Cybersecurity,0,No Offer
CUST_01219,33,Female,Delhi,Small,Retail,10.256345402152188,89,1.4263363971406735,10,13,0,2,1,2,1,1,0,0,1,Email Campaign,15,0,Other,Data Analytics,0,No Offer
CUST_01220,36,Male,Mumbai,Medium,IT,23.39504445008522,204,2.07653304647656,6,8,0,2,4,3,0,0,1,0,2,Referral,0,0,Other,Cybersecurity,0,No Offer
CUST_01221,47,Female,Mumbai,Medium,Real Estate,22.95876455020969,141,1.3989245682199811,6,7,0,3,5,5,1,0,1,0,1,Referral,5,0,Other,Cybersecurity,0,No Offer
CUST_01222,47,Male,Bangalore,Large,IT,168.553126975153,1389,13.02216856181708,3,8,1,7,2,5,1,0,0,0,1,Cold Call,10,1,Other,Cybersecurity,1,Cybersecurity
CUST_01223,53,Male,Chennai,Large,Real Estate,249.02528389736383,1073,32.894538980057746,6,8,0,3,6,2,1,1,1,0,3,Email Campaign,10,1,Other,AI Solutions,1,AI Solutions
CUST_01224,31,Male,Surat,Small,Finance,7.283037294650239,58,1.0288247523144654,9,8,0,2,5,1,0,0,0,0,3,Website,15,0,Other,Cybersecurity,0,No Offer
CUST_01225,37,Male,Delhi,Small,Retail,4.590741965620696,31,0.2017548352986611,10,6,1,3,5,5,0,1,1,0,0,Referral,5,1,Other,Cloud Services,1,Cloud Services
CUST_01226,28,Female,Chennai,Small,Manufacturing,12.220872829938411,78,1.507509141810477,7,8,0,1,7,3,1,1,1,0,1,LinkedIn,10,1,Other,AI Solutions,1,AI Solutions
CUST_01227,38,Male,Mumbai,Small,IT,15.06818980890488,73,1.4975860106602774,8,11,0,6,2,1,1,0,0,0,0,Cold Call,0,1,Other,Cybersecurity,1,Cybersecurity
CUST_01228,44,Male,Delhi,Small,Logistics,7.325153454733953,45,0.734422309409491,6,7,0,1,5,4,0,0,0,0,0,Website,0,0,Other,Cybersecurity,0,No Offer
CUST_01229,47,Male,Ahmedabad,Small,IT,2.934930600883945,30,0.3625644641636363,5,4,1,4,3,3,0,1,0,1,1,Referral,5,1,Other,Cloud Services,1,Cloud Services
CUST_01230,42,Male,Hyderabad,Small,Education,4.861833686142775,65,0.2758670671835517,4,10,1,2,6,1,0,0,1,1,3,LinkedIn,0,1,Other,Cybersecurity,1,Cybersecurity
CUST_01231,43,Male,Kolkata,Small,Healthcare,19.47950256569901,82,1.82572409491134,9,7,0,4,4,0,1,0,1,0,0,Website,0,0,Other,Cybersecurity,0,No Offer
CUST_01232,28,Female,Delhi,Small,IT,11.987818138885826,57,0.8190354733107955,9,7,0,4,3,4,1,0,0,0,0,LinkedIn,5,0,Other,Cybersecurity,0,No Offer
CUST_01233,35,Male,Mumbai,Large,Logistics,55.84868202511216,1023,2.308867248998295,6,8,0,1,5,1,0,0,0,0,1,Referral,10,0,Other,Cybersecurity,0,No Offer
CUST_01234,36,Female,Chennai,Medium,IT,45.86144052904784,214,1.9541345850577765,9,10,0,5,8,1,1,0,0,0,2,LinkedIn,0,0,Other,Cybersecurity,0,No Offer
CUST_01235,28,Female,Ahmedabad,Large,Logistics,655.3300401281577,3898,30.391963722380176,1,9,0,7,1,1,1,1,0,1,3,Email Campaign,10,1,Other,Data Analytics,1,Data Analytics
CUST_01236,30,Male,Kolkata,Small,Real Estate,8.1502788913704,53,0.8459009978014259,4,9,0,5,2,1,1,0,0,0,1,LinkedIn,5,1,Other,Cybersecurity,0,No Offer
CUST_01237,29,Female,Kolkata,Medium,Education,6.6606211471983965,127,0.2844060172948454,7,11,0,5,7,2,1,0,0,0,2,Email Campaign,10,0,Other,Cybersecurity,0,No Offer
CUST_01238,44,Male,Delhi,Small,Real Estate,9.277776507459736,45,0.9130488197352682,5,3,1,1,5,2,0,0,0,0,3,Website,10,1,Other,Cybersecurity,1,Cybersecurity
CUST_01239,50,Male,Kolkata,Small,Logistics,4.391037139564251,49,0.4417192218678711,5,9,1,2,1,2,0,1,1,0,0,Website,10,0,Other,Cloud Services,0,No Offer
CUST_01240,39,Male,Ahmedabad,Small,IT,11.735774558328949,60,1.6250243167719662,0,7,0,2,5,4,1,0,0,0,3,Website,10,1,Other,Cybersecurity,1,Cybersecurity
CUST_01241,52,Male,Surat,Large,Education,177.12142639510748,3331,18.627008736055725,1,9,1,1,5,3,1,0,1,0,0,Referral,10,1,Other,Cybersecurity,1,Cybersecurity
CUST_01242,51,Male,Chennai,Large,Retail,999.267735431208,4775,148.16196764207922,2,9,1,9,6,1,0,1,0,1,1,LinkedIn,0,1,Other,Cloud Services,1,Cloud Services
CUST_01243,60,Female,Delhi,Small,Retail,5.133142005074763,94,0.1730849778250353,6,8,1,2,2,6,0,1,1,0,1,LinkedIn,5,1,Other,Cloud Services,1,Cloud Services
CUST_01244,56,Male,Kolkata,Small,Healthcare,3.887143232580153,40,0.4450683237543085,9,11,0,1,4,3,1,0,0,0,0,Email Campaign,10,1,Other,Cybersecurity,1,Cybersecurity
CUST_01245,39,Female,Surat,Small,Finance,6.737616762665275,65,0.2235380170119826,5,12,0,6,2,2,0,0,0,0,2,Website,10,0,Other,Cybersecurity,0,No Offer
CUST_01246,60,Male,Chennai,Small,Education,5.7051209334969695,70,0.6704961025596635,4,11,1,1,2,5,1,0,0,0,0,Cold Call,5,1,Other,Cybersecurity,1,Cybersecurity
CUST_01247,38,Female,Pune,Small,IT,3.8015026202159192,26,0.2900623483624777,8,8,1,3,2,0,1,0,0,0,2,Email Campaign,10,1,Other,Cybersecurity,1,Cybersecurity
CUST_01248,35,Male,Surat,Small,Finance,9.60638327310076,90,0.9928863012551,9,10,0,6,6,3,1,0,1,0,2,Referral,5,0,Other,Cybersecurity,0,No Offer
CUST_01249,52,Male,Pune,Medium,Retail,73.60264816305359,296,4.942018062450149,6,10,0,1,4,2,1,0,0,0,1,Referral,15,1,Other,Cybersecurity,1,Cybersecurity
CUST_01250,45,Male,Pune,Small,IT,2.1579188627501416,13,0.1059378577000363,8,8,1,3,4,5,0,0,0,0,2,LinkedIn,10,0,Other,Cybersecurity,0,No Offer
CUST_01251,56,Male,Surat,Small,Finance,2.939320170195266,18,0.3433757976428893,10,10,1,6,7,0,0,0,1,0,3,Website,10,1,Other,Cybersecurity,1,Cybersecurity
CUST_01252,55,Male,Kolkata,Small,Education,1.0359131862342017,11,0.1435303772419837,10,11,0,1,4,1,1,0,0,0,2,Website,15,0,Other,Cybersecurity,0,No Offer
CUST_01253,24,Female,Pune,Small,Education,5.796467060691221,44,0.301589562360151,2,4,1,5,8,3,1,0,0,0,1,Cold Call,10,1,Other,Cybersecurity,1,Cybersecurity
CUST_01254,58,Male,Kolkata,Large,Finance,178.68668570520802,2389,25.102684707625382,10,5,0,1,1,3,1,0,0,0,2,Website,0,0,Other,Cybersecurity,0,No Offer
CUST_01255,47,Female,Kolkata,Small,Logistics,10.93531592430417,54,0.5120117558595644,7,8,0,3,3,2,1,0,0,0,1,Referral,0,0,Other,Cybersecurity,0,No Offer
CUST_01256,44,Female,Chennai,Large,Education,350.4390254305466,3015,41.44972674296348,8,14,0,2,1,1,0,1,1,1,1,Website,5,1,Other,Cloud Services,1,Cloud Services
CUST_01257,60,Female,Vadodara,Large,Manufacturing,182.7585680109216,912,26.524375823584524,1,6,0,2,4,0,0,0,1,0,3,Website,5,0,Other,Cybersecurity,0,No Offer
CUST_01258,36,Male,Ahmedabad,Large,Retail,538.7617535388835,4333,25.690587967233952,3,10,0,1,8,1,0,1,0,0,1,Email Campaign,0,1,Other,Cloud Services,1,Cloud Services
CUST_01259,25,Male,Kolkata,Medium,Healthcare,63.67212214190306,257,5.234536456225072,1,5,0,4,8,2,0,0,0,0,0,Referral,15,0,Other,Cybersecurity,0,No Offer
CUST_01260,50,Female,Chennai,Medium,Healthcare,21.81410003278941,259,1.5377827542212097,6,8,1,2,6,1,0,0,1,0,1,LinkedIn,0,0,Other,Cybersecurity,0,No Offer
CUST_01261,43,Female,Hyderabad,Large,Manufacturing,103.82906339503916,2064,7.955105616022403,3,5,0,6,7,5,1,1,1,0,1,Email Campaign,5,1,Other,AI Solutions,1,AI Solutions
CUST_01262,46,Male,Pune,Small,Finance,11.151697146194692,66,1.3424052679332383,5,4,0,2,9,2,1,1,0,0,0,Website,0,1,Other,Data Analytics,0,No Offer
CUST_01263,34,Male,Delhi,Medium,Education,114.28055400834462,475,12.495741122246578,7,7,0,5,7,1,0,0,1,1,1,Email Campaign,10,1,Other,Cybersecurity,1,Cybersecurity
CUST_01264,39,Male,Kolkata,Large,Manufacturing,778.6429196583902,4340,113.87063713907403,5,9,1,3,5,4,1,1,1,0,2,Website,15,1,Other,AI Solutions,1,AI Solutions
CUST_01265,54,Female,Surat,Medium,Manufacturing,28.9393676608932,431,1.5123001747697613,3,4,0,1,5,1,0,0,0,0,5,Email Campaign,10,1,Other,Cybersecurity,1,Cybersecurity
CUST_01266,37,Female,Pune,Large,Education,534.6809307001549,3382,50.89697518790106,5,10,0,2,6,1,0,0,1,0,3,Website,10,1,Other,Cybersecurity,1,Cybersecurity
CUST_01267,23,Male,Pune,Medium,Retail,99.71587650784456,430,8.365677165601085,0,4,0,3,3,3,0,1,1,0,3,Email Campaign,15,1,Other,Cloud Services,1,Cloud Services
CUST_01268,56,Female,Hyderabad,Large,Education,154.8783637859517,3019,21.723662598196107,5,8,1,1,3,2,1,1,0,1,2,Website,0,0,Other,Data Analytics,0,No Offer
CUST_01269,55,Female,Delhi,Medium,Real Estate,18.260754922295583,219,0.5710924718758252,10,5,0,3,2,0,0,1,1,0,5,Referral,15,0,Other,Cloud Services,1,Cloud Services
CUST_01270,51,Male,Chennai,Medium,Education,73.88057199352158,347,10.986074160733716,9,8,0,4,6,1,0,1,0,0,0,LinkedIn,0,1,Other,Cloud Services,1,Cloud Services
CUST_01271,34,Female,Hyderabad,Medium,Logistics,54.44997827308818,238,4.768082107525331,10,5,0,5,4,0,0,0,1,0,2,Email Campaign,10,1,Other,Cybersecurity,1,Cybersecurity
CUST_01272,34,Female,Ahmedabad,Large,IT,130.17384443808484,680,13.67668342060344,7,7,0,3,5,1,1,0,1,0,4,LinkedIn,15,0,Other,Cybersecurity,0,No Offer
CUST_01273,39,Male,Pune,Large,Finance,1148.4431513668342,4625,84.07328156266887,3,13,1,6,4,3,0,0,0,0,2,Website,5,1,Other,Cybersecurity,1,Cybersecurity
CUST_01274,53,Female,Kolkata,Large,Healthcare,239.4439712430275,3519,31.679203703188787,8,4,0,1,8,3,1,0,0,0,2,LinkedIn,10,1,Other,Cybersecurity,1,Cybersecurity
CUST_01275,53,Male,Kolkata,Medium,Healthcare,36.12371381897984,227,3.519842418470155,5,6,0,1,3,1,0,0,1,0,0,Referral,10,0,Other,Cybersecurity,0,No Offer
CUST_01276,56,Male,Hyderabad,Small,Manufacturing,18.13889761936317,97,1.9868860942163435,5,5,0,4,8,2,0,0,0,0,3,Referral,5,1,Other,Cybersecurity,1,Cybersecurity
CUST_01277,60,Male,Ahmedabad,Small,Logistics,3.2389920492549,17,0.3493854242935593,3,10,1,3,4,2,1,1,0,0,1,Website,5,0,Other,Data Analytics,0,No Offer
CUST_01278,50,Male,Bangalore,Large,Manufacturing,792.6309138154411,3798,58.39934695361996,7,7,0,1,2,5,1,1,0,1,5,Email Campaign,15,1,Other,Data Analytics,1,Data Analytics
CUST_01279,50,Male,Mumbai,Medium,Manufacturing,42.73511325063743,183,1.671751454938056,4,6,1,2,1,6,1,0,0,0,1,Website,10,0,Other,Cybersecurity,0,No Offer
CUST_01280,37,Male,Surat,Small,Finance,7.706682214775645,63,0.9781686913315778,0,8,1,5,3,3,0,1,0,0,1,Referral,0,0,Other,Cloud Services,0,No Offer
CUST_01281,31,Female,Surat,Small,Manufacturing,4.042894820745374,69,0.2618417633212927,6,12,0,4,2,3,0,1,0,0,0,Cold Call,5,0,Other,Cloud Services,0,No Offer
CUST_01282,51,Male,Bangalore,Large,Manufacturing,279.5184897691094,2282,36.86055813908524,7,5,1,4,6,0,1,0,1,0,0,Referral,0,0,Other,Cybersecurity,1,Cybersecurity
CUST_01283,46,Female,Pune,Large,IT,288.28109798752706,1564,29.70366592242399,5,4,1,3,5,3,1,0,1,0,4,Email Campaign,5,1,Other,Cybersecurity,1,Cybersecurity
CUST_01284,60,Male,Chennai,Large,Finance,273.99523883165006,2956,19.849441221903717,6,7,0,3,4,2,0,1,0,0,1,Referral,5,1,Other,Cloud Services,1,Cloud Services
CUST_01285,41,Female,Delhi,Medium,Retail,61.9024203710287,292,6.2713130295369215,6,10,1,2,5,4,0,1,0,0,2,Email Campaign,5,1,Other,Cloud Services,1,Cloud Services
CUST_01286,26,Female,Bangalore,Small,Logistics,9.019477588278352,96,0.9692251523065232,3,12,0,0,4,5,1,0,0,0,0,Website,5,0,Other,Cybersecurity,0,No Offer
CUST_01287,22,Male,Ahmedabad,Small,Retail,2.652646704277768,51,0.3045291706353919,3,7,1,4,7,4,0,1,1,1,1,Referral,15,1,Other,Cloud Services,1,Cloud Services
CUST_01288,51,Female,Kolkata,Small,Education,6.974343122856929,46,0.8974624912531945,0,10,0,4,6,4,0,1,0,0,1,LinkedIn,15,0,Other,Cloud Services,0,No Offer
CUST_01289,24,Male,Mumbai,Large,IT,576.698204070978,2953,28.356592714358296,1,10,0,1,7,1,0,0,0,0,1,Website,10,1,Other,Cybersecurity,1,Cybersecurity
CUST_01290,35,Female,Pune,Small,Healthcare,10.19414078912618,85,1.460793117705089,2,6,1,4,7,1,0,1,0,0,0,LinkedIn,10,0,Other,Cloud Services,0,No Offer
CUST_01291,51,Male,Mumbai,Medium,Education,60.13352713211456,301,4.768641242121597,4,7,1,0,5,0,0,1,1,0,0,Email Campaign,5,1,Other,Cloud Services,1,Cloud Services
CUST_01292,25,Female,Delhi,Medium,Retail,38.13760011030386,277,5.081989130621505,9,13,0,3,4,4,1,0,0,0,0,Referral,10,0,Other,Cybersecurity,0,No Offer
CUST_01293,39,Female,Kolkata,Medium,Finance,24.628133650713348,292,1.390444122558162,8,6,0,4,6,1,1,0,0,0,1,Email Campaign,0,0,Other,Cybersecurity,0,No Offer
CUST_01294,58,Male,Ahmedabad,Large,Healthcare,104.89198529007813,1540,3.5121483417603074,4,6,0,2,3,4,1,1,0,0,1,Email Campaign,5,1,Other,Data Analytics,1,Data Analytics
CUST_01295,46,Male,Surat,Small,Real Estate,7.108345020314371,37,0.7023136238990387,5,10,0,3,3,2,1,0,0,0,2,Website,15,0,Other,Cybersecurity,0,No Offer
CUST_01296,22,Female,Delhi,Medium,Manufacturing,38.524316128734405,303,2.656635048421218,6,4,1,4,1,2,1,1,0,0,2,Cold Call,10,1,Other,Data Analytics,1,Data Analytics
CUST_01297,36,Male,Bangalore,Small,Finance,6.976642607542622,30,1.0334880265334825,3,10,0,0,4,0,1,0,0,0,0,Email Campaign,10,0,Other,Cybersecurity,0,No Offer
CUST_01298,30,Male,Surat,Small,Healthcare,6.638142492021179,42,0.2823495047027865,7,10,1,1,9,3,0,0,0,0,0,Referral,15,0,Other,Cybersecurity,0,No Offer
CUST_01299,36,Male,Surat,Small,Retail,1.316551320085546,11,0.0469697376842583,10,6,0,6,5,4,0,1,1,0,3,Referral,15,1,Other,Cloud Services,1,Cloud Services
CUST_01300,45,Male,Ahmedabad,Small,Education,11.021433056610906,92,0.3901822965228889,5,7,0,0,4,1,1,0,1,0,4,Website,0,1,Other,Cybersecurity,1,Cybersecurity
CUST_01301,25,Other,Bangalore,Medium,Manufacturing,37.8386361537028,496,2.1199036659969472,10,5,1,1,3,3,0,1,0,0,3,LinkedIn,20,1,Other,Cloud Services,1,Cloud Services
CUST_01302,33,Male,Hyderabad,Medium,Manufacturing,47.42095043171061,281,4.718523699309059,0,4,1,3,1,2,0,0,0,1,1,Website,10,1,Other,Cybersecurity,1,Cybersecurity
CUST_01303,58,Male,Delhi,Small,Logistics,1.6643342708206443,10,0.1509012019840468,5,5,0,3,4,5,1,0,0,0,0,LinkedIn,15,1,Other,Cybersecurity,1,Cybersecurity
CUST_01304,58,Female,Chennai,Small,Finance,7.769953320330052,37,0.5595073190659512,1,13,1,3,3,1,1,1,0,1,0,Referral,0,1,Other,Data Analytics,1,Data Analytics
CUST_01305,27,Female,Vadodara,Medium,Education,38.71269937967513,429,1.573871486320415,3,10,1,3,4,5,1,0,1,0,1,Website,15,1,Other,Cybersecurity,1,Cybersecurity
CUST_01306,60,Male,Kolkata,Large,Manufacturing,215.3424356338745,1991,12.500294903935565,10,8,0,3,4,0,1,0,1,0,3,Website,0,1,Other,Cybersecurity,1,Cybersecurity
CUST_01307,45,Male,Ahmedabad,Small,Healthcare,2.569560971307305,37,0.1338680824174118,3,8,0,2,5,4,1,1,0,0,2,Referral,0,1,Other,Data Analytics,1,Data Analytics
CUST_01308,32,Female,Kolkata,Medium,Logistics,11.997528449915947,110,1.4334649446501024,9,7,1,3,5,1,0,1,0,0,3,Website,0,1,Other,Cloud Services,1,Cloud Services
CUST_01309,34,Female,Delhi,Medium,Logistics,29.70087267004275,219,3.670836765419173,9,8,1,0,1,1,1,1,1,0,0,Email Campaign,10,1,Other,AI Solutions,1,AI Solutions
CUST_01310,55,Male,Bangalore,Medium,IT,117.51794969634564,484,14.48310973493292,4,9,1,3,4,3,1,0,1,0,0,Website,15,1,Other,Cybersecurity,1,Cybersecurity
CUST_01311,46,Male,Chennai,Small,Retail,2.347971607474775,13,0.3434727103974016,9,9,1,3,8,0,1,0,0,0,2,Website,0,0,Other,Cybersecurity,0,No Offer
CUST_01312,28,Male,Vadodara,Medium,Finance,59.7001131412375,289,8.125696047027189,1,7,0,0,7,0,0,1,1,0,1,Website,0,1,Other,Cloud Services,1,Cloud Services
CUST_01313,25,Male,Mumbai,Medium,Education,25.552638903789763,222,2.2930061610230554,5,13,0,4,7,0,1,0,0,1,0,Cold Call,0,0,Other,Cybersecurity,0,No Offer
CUST_01314,29,Male,Chennai,Medium,Real Estate,22.72393801774636,288,1.813195790988812,10,8,0,2,1,3,0,1,1,0,2,Website,10,1,Other,Cloud Services,1,Cloud Services
CUST_01315,41,Female,Ahmedabad,Medium,Real Estate,35.57173992231575,351,4.976209742590142,2,6,0,3,5,1,0,0,1,0,1,LinkedIn,10,0,Other,Cybersecurity,0,No Offer
CUST_01316,50,Male,Kolkata,Large,IT,457.2390314341871,4514,47.25429601117899,8,2,1,2,1,3,0,0,0,0,1,Email Campaign,10,0,Other,Cybersecurity,0,No Offer
CUST_01317,31,Female,Chennai,Small,Real Estate,11.163745399131926,67,0.7293033737160651,5,10,0,2,5,0,0,0,0,0,2,Referral,0,0,Other,Cybersecurity,0,No Offer
CUST_01318,55,Male,Pune,Large,IT,194.8305910306865,1647,19.041900947157536,2,9,0,6,5,6,1,0,0,0,0,Referral,0,0,Other,Cybersecurity,0,No Offer
CUST_01319,47,Female,Bangalore,Medium,Finance,66.66541163286338,301,9.937008308827304,2,10,0,1,8,2,0,0,0,1,2,Website,0,0,Other,Cybersecurity,0,No Offer
CUST_01320,24,Female,Bangalore,Medium,Healthcare,90.90916771195896,367,11.994228971120243,4,9,1,4,5,3,0,0,1,0,2,Referral,10,1,Other,Cybersecurity,1,Cybersecurity
CUST_01321,27,Male,Pune,Small,Education,11.272669700005522,95,0.7186728908942317,5,8,0,1,2,2,1,0,0,0,2,Email Campaign,10,0,Other,Cybersecurity,0,No Offer
CUST_01322,26,Male,Surat,Small,Retail,10.696675065294524,56,1.5441135134873256,3,10,0,6,10,2,0,0,0,0,1,LinkedIn,5,1,Other,Cybersecurity,0,No Offer
CUST_01323,26,Male,Surat,Medium,Finance,23.05015918077737,127,3.4062477233627795,4,11,0,2,2,3,1,0,1,0,1,Referral,10,0,Other,Cybersecurity,1,Cybersecurity
CUST_01324,44,Female,Delhi,Medium,Education,26.045501781111696,293,1.5038681878159554,2,10,0,6,8,1,1,0,0,0,5,Referral,0,1,Other,Cybersecurity,1,Cybersecurity
CUST_01325,30,Female,Hyderabad,Small,IT,8.409661882708564,36,1.1560850846510495,9,11,1,3,5,3,0,0,0,0,1,Website,0,1,Other,Cybersecurity,1,Cybersecurity
CUST_01326,56,Male,Mumbai,Medium,IT,18.517034592162133,206,2.51802647082737,3,8,0,3,6,2,1,1,0,1,1,Cold Call,10,0,Other,Data Analytics,0,No Offer
CUST_01327,41,Male,Pune,Small,Finance,12.040877006370325,61,0.4186664564960879,7,11,0,6,4,0,1,1,1,0,2,Email Campaign,0,1,Other,AI Solutions,1,AI Solutions
CUST_01328,56,Male,Delhi,Large,Education,526.0160071298499,4401,58.05254845617387,7,7,0,2,4,4,0,0,0,0,1,Email Campaign,10,0,Other,Cybersecurity,0,No Offer
CUST_01329,39,Female,Kolkata,Large,IT,150.81473497699258,1222,10.049341628835752,0,6,0,6,6,0,1,0,1,0,0,Cold Call,10,1,Other,Cybersecurity,1,Cybersecurity
CUST_01330,38,Male,Pune,Small,Finance,4.655963749067139,33,0.5165955445051114,3,7,0,3,6,2,1,0,0,0,1,Email Campaign,10,0,Other,Cybersecurity,0,No Offer
CUST_01331,45,Male,Hyderabad,Large,Logistics,964.4952042089176,4327,134.66961364344965,1,11,0,2,2,3,1,0,0,0,2,Email Campaign,5,1,Other,Cybersecurity,1,Cybersecurity
CUST_01332,24,Male,Pune,Large,Finance,373.47110802623,4785,33.557689849643126,3,7,0,3,4,0,1,0,0,0,5,LinkedIn,0,1,Other,Cybersecurity,1,Cybersecurity
CUST_01333,53,Male,Hyderabad,Small,Retail,4.994941076489964,82,0.3982443528303862,4,7,0,3,5,2,1,0,1,0,2,Referral,5,1,Other,Cybersecurity,1,Cybersecurity
CUST_01334,56,Female,Hyderabad,Medium,Finance,55.81469409901968,428,7.846639143451363,0,8,0,2,5,3,0,0,0,1,2,Referral,10,1,Other,Cybersecurity,1,Cybersecurity
CUST_01335,59,Male,Hyderabad,Small,Logistics,1.955744634509364,32,0.2872867418868007,4,12,0,3,4,2,0,1,0,1,1,Email Campaign,10,1,Other,Cloud Services,1,Cloud Services
CUST_01336,34,Female,Bangalore,Medium,Education,20.814739603875186,111,0.7798941429477864,6,10,0,3,7,0,1,0,0,0,2,LinkedIn,5,1,Other,Cybersecurity,1,Cybersecurity
CUST_01337,46,Male,Chennai,Small,Education,18.18585135048984,90,2.559508877068599,4,8,0,1,5,1,0,1,0,0,4,Referral,0,0,Other,Cloud Services,0,No Offer
CUST_01338,30,Male,Bangalore,Small,Real Estate,10.163354031729982,46,0.4058453300163075,6,6,1,5,5,5,1,1,1,0,2,Referral,0,1,Other,AI Solutions,1,AI Solutions
CUST_01339,25,Female,Delhi,Small,IT,3.18029518554751,16,0.2241292220354709,8,5,0,3,7,2,0,1,1,0,3,Email Campaign,0,1,Other,Cloud Services,1,Cloud Services
CUST_01340,35,Other,Bangalore,Small,Real Estate,20.06124397151408,86,2.4376195811179864,7,5,0,4,5,2,0,0,0,0,1,Referral,0,0,Other,Cybersecurity,0,No Offer
CUST_01341,58,Female,Bangalore,Large,Manufacturing,110.611764397733,554,13.63228472088868,0,14,0,2,3,3,1,0,1,0,1,Email Campaign,5,1,Other,Cybersecurity,1,Cybersecurity
CUST_01342,55,Male,Kolkata,Small,Retail,7.35366896724609,31,0.8611045386056149,9,11,1,5,4,0,1,1,0,0,2,LinkedIn,10,1,Other,Data Analytics,1,Data Analytics
CUST_01343,32,Male,Pune,Small,Education,7.710127819242919,87,0.2674913084508215,9,5,0,2,3,3,1,1,0,0,1,Referral,10,0,Other,Data Analytics,0,No Offer
CUST_01344,24,Female,Bangalore,Large,IT,491.7602425346575,3279,22.59929719906409,1,7,0,3,5,4,0,0,1,0,1,Cold Call,10,1,Other,Cybersecurity,1,Cybersecurity
CUST_01345,49,Male,Vadodara,Medium,IT,26.620114833685047,107,3.789266328026575,5,3,0,4,9,0,1,0,1,1,2,Website,0,1,Other,Cybersecurity,1,Cybersecurity
CUST_01346,50,Male,Hyderabad,Medium,Retail,41.54838694140513,223,1.6526023225449409,4,11,1,1,5,2,1,1,0,0,1,Referral,15,1,Other,Data Analytics,1,Data Analytics
CUST_01347,30,Female,Pune,Large,Real Estate,340.39816118556007,1508,13.420371120320713,0,4,0,5,4,7,1,1,0,0,0,Website,10,1,Other,Data Analytics,1,Data Analytics
CUST_01348,24,Female,Surat,Large,Retail,160.60956510745947,2864,20.92381463087659,1,16,1,3,3,1,0,0,0,0,1,Email Campaign,10,1,Other,Cybersecurity,1,Cybersecurity
CUST_01349,46,Other,Kolkata,Small,Real Estate,5.384437913128499,24,0.5758758134791604,2,12,0,3,6,2,1,0,0,0,2,LinkedIn,10,1,Other,Cybersecurity,1,Cybersecurity
CUST_01350,55,Female,Chennai,Medium,IT,25.398714686532216,134,1.833754860220321,9,4,0,2,4,3,1,0,0,1,0,Referral,5,1,Other,Cybersecurity,1,Cybersecurity
CUST_01351,33,Female,Kolkata,Large,Logistics,227.12378326656625,2699,11.33012862807537,4,5,1,4,6,1,0,0,0,0,3,Referral,0,1,Other,Cybersecurity,1,Cybersecurity
CUST_01352,30,Male,Hyderabad,Small,Manufacturing,3.804397198645633,69,0.5177801721872359,6,9,0,4,5,0,1,0,0,0,1,Website,10,0,Other,Cybersecurity,0,No Offer
CUST_01353,36,Male,Pune,Small,Logistics,6.629045515633488,65,0.9852387801780051,5,7,0,3,4,0,0,1,0,0,2,Website,10,1,Other,Cloud Services,1,Cloud Services
CUST_01354,46,Female,Chennai,Small,Healthcare,11.424578918129148,49,0.4112460821763248,2,7,1,2,2,6,1,1,0,0,1,Email Campaign,5,1,Other,Data Analytics,1,Data Analytics
CUST_01355,26,Male,Mumbai,Small,Logistics,4.590664693501433,25,0.4429697895280219,5,6,0,3,4,4,1,0,1,0,1,Email Campaign,10,1,Other,Cybersecurity,1,Cybersecurity
CUST_01356,32,Male,Ahmedabad,Medium,IT,28.067258502799785,120,1.7221067869151698,3,6,0,3,6,2,1,0,0,1,2,Email Campaign,0,1,Other,Cybersecurity,1,Cybersecurity
CUST_01357,55,Male,Kolkata,Medium,Retail,49.00901508759587,352,6.365605518726308,2,8,1,3,4,3,1,1,1,0,4,Website,5,1,Other,AI Solutions,1,AI Solutions
CUST_01358,45,Male,Chennai,Large,Finance,389.9256634943002,1643,27.890903496166803,3,8,0,1,8,2,0,0,0,0,1,Website,0,0,Other,Cybersecurity,0,No Offer
CUST_01359,36,Female,Delhi,Medium,Finance,50.9053308227734,357,5.892572770484085,10,10,0,6,4,2,1,1,1,0,1,Referral,0,1,Other,AI Solutions,1,AI Solutions
CUST_01360,59,Male,Chennai,Small,Retail,6.813820866275018,75,0.6455605396810311,7,12,1,2,5,2,0,0,0,0,2,Referral,20,0,Other,Cybersecurity,0,No Offer
CUST_01361,29,Male,Ahmedabad,Small,Logistics,4.254770720355142,53,0.4041300610184123,0,8,0,2,3,5,0,0,0,0,3,Website,10,0,Other,Cybersecurity,0,No Offer
CUST_01362,26,Male,Hyderabad,Large,Retail,1089.0816234934848,4378,144.8042183207797,2,11,1,3,3,2,0,0,0,0,2,Cold Call,10,0,Other,Cybersecurity,0,No Offer
CUST_01363,47,Female,Pune,Small,Healthcare,7.006351937694851,60,0.6056888334600621,9,11,0,3,1,3,1,1,0,0,3,Cold Call,5,1,Other,Data Analytics,1,Data Analytics
CUST_01364,39,Male,Mumbai,Small,Education,5.65873174938271,69,0.7439644642166735,7,8,1,2,5,0,1,0,0,1,2,Website,10,1,Other,Cybersecurity,1,Cybersecurity
CUST_01365,27,Male,Delhi,Large,Real Estate,245.43632766003643,4749,18.066867355402454,9,10,0,2,6,0,1,1,0,0,1,Email Campaign,10,1,Other,Data Analytics,1,Data Analytics
CUST_01366,58,Female,Chennai,Medium,Retail,34.59779399781361,323,1.7635863284598163,8,10,0,6,6,2,1,0,0,0,1,Website,20,1,Other,Cybersecurity,1,Cybersecurity
CUST_01367,34,Male,Vadodara,Small,Real Estate,11.163338207304882,49,0.9450579077260016,2,9,1,7,4,1,0,1,1,0,3,Cold Call,0,1,Other,Cloud Services,1,Cloud Services
CUST_01368,49,Male,Bangalore,Large,Real Estate,723.6406029851494,4615,64.98487546597092,8,7,0,3,4,1,0,0,0,0,3,LinkedIn,10,1,Other,Cybersecurity,1,Cybersecurity
CUST_01369,26,Male,Hyderabad,Large,Finance,607.9977505006939,3445,53.14264147995354,9,4,0,1,5,2,1,1,1,0,2,Website,10,1,Other,AI Solutions,1,AI Solutions
CUST_01370,34,Male,Kolkata,Small,Manufacturing,4.924042636340238,21,0.6253516885714934,10,7,0,1,4,3,0,0,1,0,2,Website,15,0,Other,Cybersecurity,0,No Offer
CUST_01371,38,Female,Kolkata,Large,Retail,495.3882428187047,3247,48.42988431255839,9,7,1,2,7,4,0,1,0,0,1,Referral,10,1,Other,Cloud Services,1,Cloud Services
CUST_01372,53,Male,Ahmedabad,Small,Healthcare,17.847789471982882,82,2.4382452142053705,3,8,0,3,7,1,0,1,0,0,2,LinkedIn,5,0,Other,Cloud Services,1,Cloud Services
CUST_01373,50,Female,Hyderabad,Medium,Real Estate,39.82402949849895,347,3.6519534830228992,3,6,0,2,6,4,0,0,0,0,1,Referral,0,0,Other,Cybersecurity,0,No Offer
CUST_01374,24,Male,Delhi,Large,Manufacturing,283.2151099437536,1154,16.133578126846192,6,9,1,4,0,1,1,0,0,0,1,Referral,0,1,Other,Cybersecurity,1,Cybersecurity
CUST_01375,55,Male,Surat,Large,Healthcare,275.2829749046251,4186,12.536249264575314,5,8,0,0,3,3,1,0,0,1,1,Email Campaign,5,1,Other,Cybersecurity,1,Cybersecurity
CUST_01376,48,Female,Mumbai,Small,Manufacturing,17.35196555413611,89,2.3286951775269062,9,6,0,2,2,1,1,1,0,1,1,Email Campaign,5,1,Other,Data Analytics,0,No Offer
CUST_01377,34,Male,Delhi,Small,Retail,2.3674723455767657,13,0.0869826761242587,2,9,0,1,2,3,0,1,0,0,1,Website,0,1,Other,Cloud Services,1,Cloud Services
CUST_01378,54,Male,Mumbai,Small,Real Estate,5.21172376903964,59,0.2299055702603595,7,9,0,1,5,2,1,0,1,0,1,Website,0,1,Other,Cybersecurity,1,Cybersecurity
CUST_01379,27,Male,Pune,Medium,Finance,22.10400236009015,173,0.8319730370901504,4,5,0,3,4,0,1,0,1,0,2,Website,5,1,Other,Cybersecurity,1,Cybersecurity
CUST_01380,45,Male,Pune,Small,Manufacturing,2.814145583885032,25,0.2275183338853856,1,12,1,3,5,2,0,1,1,1,3,Email Campaign,15,1,Other,Cloud Services,1,Cloud Services
CUST_01381,40,Female,Hyderabad,Small,IT,1.584667194329479,23,0.1488222351682645,9,10,0,5,3,2,1,0,0,0,3,LinkedIn,5,1,Other,Cybersecurity,1,Cybersecurity
CUST_01382,37,Male,Hyderabad,Small,Education,12.18790513508228,73,0.3947049144071165,2,5,1,1,3,2,1,1,0,0,0,Referral,0,0,Other,Data Analytics,0,No Offer
CUST_01383,49,Female,Kolkata,Small,Healthcare,12.436698455651657,50,1.1425637159338902,6,6,0,1,0,1,0,1,0,0,2,Email Campaign,10,0,Other,Cloud Services,0,No Offer
CUST_01384,54,Female,Bangalore,Small,Manufacturing,12.467657372222194,77,0.9631407021809322,9,14,0,3,6,4,0,0,0,0,2,Email Campaign,15,1,Other,Cybersecurity,1,Cybersecurity
CUST_01385,34,Male,Ahmedabad,Large,Real Estate,471.1119688353341,2962,57.87017967547234,8,8,0,3,9,0,0,0,0,0,2,LinkedIn,10,1,Other,Cybersecurity,1,Cybersecurity
CUST_01386,46,Male,Bangalore,Small,Healthcare,0.6386901561800064,11,0.0827709196092872,0,5,1,4,1,1,1,1,1,0,2,Website,10,0,Other,AI Solutions,0,No Offer
CUST_01387,57,Male,Delhi,Small,Finance,1.4790368487820236,19,0.1659421548991752,5,12,0,3,5,1,0,0,0,0,3,Cold Call,10,1,Other,Cybersecurity,1,Cybersecurity
CUST_01388,48,Female,Kolkata,Large,Healthcare,749.7864331340613,4912,65.09605641761637,10,10,0,3,4,4,1,0,0,0,0,Referral,0,1,Other,Cybersecurity,1,Cybersecurity
CUST_01389,59,Male,Mumbai,Medium,Healthcare,39.52571405389029,160,2.210982728910279,8,4,0,4,3,4,1,1,0,0,3,Referral,15,1,Other,Data Analytics,1,Data Analytics
CUST_01390,28,Female,Surat,Small,IT,7.886254148233013,35,1.0382552008023511,6,7,1,2,3,4,0,1,0,1,2,Email Campaign,0,1,Other,Cloud Services,1,Cloud Services
CUST_01391,26,Male,Chennai,Small,Healthcare,1.5345437155702355,13,0.1089530592662406,2,10,0,7,6,2,1,0,1,0,1,Email Campaign,0,1,Other,Cybersecurity,1,Cybersecurity
CUST_01392,52,Female,Vadodara,Medium,Manufacturing,29.499758257286345,186,2.146255692672591,6,9,0,4,2,3,1,0,0,0,2,Email Campaign,0,0,Other,Cybersecurity,1,Cybersecurity
CUST_01393,44,Male,Pune,Small,Real Estate,5.939996444680611,37,0.8311325333697103,1,14,0,1,3,1,0,0,1,0,3,Website,10,1,Other,Cybersecurity,1,Cybersecurity
CUST_01394,31,Female,Bangalore,Medium,Healthcare,33.48590993688616,179,4.924828718381588,9,7,0,3,4,1,1,1,0,1,0,Referral,0,0,Other,Data Analytics,0,No Offer
CUST_01395,53,Male,Ahmedabad,Small,Real Estate,14.066730618587078,75,1.938053865398588,1,8,0,2,9,2,0,1,1,0,2,Email Campaign,5,1,Other,Cloud Services,1,Cloud Services
CUST_01396,51,Male,Surat,Small,Retail,5.198962441929869,25,0.7787430535808129,0,5,1,1,4,1,1,0,1,0,1,Email Campaign,0,1,Other,Cybersecurity,1,Cybersecurity
CUST_01397,60,Male,Surat,Medium,Healthcare,11.54878304326666,210,1.550644258009258,2,5,0,1,5,2,1,0,0,0,2,Cold Call,15,0,Other,Cybersecurity,0,No Offer
CUST_01398,52,Male,Pune,Medium,Retail,111.96720188179242,469,12.822808901132875,0,7,0,5,6,2,1,1,0,0,1,Referral,0,1,Other,Data Analytics,0,No Offer
CUST_01399,39,Other,Vadodara,Large,Education,295.0331939928876,4609,19.25337292930392,7,9,1,1,7,2,0,0,0,0,2,Email Campaign,0,1,Other,Cybersecurity,1,Cybersecurity
CUST_01400,57,Male,Hyderabad,Small,Healthcare,12.48995391740337,86,1.8029853726450005,10,5,0,5,5,3,0,1,0,0,1,Cold Call,0,0,Other,Cloud Services,0,No Offer
CUST_01401,23,Male,Surat,Medium,Logistics,99.88207020106223,427,13.503578434277433,7,6,1,1,3,2,0,0,0,0,4,Referral,10,0,Other,Cybersecurity,0,No Offer
CUST_01402,35,Female,Delhi,Small,Education,5.016148038771343,34,0.2953990272370927,3,7,0,5,4,0,1,0,1,0,1,Website,5,0,Other,Cybersecurity,0,No Offer
CUST_01403,34,Male,Delhi,Medium,Real Estate,23.71094466802364,378,2.103148860445975,0,5,1,2,7,0,1,0,1,0,2,Website,15,1,Other,Cybersecurity,1,Cybersecurity
CUST_01404,50,Male,Hyderabad,Large,Logistics,218.7251450421691,2282,8.400506495026884,1,5,1,3,5,4,1,0,0,0,3,Referral,0,1,Other,Cybersecurity,1,Cybersecurity
CUST_01405,33,Female,Mumbai,Small,Healthcare,9.612534362273705,58,1.388021735590156,1,5,0,4,8,0,1,1,0,0,0,Email Campaign,10,1,Other,Data Analytics,1,Data Analytics
CUST_01406,60,Male,Kolkata,Large,Manufacturing,331.9152534239472,4912,32.77072296058371,1,10,0,0,5,1,0,0,0,0,0,Referral,10,0,Other,Cybersecurity,1,Cybersecurity
CUST_01407,23,Female,Hyderabad,Medium,Logistics,51.46899392972145,382,3.05849686708458,8,9,0,2,4,2,0,1,0,1,1,Referral,0,0,Other,Cloud Services,0,No Offer
CUST_01408,53,Male,Vadodara,Large,Retail,155.8919072587262,1346,10.146679619597998,6,9,0,3,6,3,0,1,1,0,0,Email Campaign,0,0,Other,Cloud Services,0,No Offer
CUST_01409,34,Male,Delhi,Medium,Real Estate,35.364893243764755,166,5.222643748537652,8,6,0,2,4,4,0,0,0,0,1,Website,0,0,Other,Cybersecurity,0,No Offer
CUST_01410,48,Female,Surat,Small,Education,6.914533216040626,96,0.718238252755153,9,7,0,1,5,1,0,1,0,0,1,Cold Call,5,0,Other,Cloud Services,0,No Offer
CUST_01411,38,Female,Delhi,Small,Education,2.4252759704128444,13,0.1951909997588012,9,11,1,7,6,3,0,0,0,0,0,Website,15,0,Other,Cybersecurity,0,No Offer
CUST_01412,52,Male,Chennai,Small,Retail,7.353797593810183,56,0.661705410312957,1,6,0,2,4,1,0,1,0,1,2,Referral,0,1,Other,Cloud Services,1,Cloud Services
CUST_01413,55,Female,Kolkata,Small,IT,9.885458029573478,59,0.4134692534029231,4,4,0,6,3,1,0,1,0,0,0,Referral,5,0,Other,Cloud Services,1,Cloud Services
CUST_01414,45,Male,Ahmedabad,Medium,Healthcare,25.691991936318725,282,1.0020578557094864,0,10,0,2,7,0,0,1,1,0,2,Referral,15,0,Other,Cloud Services,1,Cloud Services
CUST_01415,56,Male,Chennai,Medium,Healthcare,30.26156970360921,176,3.060199093638698,1,10,0,0,5,2,1,0,1,0,3,LinkedIn,15,1,Other,Cybersecurity,1,Cybersecurity
CUST_01416,27,Female,Mumbai,Large,Manufacturing,335.0343239610825,1813,30.6357008645277,3,14,0,2,2,4,1,0,1,0,1,Website,0,1,Other,Cybersecurity,1,Cybersecurity
CUST_01417,40,Male,Pune,Small,IT,5.187751347509462,81,0.3792162346828939,9,11,0,5,5,1,0,0,0,0,3,Referral,15,0,Other,Cybersecurity,0,No Offer
CUST_01418,51,Male,Chennai,Medium,IT,58.44432815651177,272,5.723667798441846,0,6,1,4,1,0,1,1,0,1,1,Referral,0,0,Other,Data Analytics,1,Data Analytics
CUST_01419,28,Female,Mumbai,Large,Logistics,343.82202252762187,1547,13.313171706781104,7,10,0,6,7,1,0,0,1,1,1,Cold Call,0,1,Other,Cybersecurity,1,Cybersecurity
CUST_01420,31,Female,Mumbai,Large,Real Estate,99.52205727371906,1587,14.25941492970303,5,8,1,4,4,2,0,1,1,1,1,Referral,10,1,Other,Cloud Services,1,Cloud Services
CUST_01421,53,Male,Ahmedabad,Small,Manufacturing,10.408887354786886,61,0.6791320453952427,0,9,0,4,5,6,1,1,0,0,0,Website,10,1,Other,Data Analytics,0,No Offer
CUST_01422,55,Male,Pune,Medium,Education,47.9398530280225,284,1.851123351882053,8,7,1,4,8,2,1,1,0,0,3,Website,10,1,Other,Data Analytics,1,Data Analytics
CUST_01423,49,Female,Bangalore,Small,Retail,4.094351225147716,78,0.2061117398842181,0,12,0,4,6,2,0,1,0,0,0,Referral,15,0,Other,Cloud Services,0,No Offer
CUST_01424,36,Female,Hyderabad,Small,Education,6.515810553515466,55,0.2701251093539379,10,13,1,3,5,1,0,0,1,1,3,Website,10,1,Other,Cybersecurity,1,Cybersecurity
CUST_01425,51,Female,Surat,Small,Finance,8.288695322453483,34,0.42630865805623,3,8,1,3,3,1,1,0,1,0,1,Referral,10,0,Other,Cybersecurity,1,Cybersecurity
CUST_01426,58,Male,Vadodara,Large,Manufacturing,735.6987171222697,4567,58.86361233264118,4,12,0,6,3,6,1,1,0,1,1,Website,10,1,Other,Data Analytics,1,Data Analytics
CUST_01427,50,Male,Vadodara,Medium,Retail,81.87825674971215,346,9.70798617305222,10,7,1,4,4,3,1,0,0,0,0,Cold Call,5,1,Other,Cybersecurity,1,Cybersecurity
CUST_01428,43,Male,Vadodara,Medium,Education,55.35354922546756,299,3.4696601956433013,8,10,0,3,6,1,0,0,0,0,2,LinkedIn,5,1,Other,Cybersecurity,1,Cybersecurity
CUST_01429,25,Female,Bangalore,Large,Education,240.41805153762152,4318,19.78909703339913,1,9,1,1,7,1,1,1,0,0,1,LinkedIn,15,1,Other,Data Analytics,1,Data Analytics
CUST_01430,41,Female,Hyderabad,Small,IT,6.488721321358163,99,0.9178353055952064,8,4,0,3,3,3,0,0,0,0,1,LinkedIn,10,0,Other,Cybersecurity,0,No Offer
CUST_01431,53,Female,Vadodara,Medium,Manufacturing,81.46859645979004,419,5.336079722415433,0,5,0,4,9,0,0,1,1,0,1,Website,10,1,Other,Cloud Services,1,Cloud Services
CUST_01432,57,Other,Hyderabad,Medium,Finance,51.33142502554343,319,6.435234442489402,3,8,1,3,3,3,1,0,0,0,1,Email Campaign,5,1,Other,Cybersecurity,1,Cybersecurity
CUST_01433,25,Male,Surat,Small,Healthcare,3.318934648478906,44,0.1624221057979235,10,6,0,3,8,1,0,1,1,0,1,Website,5,1,Other,Cloud Services,0,No Offer
CUST_01434,48,Male,Vadodara,Medium,Manufacturing,81.22189176523993,470,4.174692301824567,6,7,1,3,4,5,1,1,1,0,1,Website,0,1,Other,AI Solutions,1,AI Solutions
CUST_01435,38,Male,Pune,Small,Real Estate,9.966701189341045,47,0.844561762071899,3,5,1,5,4,1,0,0,0,1,1,Website,10,0,Other,Cybersecurity,0,No Offer
CUST_01436,33,Male,Mumbai,Large,Finance,108.72329542637516,542,6.315983039283597,7,1,1,4,5,2,1,0,1,0,3,Website,5,1,Other,Cybersecurity,1,Cybersecurity
CUST_01437,43,Male,Vadodara,Small,Real Estate,3.2746722362116425,33,0.4530946824991983,6,4,1,4,3,1,0,1,1,1,1,Referral,5,0,Other,Cloud Services,1,Cloud Services
CUST_01438,38,Male,Hyderabad,Small,Finance,2.8458918132738464,28,0.1027090179757989,5,8,0,2,3,0,0,1,1,0,1,LinkedIn,0,1,Other,Cloud Services,0,No Offer
CUST_01439,31,Female,Mumbai,Medium,Real Estate,44.08572854469652,181,4.4823154025262895,4,4,1,7,6,0,0,1,0,0,1,LinkedIn,0,1,Other,Cloud Services,1,Cloud Services
CUST_01440,22,Female,Ahmedabad,Small,Manufacturing,13.19389570497151,58,1.3524736273101068,9,7,0,6,8,1,1,1,0,0,1,Email Campaign,10,1,Other,Data Analytics,1,Data Analytics
CUST_01441,43,Male,Vadodara,Small,Retail,6.024375532967244,53,0.2284630638637728,2,2,0,0,2,1,1,0,0,1,2,Email Campaign,10,1,Other,Cybersecurity,1,Cybersecurity
CUST_01442,47,Male,Vadodara,Small,Manufacturing,17.61449363057174,82,2.0768845325365244,7,5,0,3,5,2,1,1,1,0,2,Referral,15,1,Other,AI Solutions,1,AI Solutions
CUST_01443,39,Male,Chennai,Small,Education,2.882169708127818,35,0.2486381671248625,3,11,0,2,10,1,1,0,0,0,3,Referral,10,0,Other,Cybersecurity,0,No Offer
CUST_01444,35,Female,Mumbai,Medium,Logistics,37.89212539249266,424,4.424618194147335,7,9,0,6,1,2,0,1,0,0,1,Website,15,0,Other,Cloud Services,0,No Offer
CUST_01445,50,Female,Vadodara,Medium,IT,16.299210835354053,189,2.106363287953968,0,9,0,4,5,1,1,0,0,0,2,Website,15,1,Other,Cybersecurity,1,Cybersecurity
CUST_01446,33,Female,Pune,Medium,Education,24.113263335964987,357,1.6577367527466358,10,3,0,1,5,1,0,0,1,1,4,Website,10,1,Other,Cybersecurity,1,Cybersecurity
CUST_01447,57,Male,Surat,Medium,Finance,57.44326204039048,260,5.062951804611695,1,12,1,3,8,2,1,0,0,0,2,Email Campaign,15,1,Other,Cybersecurity,1,Cybersecurity
CUST_01448,56,Male,Mumbai,Small,Finance,10.77448967665948,65,0.6603824098623582,1,7,0,3,5,1,1,0,0,0,1,Website,15,0,Other,Cybersecurity,0,No Offer
CUST_01449,33,Male,Surat,Small,Healthcare,1.526868277481816,15,0.0827281901169835,5,9,1,1,6,1,0,1,1,1,1,Referral,0,1,Other,Cloud Services,1,Cloud Services
CUST_01450,28,Female,Kolkata,Medium,Finance,41.30942923055755,188,1.2422311707494218,4,7,0,4,3,2,0,0,0,0,1,Email Campaign,20,1,Other,Cybersecurity,1,Cybersecurity
CUST_01451,50,Female,Hyderabad,Large,Logistics,389.4793009753436,1850,56.72212235598051,9,13,0,3,3,1,1,1,1,1,2,Referral,15,1,Other,Advanced IT Solutions,1,Advanced IT Solutions
CUST_01452,32,Female,Ahmedabad,Small,Healthcare,1.6845672870132269,24,0.1396698596518616,9,10,0,2,7,3,1,0,0,0,1,Referral,10,1,Other,Cybersecurity,1,Cybersecurity
CUST_01453,54,Male,Chennai,Small,Finance,10.372016735325676,58,0.3274276906469963,6,8,1,3,3,3,1,0,0,0,1,Website,15,0,Other,Cybersecurity,0,No Offer
CUST_01454,27,Female,Pune,Medium,Finance,76.96922124084104,396,2.391636079754853,1,9,1,3,7,4,1,1,1,0,4,Website,15,1,Other,AI Solutions,1,AI Solutions
CUST_01455,36,Female,Ahmedabad,Medium,Manufacturing,69.34640279559223,359,4.479937687775142,8,8,0,1,6,3,1,0,1,1,0,Email Campaign,15,1,Other,Cybersecurity,1,Cybersecurity
CUST_01456,53,Male,Chennai,Medium,Manufacturing,85.24730120800493,438,2.699996975657171,1,9,0,3,5,3,0,1,0,0,4,Referral,0,0,Other,Cloud Services,0,No Offer
CUST_01457,32,Male,Ahmedabad,Small,IT,5.620734327697101,67,0.4212276899546439,0,10,1,9,5,3,0,0,0,0,3,Website,5,1,Other,Cybersecurity,0,No Offer
CUST_01458,44,Female,Ahmedabad,Medium,Education,23.733631079288315,210,0.8912600332388789,1,6,0,1,8,0,1,1,0,0,3,Referral,5,1,Other,Data Analytics,1,Data Analytics
CUST_01459,47,Male,Delhi,Small,Retail,19.038706047977648,87,0.6608371221384671,10,12,0,0,5,2,1,0,1,0,2,Cold Call,5,0,Other,Cybersecurity,0,No Offer
CUST_01460,55,Female,Hyderabad,Medium,IT,34.22207415678098,149,3.775576589566071,2,8,0,1,2,2,1,0,1,0,1,Website,5,0,Other,Cybersecurity,0,No Offer
CUST_01461,55,Other,Bangalore,Large,Finance,362.49438729693617,3425,50.321816929967525,5,5,0,3,2,1,1,0,1,0,2,Website,0,1,Other,Cybersecurity,1,Cybersecurity
CUST_01462,50,Female,Chennai,Medium,IT,15.289092905954137,280,1.2097707279657857,6,12,0,0,2,0,1,1,1,0,1,Website,10,1,Other,AI Solutions,1,AI Solutions
CUST_01463,25,Female,Pune,Small,Manufacturing,2.4414872837654378,11,0.3184003423069179,10,11,1,5,3,2,0,0,0,0,1,LinkedIn,10,1,Other,Cybersecurity,1,Cybersecurity
CUST_01464,38,Female,Mumbai,Large,Education,255.47721472993865,2037,8.561515461747913,5,9,1,2,5,2,0,1,1,0,1,Website,20,1,Other,Cloud Services,1,Cloud Services
CUST_01465,56,Female,Ahmedabad,Large,Finance,402.95895681453976,3477,49.69402954589048,0,6,0,3,5,2,0,0,0,0,0,Cold Call,20,0,Other,Cybersecurity,0,No Offer
CUST_01466,34,Male,Ahmedabad,Medium,Real Estate,26.74558565005043,224,1.0039222783208397,8,5,0,5,6,2,0,1,0,0,2,Cold Call,10,1,Other,Cloud Services,1,Cloud Services
CUST_01467,60,Male,Chennai,Small,Finance,3.461621404631736,26,0.4521318245981967,7,12,1,3,8,3,1,0,0,0,3,Email Campaign,10,1,Other,Cybersecurity,1,Cybersecurity
CUST_01468,36,Male,Kolkata,Small,IT,1.6334932163027949,13,0.2219655291261729,1,7,1,5,9,1,0,0,0,0,5,LinkedIn,10,0,Other,Cybersecurity,0,No Offer
CUST_01469,50,Female,Bangalore,Large,Education,446.7509880058842,2736,55.53868051590612,0,10,1,4,3,3,0,1,0,1,3,Website,0,1,Other,Cloud Services,1,Cloud Services
CUST_01470,50,Male,Ahmedabad,Medium,Real Estate,29.407260897738205,447,3.7785355100233713,6,8,0,3,8,4,1,0,0,0,0,Website,15,1,Other,Cybersecurity,1,Cybersecurity
CUST_01471,32,Male,Vadodara,Large,Logistics,878.0430916689608,3594,85.50221009568902,2,5,1,4,2,3,1,0,0,0,1,LinkedIn,5,1,Other,Cybersecurity,1,Cybersecurity
CUST_01472,53,Male,Delhi,Small,Healthcare,5.932255172360806,25,0.366531463656796,2,9,1,3,7,1,1,0,0,0,0,LinkedIn,5,0,Other,Cybersecurity,0,No Offer
CUST_01473,23,Female,Surat,Small,Logistics,17.766099699232488,75,1.904307725726416,10,12,1,4,5,0,1,0,0,1,3,Referral,10,0,Other,Cybersecurity,0,No Offer
CUST_01474,35,Other,Delhi,Large,Real Estate,321.3924118137126,1423,26.593614437118774,9,7,1,2,4,1,0,0,0,1,1,Email Campaign,10,1,Other,Cybersecurity,1,Cybersecurity
CUST_01475,41,Other,Bangalore,Medium,Real Estate,50.97827292217687,280,1.56199402674494,8,9,0,0,4,2,1,0,0,0,3,LinkedIn,10,1,Other,Cybersecurity,1,Cybersecurity
CUST_01476,43,Male,Vadodara,Small,Retail,3.768868501987459,40,0.328717261370044,1,10,0,1,5,3,0,1,1,0,2,Website,10,1,Other,Cloud Services,1,Cloud Services
CUST_01477,32,Female,Delhi,Small,Real Estate,0.778657066580568,13,0.0842059614922029,4,13,0,4,3,1,1,0,1,0,3,Website,10,0,Other,Cybersecurity,0,No Offer
CUST_01478,48,Female,Surat,Medium,Education,16.138633192917617,231,0.5110465907235511,3,8,1,2,3,0,1,1,0,0,1,LinkedIn,10,0,Other,Data Analytics,0,No Offer
CUST_01479,24,Male,Mumbai,Small,IT,7.461902506052873,65,0.7802407050816641,0,7,0,5,6,3,1,0,0,0,1,Website,5,0,Other,Cybersecurity,0,No Offer
CUST_01480,38,Female,Hyderabad,Medium,Logistics,42.06667282266483,279,4.555981729300861,5,9,1,3,7,3,1,1,0,0,1,Email Campaign,5,1,Other,Data Analytics,1,Data Analytics
CUST_01481,49,Male,Mumbai,Small,IT,24.367760195221965,98,1.1933601120453865,5,6,0,5,4,0,1,0,0,0,1,Website,20,0,Other,Cybersecurity,0,No Offer
CUST_01482,50,Female,Hyderabad,Medium,Retail,43.73129477649543,319,3.574110714688889,10,3,1,9,2,1,0,1,0,0,2,Website,5,1,Other,Cloud Services,1,Cloud Services
CUST_01483,42,Male,Kolkata,Small,Finance,8.056319341110319,52,1.1739661462900697,0,5,0,2,3,0,1,1,1,0,1,Email Campaign,15,1,Other,AI Solutions,1,AI Solutions
CUST_01484,37,Male,Kolkata,Large,Finance,596.2051915262413,3154,81.14514069448428,6,7,1,5,4,0,0,0,1,0,1,Referral,10,1,Other,Cybersecurity,1,Cybersecurity
CUST_01485,58,Female,Kolkata,Small,Healthcare,4.996514057194436,58,0.3962164234327786,5,7,0,1,6,1,0,1,1,0,3,Website,0,1,Other,Cloud Services,1,Cloud Services
CUST_01486,41,Male,Delhi,Medium,IT,51.3346918678019,217,3.695150800448512,3,10,1,3,6,2,0,0,1,1,3,Website,0,1,Other,Cybersecurity,1,Cybersecurity
CUST_01487,27,Male,Kolkata,Small,Retail,3.895173029213671,25,0.1748530775149119,6,6,1,4,5,4,0,1,1,1,3,LinkedIn,15,1,Other,Cloud Services,1,Cloud Services
CUST_01488,40,Female,Hyderabad,Medium,IT,16.840203059256595,160,0.5763170512727743,2,9,1,3,2,2,0,0,0,0,1,Website,10,0,Other,Cybersecurity,1,Cybersecurity
CUST_01489,26,Male,Mumbai,Large,Manufacturing,466.2218752256999,1967,30.62869472583791,9,9,0,4,3,3,1,0,0,0,1,Referral,0,1,Other,Cybersecurity,1,Cybersecurity
CUST_01490,24,Female,Chennai,Large,IT,441.9274722485581,2524,63.122269300272805,10,8,1,7,6,2,0,1,1,0,2,Website,5,1,Other,Cloud Services,1,Cloud Services
CUST_01491,22,Male,Ahmedabad,Medium,IT,42.11379057370469,287,6.1079152528834175,5,4,0,4,6,2,1,0,0,0,1,Email Campaign,15,0,Other,Cybersecurity,0,No Offer
CUST_01492,59,Female,Hyderabad,Medium,Manufacturing,72.0575329845952,434,9.187502691641445,5,8,0,3,9,1,0,1,0,0,0,LinkedIn,10,0,Other,Cloud Services,0,No Offer
CUST_01493,36,Female,Mumbai,Large,Manufacturing,257.7616329213296,1291,18.58435020390388,9,7,1,6,6,1,0,0,0,0,2,Website,0,1,Other,Cybersecurity,1,Cybersecurity
CUST_01494,55,Male,Mumbai,Large,Logistics,78.8849107201259,975,3.726142321798436,5,8,0,6,12,4,1,1,0,1,5,Website,10,1,Other,Data Analytics,1,Data Analytics
CUST_01495,56,Female,Ahmedabad,Large,Real Estate,223.634984399067,1003,22.6909038751158,2,10,0,5,5,2,0,0,0,0,0,Referral,0,0,Other,Cybersecurity,0,No Offer
CUST_01496,46,Female,Vadodara,Small,Real Estate,17.416898068294266,72,1.8737203593870573,9,7,0,4,7,1,1,1,0,0,2,Referral,5,1,Other,Data Analytics,1,Data Analytics
CUST_01497,45,Female,Chennai,Large,Retail,340.8522547101311,2086,27.591590645426983,4,11,0,3,6,1,1,0,0,0,0,Referral,0,1,Other,Cybersecurity,1,Cybersecurity
CUST_01498,33,Female,Vadodara,Small,Logistics,8.390437621178384,45,0.9480994439180744,0,9,0,6,8,1,1,1,1,0,2,Website,0,1,Other,AI Solutions,1,AI Solutions
CUST_01499,39,Female,Vadodara,Small,Finance,4.88326731572346,22,0.5840476891652094,5,7,0,2,7,2,1,0,0,0,4,Referral,0,0,Other,Cybersecurity,0,No Offer
CUST_01500,36,Male,Mumbai,Small,Healthcare,8.872310966114307,71,1.0998773191688171,6,4,0,4,3,2,0,1,0,0,0,Website,10,0,Other,Cloud Services,0,No Offer
CUST_01501,37,Male,Surat,Small,Logistics,19.139609641188933,77,1.7278430622223644,4,7,0,5,6,0,1,1,1,0,1,Referral,10,0,Other,AI Solutions,0,No Offer
CUST_01502,48,Female,Pune,Medium,Manufacturing,30.706545187127627,165,3.838222752587125,4,7,0,4,5,1,0,0,0,0,2,Website,0,0,Other,Cybersecurity,0,No Offer
CUST_01503,29,Male,Hyderabad,Large,Finance,119.02817013001965,883,3.9347345919372856,5,8,0,5,2,6,0,1,1,0,2,LinkedIn,10,1,Other,Cloud Services,1,Cloud Services
CUST_01504,46,Male,Delhi,Medium,Real Estate,22.81251418504003,123,2.5469835376864376,6,9,0,0,5,2,1,0,1,1,3,Referral,0,1,Other,Cybersecurity,1,Cybersecurity
CUST_01505,38,Male,Vadodara,Medium,Retail,66.67315480916092,432,3.8854497598814457,3,6,0,2,6,2,1,1,0,1,2,Referral,10,0,Other,Data Analytics,1,Data Analytics
CUST_01506,50,Male,Kolkata,Medium,Education,25.17025337907022,348,1.5721953156870925,6,15,0,4,6,1,0,0,1,0,2,Email Campaign,15,1,Other,Cybersecurity,0,No Offer
CUST_01507,29,Male,Delhi,Medium,IT,55.22168809182003,264,2.261670766493141,4,7,0,0,2,4,0,1,0,0,0,Website,10,0,Other,Cloud Services,0,No Offer
CUST_01508,36,Other,Bangalore,Small,Retail,5.537753945719938,34,0.2939831403922924,6,6,0,1,5,7,1,0,0,0,0,Website,0,0,Other,Cybersecurity,0,No Offer
CUST_01509,48,Male,Surat,Large,Retail,668.2953114814148,3195,99.6033934723866,0,12,1,2,4,3,0,0,1,0,1,Website,10,1,Other,Cybersecurity,1,Cybersecurity
CUST_01510,28,Male,Delhi,Medium,Manufacturing,35.79421552848398,442,2.858054129269816,9,8,0,6,6,3,1,1,1,1,3,LinkedIn,10,0,Other,Advanced IT Solutions,0,No Offer
CUST_01511,24,Other,Ahmedabad,Medium,Healthcare,35.1607291933146,223,4.969330828385888,1,10,0,6,2,3,1,0,1,0,0,Cold Call,10,0,Other,Cybersecurity,0,No Offer
CUST_01512,50,Female,Pune,Medium,Logistics,81.53326663147561,401,4.039805678898467,1,11,0,3,2,1,0,1,1,0,5,LinkedIn,5,0,Other,Cloud Services,0,No Offer
CUST_01513,45,Male,Chennai,Large,Manufacturing,529.7466940153436,2139,28.864340458815075,6,11,0,3,4,2,1,1,0,0,2,Cold Call,10,1,Other,Data Analytics,1,Data Analytics
CUST_01514,24,Male,Ahmedabad,Small,IT,19.965392064380552,88,1.9353972388512075,8,7,0,2,6,3,0,1,1,1,2,Website,5,1,Other,Cloud Services,1,Cloud Services
CUST_01515,41,Female,Vadodara,Small,Manufacturing,15.60089477884895,70,1.1223892904100627,6,11,1,2,11,6,1,1,1,1,1,Referral,10,1,Other,Advanced IT Solutions,1,Advanced IT Solutions
CUST_01516,36,Female,Surat,Medium,IT,36.812050222833456,370,3.948822186361205,5,8,0,0,2,1,0,1,0,0,0,Website,10,1,Other,Cloud Services,1,Cloud Services
CUST_01517,46,Female,Surat,Medium,Manufacturing,34.16271649366409,157,2.7550723964249784,2,13,0,4,4,4,1,1,1,1,2,Email Campaign,10,1,Other,Advanced IT Solutions,1,Advanced IT Solutions
CUST_01518,51,Female,Vadodara,Large,Education,301.21166978686466,3592,38.37185718457133,4,8,1,3,9,1,1,1,0,0,0,LinkedIn,5,1,Other,Data Analytics,1,Data Analytics
CUST_01519,35,Female,Pune,Small,Real Estate,2.5990244543809147,29,0.2125666431694546,9,8,1,1,7,0,0,1,0,0,0,Email Campaign,15,0,Other,Cloud Services,0,No Offer
CUST_01520,28,Male,Mumbai,Small,Healthcare,3.817237483680804,53,0.3766922548653126,1,14,1,3,4,3,0,0,0,0,4,Referral,5,0,Other,Cybersecurity,0,No Offer
CUST_01521,38,Female,Delhi,Large,Education,775.5390908057938,3501,53.14675083959494,8,13,0,0,2,1,0,0,0,0,2,Website,10,0,Other,Cybersecurity,0,No Offer
CUST_01522,41,Male,Kolkata,Medium,Finance,14.115227160181956,197,1.6159806309385083,5,8,1,2,5,2,0,1,1,0,0,Referral,0,1,Other,Cloud Services,1,Cloud Services
CUST_01523,57,Female,Vadodara,Medium,Real Estate,33.22234266617286,428,3.606886789448135,8,10,1,4,0,1,0,0,1,0,2,Email Campaign,15,1,Other,Cybersecurity,1,Cybersecurity
CUST_01524,30,Female,Kolkata,Small,Real Estate,4.760516640790904,48,0.3696071019755763,8,6,0,4,2,3,0,0,0,1,3,Cold Call,0,0,Other,Cybersecurity,0,No Offer
CUST_01525,59,Male,Delhi,Small,Real Estate,8.391156573030539,51,0.5296821284347668,6,8,0,4,4,0,1,0,0,1,1,Website,10,0,Other,Cybersecurity,0,No Offer
CUST_01526,43,Male,Pune,Medium,Healthcare,23.507747854248382,104,2.4375777315634237,4,8,1,1,4,2,0,0,0,0,3,Website,20,0,Other,Cybersecurity,0,No Offer
CUST_01527,23,Male,Mumbai,Small,Logistics,1.7373932036644772,13,0.248756827953632,3,9,0,2,4,0,0,1,0,0,3,Referral,5,0,Other,Cloud Services,0,No Offer
CUST_01528,45,Male,Chennai,Large,Manufacturing,727.486843181615,4568,33.404131873749506,0,5,0,2,3,2,0,0,0,1,1,Email Campaign,20,1,Other,Cybersecurity,1,Cybersecurity
CUST_01529,29,Female,Pune,Medium,Real Estate,14.993618398461107,180,1.8876065077148756,8,6,0,7,6,2,0,0,0,0,2,Email Campaign,0,1,Other,Cybersecurity,1,Cybersecurity
CUST_01530,32,Male,Kolkata,Small,Retail,1.0318917117955833,10,0.0981937965459305,5,7,0,1,6,1,0,0,1,0,0,Cold Call,15,0,Other,Cybersecurity,0,No Offer
CUST_01531,34,Female,Surat,Medium,Finance,30.09977977888476,392,2.8013011236134577,1,9,0,2,2,1,1,1,0,0,4,Website,0,0,Other,Data Analytics,0,No Offer
CUST_01532,38,Male,Surat,Medium,Real Estate,50.15383220989882,380,7.292472411470393,6,8,0,1,4,2,1,0,0,0,1,Website,15,1,Other,Cybersecurity,1,Cybersecurity
CUST_01533,29,Female,Bangalore,Small,Retail,15.2941089879431,91,1.5707810920856695,5,10,1,5,3,0,1,0,0,0,1,LinkedIn,10,1,Other,Cybersecurity,1,Cybersecurity
CUST_01534,42,Female,Hyderabad,Small,Real Estate,5.2333913943278505,49,0.67857272413883,3,9,0,5,6,2,1,1,1,0,3,Email Campaign,15,1,Other,AI Solutions,1,AI Solutions
CUST_01535,39,Female,Ahmedabad,Small,Education,4.3839834222991705,20,0.4021746702955117,5,13,1,2,1,3,1,0,1,0,2,Website,0,1,Other,Cybersecurity,1,Cybersecurity
CUST_01536,51,Male,Ahmedabad,Medium,Logistics,31.027206445367185,126,1.861086434188272,10,8,0,2,10,2,1,0,1,0,1,LinkedIn,5,1,Other,Cybersecurity,1,Cybersecurity
CUST_01537,39,Female,Vadodara,Medium,Healthcare,31.9813792399798,432,3.624732187196793,5,8,1,4,4,2,1,1,0,0,3,Cold Call,0,1,Other,Data Analytics,1,Data Analytics
CUST_01538,52,Male,Kolkata,Medium,Logistics,15.053735148061218,281,2.1192833281586827,4,9,0,0,9,2,0,0,1,1,2,Email Campaign,5,1,Other,Cybersecurity,1,Cybersecurity
CUST_01539,59,Male,Ahmedabad,Medium,Finance,48.66155926607589,234,6.372114956454641,0,9,0,2,7,2,1,0,0,1,2,Referral,15,1,Other,Cybersecurity,1,Cybersecurity
CUST_01540,53,Male,Ahmedabad,Medium,Education,16.656293220966436,189,0.8961690834173743,2,6,0,3,2,2,1,0,1,0,1,Referral,5,0,Other,Cybersecurity,0,No Offer
CUST_01541,32,Male,Pune,Medium,Manufacturing,36.7919421523124,305,2.502834201037196,6,5,0,4,5,1,0,1,0,0,0,Website,10,0,Other,Cloud Services,0,No Offer
CUST_01542,46,Female,Chennai,Medium,Retail,16.23462670055042,126,1.4940025758995004,1,5,0,2,4,1,0,1,1,0,0,Email Campaign,10,0,Other,Cloud Services,0,No Offer
CUST_01543,54,Male,Kolkata,Small,Manufacturing,12.5992734001302,54,1.2421925451752494,9,7,0,2,4,2,1,0,0,0,2,Referral,10,1,Other,Cybersecurity,1,Cybersecurity
CUST_01544,59,Female,Bangalore,Large,IT,807.4118708866583,4442,43.000894137703895,9,7,0,0,4,3,1,0,1,0,2,Referral,0,1,Other,Cybersecurity,1,Cybersecurity
CUST_01545,29,Female,Chennai,Medium,Logistics,9.938844568358864,171,0.5724921645965936,0,9,0,3,4,0,0,0,0,1,1,LinkedIn,0,0,Other,Cybersecurity,0,No Offer
CUST_01546,32,Male,Bangalore,Large,Finance,254.69448951887392,4809,30.83324569665124,7,5,0,1,2,2,0,0,0,1,2,Email Campaign,15,1,Other,Cybersecurity,1,Cybersecurity
CUST_01547,43,Female,Kolkata,Medium,Retail,17.083587706150645,190,2.00968062819801,6,10,1,5,5,2,0,0,0,0,1,Website,5,0,Other,Cybersecurity,0,No Offer
CUST_01548,45,Male,Mumbai,Small,Healthcare,3.068128480712642,27,0.4010199102727388,5,5,0,3,2,4,1,1,0,0,2,Email Campaign,0,0,Other,Data Analytics,0,No Offer
CUST_01549,38,Male,Mumbai,Medium,Real Estate,67.72309750278443,461,9.613400481286693,9,7,1,2,4,0,1,0,0,0,0,Website,10,0,Other,Cybersecurity,0,No Offer
CUST_01550,33,Male,Ahmedabad,Small,Healthcare,7.397308003700218,34,0.4955555331616224,4,7,1,2,4,1,0,0,1,1,2,Email Campaign,15,1,Other,Cybersecurity,1,Cybersecurity
CUST_01551,53,Female,Vadodara,Medium,Healthcare,27.676070045703213,245,3.685107328848764,5,8,0,5,3,0,1,0,1,0,2,Website,15,1,Other,Cybersecurity,1,Cybersecurity
CUST_01552,36,Other,Surat,Medium,Education,20.299805904401637,162,2.2313833882859813,0,4,0,3,11,4,1,1,1,0,0,Website,10,1,Other,AI Solutions,1,AI Solutions
CUST_01553,37,Male,Pune,Large,Healthcare,96.40183155360704,832,13.971753715133495,8,7,1,2,3,4,1,0,1,0,1,Referral,0,0,Other,Cybersecurity,0,No Offer
CUST_01554,43,Male,Ahmedabad,Medium,Retail,14.450265750636134,279,0.905293235529292,0,13,0,3,7,0,1,1,0,0,3,Website,0,1,Other,Data Analytics,1,Data Analytics
CUST_01555,49,Female,Hyderabad,Medium,Real Estate,50.61846464296103,210,3.156596823803375,3,8,0,4,1,4,1,0,0,0,2,LinkedIn,10,0,Other,Cybersecurity,0,No Offer
CUST_01556,41,Male,Mumbai,Small,Logistics,7.468720975420297,96,0.8552821796349048,2,9,0,2,4,3,1,0,1,0,2,Website,10,1,Other,Cybersecurity,1,Cybersecurity
CUST_01557,54,Female,Ahmedabad,Large,Logistics,287.43703384745584,2673,40.6462677052136,3,7,0,2,7,1,1,0,0,0,3,Referral,15,1,Other,Cybersecurity,1,Cybersecurity
CUST_01558,31,Female,Surat,Large,Logistics,328.70424159677646,4333,42.38532689277884,0,4,1,3,7,2,0,0,0,1,0,LinkedIn,15,1,Other,Cybersecurity,1,Cybersecurity
CUST_01559,53,Male,Bangalore,Medium,Education,51.09747777481387,345,5.990910850735198,9,11,0,7,7,4,1,1,0,1,1,Referral,10,0,Other,Data Analytics,1,Data Analytics
CUST_01560,54,Female,Bangalore,Small,IT,6.856563466666495,29,0.5243701157244973,3,8,1,1,6,3,1,1,0,0,2,Referral,10,0,Other,Data Analytics,0,No Offer
CUST_01561,23,Male,Delhi,Medium,Healthcare,31.282504012193375,446,3.632902263682103,3,10,1,2,1,1,1,0,0,1,4,LinkedIn,0,0,Other,Cybersecurity,0,No Offer
CUST_01562,54,Female,Pune,Small,Logistics,13.265220932899126,96,1.6731618051537251,2,8,1,1,3,2,1,0,0,0,2,Cold Call,0,0,Other,Cybersecurity,0,No Offer
CUST_01563,54,Female,Vadodara,Medium,Healthcare,21.57208778510901,396,2.5971560109582823,7,8,1,4,6,3,1,1,1,0,1,Website,0,1,Other,AI Solutions,1,AI Solutions
CUST_01564,34,Male,Bangalore,Small,Real Estate,19.192886562059584,94,2.134580941919693,6,7,0,4,4,0,1,0,1,0,0,Website,15,0,Other,Cybersecurity,0,No Offer
CUST_01565,51,Male,Delhi,Medium,Real Estate,39.57044077381647,222,1.41091375164923,8,6,0,4,6,2,0,1,0,0,0,LinkedIn,0,0,Other,Cloud Services,0,No Offer
CUST_01566,54,Other,Mumbai,Medium,Education,29.63059830766309,156,3.2346477309128985,1,8,1,0,4,3,1,1,0,0,2,Email Campaign,15,1,Other,Data Analytics,1,Data Analytics
CUST_01567,34,Female,Bangalore,Small,Healthcare,2.022541810508052,14,0.1767607669300492,9,14,1,5,3,1,0,1,0,0,2,Referral,5,1,Other,Cloud Services,1,Cloud Services
CUST_01568,47,Male,Vadodara,Medium,IT,52.325012935949545,226,7.60744533679635,2,7,0,4,9,2,1,0,0,0,1,LinkedIn,10,1,Other,Cybersecurity,1,Cybersecurity
CUST_01569,43,Female,Ahmedabad,Large,Education,510.4974669753999,3870,52.51119170171198,5,10,1,3,3,4,0,0,0,0,4,Email Campaign,15,1,Other,Cybersecurity,1,Cybersecurity
CUST_01570,60,Male,Surat,Small,Education,7.029582688041108,46,0.7239575355404015,1,9,0,6,7,1,1,1,1,0,1,Cold Call,0,1,Other,AI Solutions,0,No Offer
CUST_01571,23,Male,Hyderabad,Medium,Finance,77.5137162261916,410,11.571760891620048,1,5,0,1,4,2,0,0,1,0,4,Email Campaign,0,1,Other,Cybersecurity,1,Cybersecurity
CUST_01572,59,Female,Bangalore,Small,Education,2.6199061797245635,17,0.1080201328469878,9,9,1,2,7,3,0,1,0,0,1,Referral,10,0,Other,Cloud Services,0,No Offer
CUST_01573,60,Male,Hyderabad,Small,Healthcare,1.142272684582453,13,0.0721436059105252,1,8,0,3,7,0,1,0,0,0,0,Website,15,1,Other,Cybersecurity,1,Cybersecurity
CUST_01574,47,Female,Hyderabad,Small,Education,5.67070618044912,50,0.616573232944743,1,2,1,0,7,3,1,0,0,0,5,Referral,10,0,Other,Cybersecurity,0,No Offer
CUST_01575,36,Male,Hyderabad,Medium,Healthcare,26.49359183394353,387,1.7970166388545348,4,6,0,1,4,2,1,0,0,0,1,Referral,0,0,Other,Cybersecurity,0,No Offer
CUST_01576,55,Female,Chennai,Small,Healthcare,8.600930064937954,63,0.6152934876648951,0,11,1,1,6,4,1,0,1,0,2,Referral,10,1,Other,Cybersecurity,1,Cybersecurity
CUST_01577,32,Male,Hyderabad,Large,Logistics,721.2018445180465,4196,98.88931658530642,6,4,0,4,2,2,0,1,0,0,1,Website,10,1,Other,Cloud Services,1,Cloud Services
CUST_01578,24,Male,Chennai,Medium,Education,17.615731336064925,239,1.753161068843683,0,9,1,3,5,2,0,0,1,0,1,LinkedIn,5,1,Other,Cybersecurity,1,Cybersecurity
CUST_01579,27,Female,Surat,Small,Finance,4.931287880232723,28,0.208809812620006,0,1,0,1,2,2,1,1,0,0,1,LinkedIn,5,0,Other,Data Analytics,0,No Offer
CUST_01580,30,Male,Hyderabad,Medium,Healthcare,67.20088181742403,294,4.522855240755933,4,7,0,5,2,1,1,0,1,0,5,Cold Call,0,1,Other,Cybersecurity,1,Cybersecurity
CUST_01581,27,Male,Delhi,Small,Logistics,9.050945487977003,77,0.3541363909913417,6,12,0,4,1,4,0,0,0,0,1,Email Campaign,0,0,Other,Cybersecurity,0,No Offer
CUST_01582,30,Male,Hyderabad,Medium,Finance,46.44805666793188,492,4.493180259656298,2,8,0,2,3,2,0,0,0,0,2,Website,0,0,Other,Cybersecurity,0,No Offer
CUST_01583,60,Male,Kolkata,Small,Finance,7.086637595819799,31,0.3599457976263511,6,9,1,4,10,2,1,0,0,0,1,Email Campaign,0,0,Other,Cybersecurity,0,No Offer
CUST_01584,52,Female,Pune,Small,Education,13.940789491283718,74,1.85208710989332,8,5,0,4,7,1,1,0,0,0,3,Referral,15,1,Other,Cybersecurity,1,Cybersecurity
CUST_01585,53,Male,Delhi,Medium,Manufacturing,33.05172272925951,465,3.2812984574961,10,4,1,6,7,0,1,0,1,0,1,Website,15,0,Other,Cybersecurity,0,No Offer
CUST_01586,33,Female,Vadodara,Large,Logistics,637.5788591574064,4844,23.670164260022112,3,3,0,2,5,2,1,1,0,0,2,Website,0,1,Other,Data Analytics,1,Data Analytics
CUST_01587,29,Male,Bangalore,Small,Manufacturing,14.23097983622005,77,0.9407400553562424,4,5,0,2,4,4,1,1,0,1,1,Referral,10,0,Other,Data Analytics,0,No Offer
CUST_01588,29,Male,Surat,Large,Healthcare,601.3055984070967,3647,62.51204273040329,7,6,1,3,3,3,0,0,1,0,1,LinkedIn,0,1,Other,Cybersecurity,1,Cybersecurity
CUST_01589,49,Male,Surat,Small,Retail,16.849814115387538,97,1.1838645391725635,8,6,0,7,1,2,1,0,0,0,0,Referral,10,0,Other,Cybersecurity,0,No Offer
CUST_01590,41,Male,Kolkata,Large,Manufacturing,595.037833687813,3641,54.49427899214752,4,4,0,0,5,1,0,1,0,0,0,Cold Call,10,0,Other,Cloud Services,1,Cloud Services
CUST_01591,28,Male,Kolkata,Medium,Logistics,81.74878649378145,390,11.373175283635138,4,8,0,2,6,2,0,1,1,0,1,Referral,0,0,Other,Cloud Services,1,Cloud Services
CUST_01592,32,Female,Kolkata,Small,Education,9.925429048267429,87,0.7146737342002023,1,8,0,4,4,1,1,1,0,0,1,Email Campaign,10,0,Other,Data Analytics,0,No Offer
CUST_01593,41,Female,Kolkata,Small,Logistics,16.868937323028792,88,1.1859663115519583,8,6,0,3,3,1,1,0,0,0,1,Website,15,1,Other,Cybersecurity,0,No Offer
CUST_01594,37,Male,Kolkata,Small,Education,17.623328083418837,71,2.262321094072261,5,9,0,1,3,2,1,1,0,0,2,Referral,0,1,Other,Data Analytics,1,Data Analytics
CUST_01595,25,Male,Mumbai,Small,Manufacturing,12.159218297842427,95,0.8298761664560191,4,7,0,3,5,1,0,0,0,0,2,Cold Call,10,1,Other,Cybersecurity,1,Cybersecurity
CUST_01596,27,Male,Ahmedabad,Small,Retail,4.997031909863006,24,0.1966581972930448,4,9,1,3,4,0,1,1,1,0,2,LinkedIn,0,1,Other,AI Solutions,1,AI Solutions
CUST_01597,43,Male,Surat,Medium,IT,40.38329190288433,407,2.0883571057257466,3,9,1,2,7,2,0,1,0,0,2,Cold Call,10,1,Other,Cloud Services,1,Cloud Services
CUST_01598,47,Male,Kolkata,Large,Healthcare,232.7580012955,2188,33.48364203934693,0,6,1,5,5,2,1,0,0,1,2,Website,0,1,Other,Cybersecurity,1,Cybersecurity
CUST_01599,24,Male,Bangalore,Small,Logistics,6.872210470264551,29,0.9758204542249432,5,8,0,3,8,0,1,0,0,0,1,Website,15,1,Other,Cybersecurity,1,Cybersecurity
CUST_01600,35,Male,Mumbai,Medium,IT,11.31347260619624,205,0.6446128298531205,0,8,0,1,3,2,0,0,1,0,3,Referral,0,0,Other,Cybersecurity,0,No Offer
CUST_01601,32,Male,Delhi,Medium,IT,32.34597226436939,346,3.118805916194273,9,7,0,3,1,0,1,0,0,0,0,Cold Call,10,1,Other,Cybersecurity,1,Cybersecurity
CUST_01602,39,Male,Delhi,Large,Finance,126.20894416322696,861,5.866718274828247,1,8,1,4,6,1,0,0,0,0,1,LinkedIn,20,1,Other,Cybersecurity,1,Cybersecurity
CUST_01603,33,Male,Chennai,Medium,Finance,57.62332975865008,442,6.393960468980011,6,7,0,4,6,3,1,0,0,0,2,Website,15,1,Other,Cybersecurity,1,Cybersecurity
CUST_01604,44,Male,Ahmedabad,Medium,Healthcare,24.089250635839857,137,1.2583428507976928,0,7,0,2,2,1,0,1,0,1,3,Website,15,1,Other,Cloud Services,1,Cloud Services
CUST_01605,33,Male,Delhi,Medium,Retail,36.03757489933509,407,1.2964463784168774,7,7,0,2,6,3,1,1,0,0,0,Referral,10,1,Other,Data Analytics,1,Data Analytics
CUST_01606,34,Male,Kolkata,Small,Finance,5.962174281254684,93,0.7690466518731692,7,8,0,1,6,4,0,0,0,0,2,Email Campaign,0,0,Other,Cybersecurity,0,No Offer
CUST_01607,46,Male,Surat,Small,Logistics,9.042267607949452,73,0.6243509090764271,6,7,0,5,9,1,0,0,0,0,0,Email Campaign,10,1,Other,Cybersecurity,0,No Offer
CUST_01608,40,Male,Chennai,Small,Logistics,7.74355242144181,50,0.3331484431474712,6,12,0,1,4,2,1,0,0,0,2,LinkedIn,10,1,Other,Cybersecurity,1,Cybersecurity
CUST_01609,57,Male,Pune,Small,Manufacturing,10.231223147269883,63,1.3307595829774652,0,9,1,4,6,0,1,1,0,1,3,Cold Call,5,0,Other,Data Analytics,0,No Offer
CUST_01610,29,Male,Mumbai,Medium,Logistics,54.32528680200937,319,6.599853999039043,2,7,1,4,6,1,0,1,0,0,0,Website,15,0,Other,Cloud Services,0,No Offer
CUST_01611,50,Male,Pune,Small,Healthcare,2.236253588132354,14,0.2505744822272874,8,8,1,0,5,1,0,0,0,1,1,Email Campaign,15,0,Other,Cybersecurity,0,No Offer
CUST_01612,53,Male,Pune,Medium,Education,23.39949302984006,236,3.2607157310301385,4,7,1,6,5,6,1,1,1,0,2,Email Campaign,15,1,Other,AI Solutions,1,AI Solutions
CUST_01613,39,Male,Kolkata,Small,IT,18.464805194635836,91,1.637959882663107,4,9,0,6,8,3,0,1,0,0,3,Referral,5,1,Other,Cloud Services,1,Cloud Services
CUST_01614,27,Female,Pune,Large,Logistics,72.69031232631858,1076,3.297725386389412,6,7,1,4,4,3,0,0,0,1,1,Email Campaign,0,1,Other,Cybersecurity,1,Cybersecurity
CUST_01615,39,Male,Pune,Large,Healthcare,66.35637417372308,740,2.4791782647175094,10,11,0,0,3,1,1,0,1,0,2,Website,0,1,Other,Cybersecurity,1,Cybersecurity
CUST_01616,40,Male,Delhi,Small,Education,6.727770461329977,34,0.4589208827564801,9,5,0,2,2,1,0,0,0,0,0,Referral,10,0,Other,Cybersecurity,0,No Offer
CUST_01617,43,Female,Vadodara,Small,Education,9.53507041389453,90,0.3854046819516973,7,9,1,2,3,2,1,0,0,0,3,Website,10,1,Other,Cybersecurity,1,Cybersecurity
CUST_01618,58,Male,Chennai,Medium,Finance,37.76845083375778,254,3.560096961264178,5,6,0,4,7,3,1,0,1,0,1,Referral,0,0,Other,Cybersecurity,0,No Offer
CUST_01619,53,Male,Pune,Small,Education,2.7705491561066826,24,0.0879369036745195,4,8,0,4,6,5,1,0,1,0,2,LinkedIn,10,0,Other,Cybersecurity,1,Cybersecurity
CUST_01620,24,Female,Ahmedabad,Small,Retail,11.808906901209651,78,0.9831103486800072,0,8,0,6,2,1,1,0,1,1,0,Website,0,0,Other,Cybersecurity,0,No Offer
CUST_01621,49,Female,Bangalore,Small,Education,3.1026101597262987,26,0.159521429800681,9,7,0,6,9,2,1,0,0,0,1,Website,5,1,Other,Cybersecurity,1,Cybersecurity
CUST_01622,31,Male,Chennai,Large,Education,609.1642318580023,2448,45.19521336296244,9,7,0,3,1,4,1,0,0,1,4,Referral,10,0,Other,Cybersecurity,0,No Offer
CUST_01623,56,Male,Ahmedabad,Large,IT,242.3835581539005,1995,26.905566054782508,9,5,1,2,5,5,1,1,0,1,0,Website,0,1,Other,Data Analytics,1,Data Analytics
CUST_01624,50,Male,Bangalore,Medium,Retail,82.26723535189913,469,5.932755358919146,8,8,1,5,4,1,0,0,1,0,2,Referral,5,1,Other,Cybersecurity,1,Cybersecurity
CUST_01625,36,Male,Pune,Medium,Healthcare,45.76139734956528,201,3.2472647456179398,5,4,1,2,7,1,1,1,0,0,0,Email Campaign,0,0,Other,Data Analytics,0,No Offer
CUST_01626,54,Female,Vadodara,Large,Retail,457.8192830944653,2578,68.1647533209016,2,13,0,1,1,2,1,1,1,0,2,LinkedIn,5,1,Other,AI Solutions,1,AI Solutions
CUST_01627,28,Male,Hyderabad,Large,Retail,482.1716377697786,2955,56.05619778628888,9,8,1,3,3,5,1,1,1,1,1,Website,10,1,Other,Advanced IT Solutions,1,Advanced IT Solutions
CUST_01628,33,Male,Surat,Large,Healthcare,646.5358856935995,3946,59.263681010208245,6,14,0,1,10,1,0,0,1,0,1,Website,15,1,Other,Cybersecurity,1,Cybersecurity
CUST_01629,51,Female,Ahmedabad,Small,IT,11.047618521666108,74,1.099515096405569,3,7,1,4,4,4,0,1,1,0,1,Referral,10,1,Other,Cloud Services,1,Cloud Services
CUST_01630,42,Female,Pune,Small,Logistics,9.729739692920989,46,1.0159980587974813,2,11,0,2,4,3,0,0,0,1,5,Cold Call,0,0,Other,Cybersecurity,0,No Offer
CUST_01631,52,Male,Chennai,Medium,Real Estate,7.690856406051378,128,0.2534063959065944,6,6,0,1,7,0,0,0,1,0,1,Referral,0,0,Other,Cybersecurity,0,No Offer
CUST_01632,45,Female,Delhi,Medium,Education,110.7886790139024,488,4.390749325123148,5,6,1,2,6,1,1,1,0,1,1,Website,0,0,Other,Data Analytics,0,No Offer
CUST_01633,41,Male,Pune,Small,Retail,8.1956637584073,49,0.8843344294631373,10,5,1,4,7,1,1,0,1,0,1,Referral,0,1,Other,Cybersecurity,1,Cybersecurity
CUST_01634,58,Female,Hyderabad,Small,Retail,12.96670401081783,59,0.9561162979861302,3,8,0,3,5,4,1,0,1,0,2,Email Campaign,5,0,Other,Cybersecurity,0,No Offer
CUST_01635,25,Male,Pune,Large,Logistics,178.26484416176518,3423,6.533992107850087,9,8,0,3,3,1,1,0,0,1,2,Email Campaign,0,1,Other,Cybersecurity,1,Cybersecurity
CUST_01636,49,Male,Pune,Large,Healthcare,292.8027072763592,1308,19.237603285630016,7,9,1,3,3,1,1,0,1,0,1,Website,10,1,Other,Cybersecurity,1,Cybersecurity
CUST_01637,41,Male,Surat,Small,Manufacturing,2.9611001533861354,40,0.1351268753447979,1,6,0,1,11,3,0,0,0,0,2,Referral,15,0,Other,Cybersecurity,0,No Offer
CUST_01638,45,Male,Delhi,Large,Logistics,160.63945825730283,827,22.48272285278756,5,9,1,3,10,2,0,0,1,0,0,Email Campaign,15,1,Other,Cybersecurity,1,Cybersecurity
CUST_01639,53,Male,Ahmedabad,Medium,Retail,23.0616401939194,173,1.2534242925299566,2,5,0,4,5,2,0,0,0,0,1,Referral,5,0,Other,Cybersecurity,0,No Offer
CUST_01640,57,Female,Kolkata,Large,Finance,220.1055132555493,1182,10.398432367993165,7,8,1,2,5,0,1,0,0,0,2,Referral,5,1,Other,Cybersecurity,1,Cybersecurity
CUST_01641,55,Female,Kolkata,Small,Education,5.444776373599658,31,0.5724651929482631,10,9,0,2,3,0,1,1,0,0,0,Email Campaign,10,0,Other,Data Analytics,0,No Offer
CUST_01642,57,Male,Chennai,Small,Education,0.8267930941344837,10,0.0765853743879485,7,9,1,6,4,0,0,1,0,0,2,Referral,5,1,Other,Cloud Services,1,Cloud Services
CUST_01643,23,Male,Vadodara,Small,Logistics,1.5292275288951034,10,0.1515646374863307,10,6,0,1,4,4,0,0,0,0,2,Website,20,0,Other,Cybersecurity,0,No Offer
CUST_01644,36,Male,Pune,Medium,IT,50.508679332037005,479,4.157560205732751,10,11,0,2,2,3,1,0,0,1,3,Website,5,1,Other,Cybersecurity,1,Cybersecurity
CUST_01645,55,Female,Chennai,Medium,Logistics,36.30757055959096,224,3.124641043180982,0,7,0,4,3,5,0,1,0,0,2,LinkedIn,0,0,Other,Cloud Services,0,No Offer
CUST_01646,57,Female,Vadodara,Small,Retail,5.928019698317064,30,0.7318478611970679,1,9,0,2,4,2,0,0,0,1,2,Referral,0,0,Other,Cybersecurity,0,No Offer
CUST_01647,27,Other,Ahmedabad,Large,Healthcare,221.6118793552496,3345,12.49684062359293,3,8,0,3,4,2,1,0,0,0,1,LinkedIn,20,1,Other,Cybersecurity,1,Cybersecurity
CUST_01648,60,Female,Ahmedabad,Small,Finance,10.720673929434357,70,0.8317475809773816,0,10,0,4,6,3,1,0,1,1,2,Referral,0,0,Other,Cybersecurity,0,No Offer
CUST_01649,33,Male,Delhi,Small,Logistics,3.817571211353937,22,0.5533151301412111,2,7,0,2,6,1,1,0,1,0,1,Email Campaign,0,0,Other,Cybersecurity,0,No Offer
CUST_01650,24,Male,Kolkata,Medium,Healthcare,15.597509172880317,143,0.8235217212222621,3,2,0,3,3,1,0,0,0,0,2,Email Campaign,0,0,Other,Cybersecurity,0,No Offer
CUST_01651,39,Female,Kolkata,Medium,Logistics,77.95462568518126,324,5.08676004707689,9,11,1,1,5,1,1,1,0,0,4,Website,10,0,Other,Data Analytics,1,Data Analytics
CUST_01652,42,Female,Chennai,Small,Retail,2.3109084765204884,15,0.1224504897940291,2,11,0,4,8,4,1,0,0,0,2,LinkedIn,5,1,Other,Cybersecurity,1,Cybersecurity
CUST_01653,36,Male,Surat,Medium,Finance,42.90569531271653,496,1.392695682024503,4,4,0,1,5,1,1,0,0,1,0,Website,15,0,Other,Cybersecurity,1,Cybersecurity
CUST_01654,54,Male,Kolkata,Medium,IT,18.032528394683915,252,1.1248617460464398,10,9,0,1,5,1,1,0,0,1,0,Referral,10,0,Other,Cybersecurity,0,No Offer
CUST_01655,56,Female,Surat,Medium,IT,19.47482490946799,123,0.6928381921766125,9,9,1,3,6,2,0,0,0,0,1,LinkedIn,10,1,Other,Cybersecurity,1,Cybersecurity
CUST_01656,47,Male,Surat,Medium,Logistics,27.88563179826104,223,1.3541880515049722,6,6,0,4,2,2,1,1,0,0,0,Cold Call,15,0,Other,Data Analytics,0,No Offer
CUST_01657,29,Male,Ahmedabad,Small,Real Estate,1.1506224541978,13,0.0845958896525024,7,10,0,4,1,2,1,0,0,1,1,Email Campaign,10,0,Other,Cybersecurity,0,No Offer
CUST_01658,57,Female,Delhi,Medium,IT,25.094444718648248,447,0.8152318339082574,7,6,0,1,4,2,0,0,0,0,0,Referral,10,1,Other,Cybersecurity,1,Cybersecurity
CUST_01659,51,Male,Chennai,Large,Real Estate,689.7004275999935,4223,83.00874868639636,10,8,1,1,2,0,0,0,1,0,0,Cold Call,15,1,Other,Cybersecurity,1,Cybersecurity
CUST_01660,44,Male,Bangalore,Small,Real Estate,5.770481610468902,34,0.7240262611278582,1,8,1,4,7,2,0,0,1,0,0,Website,5,1,Other,Cybersecurity,1,Cybersecurity
CUST_01661,35,Female,Chennai,Small,Manufacturing,2.272455086852517,29,0.1803639791784089,0,5,0,3,4,1,0,1,0,0,1,Email Campaign,10,0,Other,Cloud Services,0,No Offer
CUST_01662,35,Female,Surat,Large,Healthcare,754.9806073163978,4432,111.8578645129057,5,4,0,2,4,0,1,0,0,1,4,Referral,5,1,Other,Cybersecurity,1,Cybersecurity
CUST_01663,23,Other,Vadodara,Small,Retail,18.51038042249701,77,2.0635236927930354,0,6,0,5,4,1,1,1,0,0,1,Cold Call,10,0,Other,Data Analytics,0,No Offer
CUST_01664,58,Male,Vadodara,Medium,Finance,41.76205073965114,170,4.979982967232023,5,13,1,6,5,1,0,0,0,0,3,Referral,0,1,Other,Cybersecurity,1,Cybersecurity
CUST_01665,26,Male,Delhi,Large,Logistics,1095.230204967839,4810,58.13049404030656,6,9,0,3,3,2,1,0,0,0,4,Website,10,1,Other,Cybersecurity,1,Cybersecurity
CUST_01666,59,Female,Ahmedabad,Small,Logistics,15.010515847867516,71,1.958759960511925,8,4,0,1,4,3,0,1,1,0,2,Referral,15,0,Other,Cloud Services,0,No Offer
CUST_01667,35,Male,Ahmedabad,Small,Education,0.9187356734266626,10,0.1317518108714875,9,11,0,3,1,1,0,1,1,0,2,Website,15,0,Other,Cloud Services,0,No Offer
CUST_01668,60,Male,Surat,Large,Education,90.87890680609,1118,5.303440356829647,9,18,1,6,7,4,0,1,1,0,1,Cold Call,10,1,Other,Cloud Services,1,Cloud Services
CUST_01669,46,Female,Surat,Large,Healthcare,118.5580609498815,853,13.323046906949786,0,9,1,2,3,3,1,0,0,1,0,Referral,5,1,Other,Cybersecurity,1,Cybersecurity
CUST_01670,41,Male,Hyderabad,Medium,Retail,69.74446645574791,401,8.343734583222943,6,8,0,4,8,0,0,0,0,0,2,Referral,10,0,Other,Cybersecurity,1,Cybersecurity
CUST_01671,23,Male,Hyderabad,Medium,Manufacturing,101.0423031919691,459,6.73146861369778,3,7,0,5,12,1,0,0,0,0,3,Cold Call,15,1,Other,Cybersecurity,0,No Offer
CUST_01672,60,Male,Surat,Large,Retail,390.3900633208093,4050,33.96435725068267,8,13,0,4,3,2,0,0,1,0,1,Email Campaign,15,1,Other,Cybersecurity,1,Cybersecurity
CUST_01673,27,Male,Kolkata,Medium,Healthcare,15.760394651239183,108,0.657282392587939,10,7,0,3,11,3,1,0,0,0,2,Website,15,1,Other,Cybersecurity,1,Cybersecurity
CUST_01674,38,Male,Chennai,Small,Retail,5.0256653549583366,28,0.2551599477746625,3,7,0,2,4,3,0,0,1,0,1,Email Campaign,0,0,Other,Cybersecurity,0,No Offer
CUST_01675,46,Male,Kolkata,Small,Education,8.486245025319915,61,0.3172876567604792,1,6,0,2,7,2,0,0,0,1,4,LinkedIn,15,0,Other,Cybersecurity,0,No Offer
CUST_01676,49,Female,Ahmedabad,Medium,Education,33.23794155814222,236,3.231387987260171,0,4,0,2,6,1,0,0,1,0,2,Website,10,1,Other,Cybersecurity,0,No Offer
CUST_01677,23,Female,Bangalore,Large,Finance,242.5948224210393,2553,25.480109656404423,6,10,0,3,6,3,0,0,1,0,1,Website,15,1,Other,Cybersecurity,1,Cybersecurity
CUST_01678,56,Male,Chennai,Large,Manufacturing,164.97056471513756,667,23.085048744533267,6,11,0,3,4,1,1,0,1,0,1,Cold Call,5,1,Other,Cybersecurity,1,Cybersecurity
CUST_01679,58,Male,Kolkata,Large,Education,386.6730587128488,2666,36.757982854762425,2,9,0,1,2,3,1,1,0,0,2,Referral,10,1,Other,Data Analytics,1,Data Analytics
CUST_01680,26,Male,Kolkata,Large,Finance,746.5792675277582,4769,45.74542358511069,4,6,0,2,9,3,0,1,0,0,2,Email Campaign,10,1,Other,Cloud Services,1,Cloud Services
CUST_01681,22,Male,Mumbai,Medium,Manufacturing,22.86569341479726,244,0.8491592683610998,9,7,1,3,10,2,1,1,0,0,3,Website,10,1,Other,Data Analytics,1,Data Analytics
CUST_01682,33,Female,Chennai,Small,Education,4.584820309990913,30,0.6244266968565868,6,11,0,2,10,0,1,1,1,1,0,Email Campaign,0,0,Other,Advanced IT Solutions,0,No Offer
CUST_01683,57,Female,Bangalore,Medium,Manufacturing,35.17232927398776,348,3.076276359839366,7,6,0,4,10,1,1,1,0,1,0,LinkedIn,0,0,Other,Data Analytics,0,No Offer
CUST_01684,44,Female,Delhi,Medium,Real Estate,24.78802657581396,274,2.9368516455818123,8,8,0,2,7,3,1,0,1,0,1,Website,0,1,Other,Cybersecurity,1,Cybersecurity
CUST_01685,52,Male,Delhi,Medium,Retail,19.66201218526575,187,0.6244246460290936,9,7,0,2,5,4,0,0,1,0,1,Website,15,1,Other,Cybersecurity,1,Cybersecurity
CUST_01686,32,Male,Kolkata,Small,Finance,1.920973328640136,38,0.1701534219923411,9,8,0,1,10,1,1,0,1,0,3,Cold Call,5,0,Other,Cybersecurity,0,No Offer
CUST_01687,31,Male,Surat,Large,Manufacturing,281.4758616389779,1716,19.44624257050113,0,5,0,2,8,0,0,0,0,0,1,Referral,5,0,Other,Cybersecurity,0,No Offer
CUST_01688,24,Male,Bangalore,Medium,Logistics,47.1735204086904,370,1.5869055611811014,8,9,0,2,5,2,0,1,0,0,2,Website,0,1,Other,Cloud Services,1,Cloud Services
CUST_01689,35,Female,Bangalore,Small,Manufacturing,2.2973780383878606,10,0.2827629817847873,5,4,0,2,3,3,0,1,1,1,2,LinkedIn,10,1,Other,Cloud Services,1,Cloud Services
CUST_01690,37,Other,Ahmedabad,Medium,Retail,18.89596628481388,325,1.7298916694047797,5,11,0,1,2,1,0,1,0,0,1,Website,10,1,Other,Cloud Services,1,Cloud Services
CUST_01691,31,Male,Vadodara,Medium,Education,12.373052696112657,211,0.8658863853433255,6,11,1,5,5,3,1,1,1,0,3,Email Campaign,10,1,Other,AI Solutions,1,AI Solutions
CUST_01692,50,Female,Mumbai,Small,Education,6.815241103875501,30,0.8634625469922174,8,11,0,1,5,0,1,1,0,0,1,Email Campaign,15,1,Other,Data Analytics,1,Data Analytics
CUST_01693,31,Male,Ahmedabad,Large,Logistics,318.71669623331354,4231,26.65453681214421,6,5,0,0,9,2,0,0,0,0,1,Website,20,0,Other,Cybersecurity,0,No Offer
CUST_01694,33,Male,Bangalore,Small,Healthcare,1.7651207288680126,35,0.0536945397013641,6,9,1,1,10,0,0,0,0,0,1,Referral,10,1,Other,Cybersecurity,1,Cybersecurity
CUST_01695,51,Female,Pune,Small,Healthcare,3.860224773417124,45,0.5533003607692518,10,6,1,2,8,5,0,0,0,0,2,Email Campaign,20,1,Other,Cybersecurity,1,Cybersecurity
CUST_01696,22,Male,Surat,Small,Education,6.872807520624667,32,0.4170552170039969,2,9,0,2,3,1,1,0,0,0,1,Email Campaign,10,0,Other,Cybersecurity,0,No Offer
CUST_01697,26,Male,Bangalore,Medium,Real Estate,45.68779119178844,217,5.924293058278527,9,9,0,3,5,0,0,1,1,0,2,Website,10,0,Other,Cloud Services,0,No Offer
CUST_01698,41,Female,Mumbai,Large,Logistics,320.4417904879939,2715,41.006886609473376,8,12,0,4,4,1,0,0,0,0,1,Website,0,0,Other,Cybersecurity,0,No Offer
CUST_01699,29,Female,Bangalore,Large,IT,487.8416294318853,2657,24.14078047323019,3,10,1,4,0,1,0,0,0,0,1,Cold Call,0,0,Other,Cybersecurity,0,No Offer
CUST_01700,33,Male,Chennai,Large,IT,347.72906560861213,2296,30.210813100433292,5,17,1,4,4,2,0,1,0,0,0,Website,0,0,Other,Cloud Services,1,Cloud Services
CUST_01701,22,Male,Chennai,Small,Logistics,6.697462941106256,29,0.2332316284848657,6,8,0,1,4,0,0,1,1,0,0,Referral,10,0,Other,Cloud Services,0,No Offer
CUST_01702,41,Female,Hyderabad,Small,Manufacturing,2.206249023005441,36,0.1600549845199769,8,12,1,2,3,1,0,1,0,0,2,Website,10,1,Other,Cloud Services,1,Cloud Services
CUST_01703,49,Female,Mumbai,Medium,Education,100.57674557848536,473,11.839639145695577,9,8,0,4,3,4,1,0,1,1,0,Website,10,0,Other,Cybersecurity,0,No Offer
CUST_01704,58,Female,Kolkata,Small,Healthcare,3.8695077587326328,46,0.2261662912360585,2,9,0,5,4,2,0,1,0,0,0,Referral,10,1,Other,Cloud Services,1,Cloud Services
CUST_01705,58,Male,Vadodara,Large,Manufacturing,251.13041925479064,1957,11.063638940095206,10,3,0,2,4,3,0,1,0,1,0,Website,10,1,Other,Cloud Services,1,Cloud Services
CUST_01706,33,Female,Kolkata,Medium,Finance,42.25110367716362,478,3.83871667763728,1,10,1,6,9,1,0,1,1,0,2,LinkedIn,15,1,Other,Cloud Services,1,Cloud Services
CUST_01707,58,Male,Vadodara,Large,Logistics,691.0264927195885,3627,65.25941292141371,1,7,0,1,4,5,0,1,0,0,2,Cold Call,10,1,Other,Cloud Services,1,Cloud Services
CUST_01708,49,Female,Vadodara,Small,Logistics,13.18223175249626,71,1.4645389843009735,1,3,0,5,7,2,1,0,0,0,0,Email Campaign,10,0,Other,Cybersecurity,0,No Offer
CUST_01709,36,Male,Vadodara,Medium,Real Estate,15.957952033980538,100,1.932452611098593,8,6,1,2,10,2,1,1,0,0,0,LinkedIn,0,1,Other,Data Analytics,1,Data Analytics
CUST_01710,27,Female,Delhi,Medium,Healthcare,47.21851923282203,249,5.359167065112781,7,6,1,0,5,1,1,0,0,0,1,Website,15,0,Other,Cybersecurity,0,No Offer
CUST_01711,41,Male,Vadodara,Small,Healthcare,15.834253094763197,89,2.081404097908095,8,8,1,2,3,2,1,0,0,0,3,Email Campaign,0,1,Other,Cybersecurity,1,Cybersecurity
CUST_01712,35,Male,Bangalore,Medium,Healthcare,51.52739119535026,251,2.924116366064472,8,8,0,4,4,1,0,1,0,0,0,LinkedIn,10,0,Other,Cloud Services,0,No Offer
CUST_01713,23,Male,Pune,Small,Logistics,2.447033256452744,25,0.2407195788630987,0,5,0,1,5,2,0,1,0,0,1,Website,0,0,Other,Cloud Services,0,No Offer
CUST_01714,30,Male,Mumbai,Small,IT,6.110213534466485,45,0.4473375492277138,9,11,0,1,4,2,0,0,0,0,3,Email Campaign,10,0,Other,Cybersecurity,0,No Offer
CUST_01715,58,Female,Pune,Small,Retail,0.8835783645793032,11,0.128519550490305,9,4,1,4,7,1,0,1,1,0,1,Email Campaign,10,0,Other,Cloud Services,0,No Offer
CUST_01716,41,Female,Hyderabad,Small,Real Estate,13.320033858715805,98,1.1033455948636393,8,5,0,2,7,2,1,0,0,0,4,LinkedIn,15,1,Other,Cybersecurity,1,Cybersecurity
CUST_01717,47,Female,Bangalore,Medium,Retail,21.12755688153157,111,3.0669959919192604,0,8,0,0,7,2,1,1,1,1,1,LinkedIn,10,0,Other,Advanced IT Solutions,0,No Offer
CUST_01718,50,Male,Vadodara,Small,Real Estate,13.744310947451536,73,1.6807626270307714,4,12,0,4,4,3,0,0,0,1,0,Referral,15,0,Other,Cybersecurity,0,No Offer
CUST_01719,22,Female,Delhi,Small,Logistics,7.291644465041566,38,0.847403299133521,3,6,1,4,7,2,0,0,0,0,1,Referral,15,0,Other,Cybersecurity,1,Cybersecurity
CUST_01720,56,Female,Ahmedabad,Small,IT,9.27554097549632,83,0.8254085515046464,7,8,1,2,2,4,0,0,0,0,0,Website,15,0,Other,Cybersecurity,0,No Offer
CUST_01721,27,Male,Kolkata,Small,Real Estate,17.514508296785735,96,1.4573012502275466,4,10,0,1,6,2,1,0,0,0,0,Email Campaign,15,1,Other,Cybersecurity,1,Cybersecurity
CUST_01722,58,Male,Chennai,Small,Education,4.939730556711506,40,0.4603126572772333,8,11,0,1,6,2,0,0,0,0,3,Cold Call,5,0,Other,Cybersecurity,0,No Offer
CUST_01723,26,Female,Mumbai,Small,Education,21.97865364833292,92,1.4337987362224651,0,6,0,2,5,2,1,0,0,0,1,Cold Call,15,0,Other,Cybersecurity,0,No Offer
CUST_01724,54,Female,Pune,Medium,Logistics,15.664872059240944,132,2.1702300598429844,7,4,0,3,4,1,1,0,1,0,1,LinkedIn,0,1,Other,Cybersecurity,0,No Offer
CUST_01725,35,Female,Bangalore,Medium,Logistics,42.30970440860165,248,5.302238559494271,5,9,0,3,5,1,1,0,0,0,2,LinkedIn,15,0,Other,Cybersecurity,0,No Offer
CUST_01726,33,Male,Ahmedabad,Medium,IT,45.40661542432479,227,5.728839265928001,0,4,0,4,5,1,1,1,0,0,3,LinkedIn,0,1,Other,Data Analytics,1,Data Analytics
CUST_01727,41,Male,Surat,Large,IT,435.0404747997096,1881,35.66393574305416,1,7,0,0,6,0,0,0,0,0,0,Referral,15,1,Other,Cybersecurity,1,Cybersecurity
CUST_01728,45,Male,Surat,Medium,Education,63.42701723845058,461,2.44388571064343,3,9,0,2,4,1,1,0,1,0,0,Email Campaign,15,0,Other,Cybersecurity,0,No Offer
CUST_01729,55,Female,Chennai,Medium,Retail,52.13542824098608,427,5.83756626624447,4,8,1,4,3,0,0,0,0,1,1,Website,5,1,Other,Cybersecurity,1,Cybersecurity
CUST_01730,46,Female,Surat,Large,Manufacturing,654.0510990194954,4809,49.00780690070446,0,19,0,7,5,3,1,0,1,0,4,Website,20,1,Other,Cybersecurity,1,Cybersecurity
CUST_01731,50,Male,Kolkata,Small,IT,5.392745704567941,47,0.7250634905684286,9,7,1,5,2,1,1,0,0,0,0,Cold Call,0,1,Other,Cybersecurity,1,Cybersecurity
CUST_01732,60,Female,Hyderabad,Medium,Manufacturing,35.25305511262525,195,4.358709330639512,6,10,0,3,3,1,0,0,0,0,2,Website,5,1,Other,Cybersecurity,1,Cybersecurity
CUST_01733,52,Male,Surat,Small,Manufacturing,14.902231226508162,63,0.7069525658732634,3,2,0,7,3,1,0,0,1,0,1,Email Campaign,5,0,Other,Cybersecurity,0,No Offer
CUST_01734,44,Other,Chennai,Small,Finance,5.641065097340502,75,0.5765500656476016,0,11,1,1,3,6,1,0,1,0,1,Email Campaign,0,0,Other,Cybersecurity,0,No Offer
CUST_01735,59,Male,Hyderabad,Medium,Retail,69.25274433137142,427,7.830108014123162,5,14,1,6,4,2,1,1,1,0,1,LinkedIn,0,1,Other,AI Solutions,1,AI Solutions
CUST_01736,41,Male,Kolkata,Small,Real Estate,22.03485552691836,96,2.1633052047086925,8,6,1,2,7,6,1,1,1,0,0,LinkedIn,15,1,Other,AI Solutions,1,AI Solutions
CUST_01737,44,Male,Chennai,Small,Logistics,6.442107621670723,92,0.5906450311545232,8,13,0,0,3,1,1,0,0,0,1,Referral,15,1,Other,Cybersecurity,1,Cybersecurity
CUST_01738,37,Male,Surat,Small,Manufacturing,2.380369314452099,16,0.1364988720304637,10,7,1,4,5,2,0,1,0,0,1,Website,10,0,Other,Cloud Services,0,No Offer
CUST_01739,29,Male,Vadodara,Small,Logistics,9.814020443571923,44,0.5722439645785231,3,7,0,1,4,3,0,1,0,0,0,LinkedIn,10,0,Other,Cloud Services,0,No Offer
CUST_01740,42,Female,Mumbai,Small,Logistics,21.39841113784473,93,2.614050803081451,6,8,0,6,5,4,0,0,0,1,3,Website,10,0,Other,Cybersecurity,1,Cybersecurity
CUST_01741,22,Female,Surat,Medium,Retail,56.25631906085466,368,1.813859796606731,9,7,0,3,6,1,0,0,0,0,3,Website,10,1,Other,Cybersecurity,1,Cybersecurity
CUST_01742,29,Female,Chennai,Medium,Retail,7.368710503734828,134,0.9098088463748448,0,10,0,2,7,2,1,0,1,0,2,Website,5,1,Other,Cybersecurity,1,Cybersecurity
CUST_01743,50,Male,Mumbai,Medium,Finance,15.505868179453026,218,1.4453926572889864,9,12,1,6,7,1,0,0,0,1,2,Referral,5,1,Other,Cybersecurity,1,Cybersecurity
CUST_01744,53,Male,Mumbai,Small,Real Estate,15.730274810535196,94,2.2391529970194526,8,12,0,6,5,1,0,0,1,0,2,Website,15,0,Other,Cybersecurity,0,No Offer
CUST_01745,59,Male,Hyderabad,Large,Logistics,89.57652210933625,1198,13.40768714364647,0,9,0,2,0,5,0,1,1,0,0,Cold Call,0,1,Other,Cloud Services,1,Cloud Services
CUST_01746,26,Female,Kolkata,Medium,Education,38.98317502654003,488,4.273263442282253,8,8,0,3,4,1,1,0,0,0,1,LinkedIn,0,0,Other,Cybersecurity,0,No Offer
CUST_01747,43,Male,Surat,Small,Real Estate,9.812324138708297,48,0.779793870581033,5,7,0,3,6,3,1,0,0,0,1,Referral,10,0,Other,Cybersecurity,0,No Offer
CUST_01748,55,Female,Ahmedabad,Large,Real Estate,599.0142662632946,2993,52.12041641932064,9,9,0,5,6,2,1,1,0,0,1,Website,15,1,Other,Data Analytics,1,Data Analytics
CUST_01749,22,Female,Vadodara,Medium,Retail,103.81341214541985,475,5.658438407231291,10,10,0,4,5,2,0,0,1,1,5,Email Campaign,10,1,Other,Cybersecurity,1,Cybersecurity
CUST_01750,47,Male,Kolkata,Medium,Manufacturing,29.52601633000677,415,1.2373798023805611,6,13,0,2,7,1,0,1,0,0,1,Referral,15,0,Other,Cloud Services,0,No Offer
CUST_01751,31,Male,Ahmedabad,Small,Education,1.1651766908517265,13,0.1158786945728195,3,6,0,6,4,0,1,0,0,0,1,LinkedIn,20,0,Other,Cybersecurity,0,No Offer
CUST_01752,51,Male,Ahmedabad,Medium,Education,105.91362784017603,489,13.414957799179762,8,9,0,5,5,3,0,0,0,0,2,Email Campaign,10,0,Other,Cybersecurity,0,No Offer
CUST_01753,39,Male,Pune,Large,Healthcare,188.58521360911124,971,11.581391767674562,5,5,0,2,3,4,0,1,0,0,1,LinkedIn,5,0,Other,Cloud Services,0,No Offer
CUST_01754,38,Female,Hyderabad,Medium,Manufacturing,43.29420124094965,205,3.4790500233995565,5,7,1,3,3,2,0,1,0,1,1,Email Campaign,20,1,Other,Cloud Services,1,Cloud Services
CUST_01755,47,Female,Delhi,Medium,Manufacturing,44.382895161703615,179,4.286182207145767,9,7,0,2,6,3,0,1,0,1,1,Referral,10,0,Other,Cloud Services,0,No Offer
CUST_01756,29,Male,Bangalore,Medium,Retail,58.3962161625588,262,8.114022166695246,5,5,0,4,9,2,1,0,1,0,0,Website,0,0,Other,Cybersecurity,0,No Offer
CUST_01757,33,Female,Bangalore,Large,Manufacturing,248.24325942379275,1611,11.57700992024386,3,4,0,4,1,3,1,1,0,0,1,Email Campaign,10,1,Other,Data Analytics,1,Data Analytics
CUST_01758,48,Female,Hyderabad,Small,Real Estate,1.9066118283106757,17,0.1113956650206428,6,9,0,4,3,0,0,0,0,0,1,Website,10,0,Other,Cybersecurity,0,No Offer
CUST_01759,29,Female,Hyderabad,Medium,Logistics,78.03321104191154,476,10.942102002372046,1,12,0,2,2,3,1,1,0,0,1,Cold Call,0,0,Other,Data Analytics,0,No Offer
CUST_01760,46,Male,Ahmedabad,Small,Healthcare,9.774452052578978,55,0.3396062127366658,1,10,1,4,4,2,1,1,0,1,2,Email Campaign,5,1,Other,Data Analytics,1,Data Analytics
CUST_01761,25,Male,Hyderabad,Medium,Retail,47.05909615727353,402,5.116917930339811,10,9,0,2,5,2,0,0,1,0,1,LinkedIn,15,0,Other,Cybersecurity,0,No Offer
CUST_01762,54,Male,Ahmedabad,Medium,IT,35.528608904466815,174,3.7924340658301214,10,5,1,2,7,5,1,0,1,0,2,Referral,15,1,Other,Cybersecurity,1,Cybersecurity
CUST_01763,22,Female,Kolkata,Small,Manufacturing,4.181596270426219,61,0.3177617253490556,5,4,0,1,2,3,1,0,0,0,1,Email Campaign,0,1,Other,Cybersecurity,1,Cybersecurity
CUST_01764,40,Male,Delhi,Medium,Manufacturing,46.52855685081329,226,4.009819931451452,8,6,0,3,12,1,1,0,0,0,0,Email Campaign,5,1,Other,Cybersecurity,1,Cybersecurity
CUST_01765,52,Male,Pune,Small,Finance,4.004378965283668,71,0.5309412243927696,2,7,1,3,2,1,1,1,0,1,0,Referral,10,1,Other,Data Analytics,1,Data Analytics
CUST_01766,37,Female,Ahmedabad,Small,IT,4.487796364328942,30,0.2234825994179277,6,9,1,4,6,2,1,0,1,0,4,Referral,15,1,Other,Cybersecurity,1,Cybersecurity
CUST_01767,35,Female,Hyderabad,Small,IT,7.335480658989558,33,0.4239034707496132,8,10,0,0,7,2,0,1,1,0,2,Website,15,0,Other,Cloud Services,0,No Offer
CUST_01768,26,Female,Mumbai,Small,Logistics,3.5668499046268143,53,0.3263027390803903,8,8,0,5,5,2,1,1,0,1,2,Website,0,1,Other,Data Analytics,1,Data Analytics
CUST_01769,47,Male,Surat,Small,Healthcare,7.677389364941697,50,0.6078146992931271,2,4,0,1,2,3,1,1,1,0,1,LinkedIn,10,0,Other,AI Solutions,0,No Offer
CUST_01770,49,Male,Bangalore,Small,Logistics,3.1113749361060044,38,0.3077918312252631,0,7,0,1,8,1,1,0,1,0,1,Cold Call,10,1,Other,Cybersecurity,1,Cybersecurity
CUST_01771,23,Female,Delhi,Medium,IT,85.40325495454579,373,11.99921730248896,1,10,0,2,1,3,1,1,0,0,2,Email Campaign,5,0,Other,Data Analytics,0,No Offer
CUST_01772,27,Male,Surat,Medium,Logistics,30.955082073161822,143,4.335328649619299,10,9,0,2,2,0,1,0,0,1,0,Website,5,1,Other,Cybersecurity,1,Cybersecurity
CUST_01773,30,Male,Chennai,Medium,Real Estate,81.92707323590935,346,4.719179720689168,7,7,0,5,6,2,0,0,0,0,4,Cold Call,10,0,Other,Cybersecurity,0,No Offer
CUST_01774,54,Male,Hyderabad,Small,Logistics,13.274791630055104,59,0.8795525622270963,6,8,0,5,7,2,0,0,0,1,0,Referral,10,1,Other,Cybersecurity,1,Cybersecurity
CUST_01775,46,Male,Ahmedabad,Large,Finance,560.3622800038827,2840,27.708929492375635,0,5,1,5,4,1,1,0,0,0,2,Referral,15,1,Other,Cybersecurity,1,Cybersecurity
CUST_01776,34,Male,Pune,Medium,Real Estate,23.918905757367657,275,3.380574827637684,2,4,0,2,7,2,0,0,0,1,2,Website,10,0,Other,Cybersecurity,0,No Offer
CUST_01777,30,Female,Mumbai,Small,Healthcare,10.718550743976676,97,0.8332997465677998,7,14,1,4,2,5,0,0,0,0,3,LinkedIn,0,0,Other,Cybersecurity,0,No Offer
CUST_01778,34,Female,Pune,Large,Logistics,236.9024562153,1586,19.89142409393105,6,8,1,3,8,0,1,0,0,0,1,Referral,0,1,Other,Cybersecurity,1,Cybersecurity
CUST_01779,52,Female,Surat,Small,Logistics,1.6777935630294474,10,0.2119336711404855,4,10,0,4,7,2,1,0,0,0,2,Referral,0,0,Other,Cybersecurity,0,No Offer
CUST_01780,32,Male,Mumbai,Medium,IT,33.44274200814801,162,3.061911001230639,2,8,0,2,3,2,1,0,1,0,3,Website,0,0,Other,Cybersecurity,0,No Offer
CUST_01781,25,Male,Vadodara,Medium,Healthcare,39.396865288251234,413,1.7480648307207944,6,6,0,4,4,2,1,0,0,0,2,LinkedIn,5,0,Other,Cybersecurity,0,No Offer
CUST_01782,55,Male,Bangalore,Small,Real Estate,3.480152026152062,46,0.2872581695823699,4,11,0,3,2,3,1,1,0,0,0,Website,5,1,Other,Data Analytics,1,Data Analytics
CUST_01783,59,Female,Hyderabad,Large,IT,700.2288010533973,4779,73.98819541484232,0,5,0,3,5,2,1,0,0,0,2,Email Campaign,0,1,Other,Cybersecurity,1,Cybersecurity
CUST_01784,25,Male,Chennai,Small,IT,6.443894291792145,79,0.7494577089780767,4,10,0,2,9,3,1,0,1,1,2,LinkedIn,0,0,Other,Cybersecurity,0,No Offer
CUST_01785,59,Female,Surat,Small,Logistics,16.043525639602727,85,1.72375204879058,2,9,0,4,3,3,1,1,0,1,1,Referral,10,1,Other,Data Analytics,1,Data Analytics
CUST_01786,40,Female,Ahmedabad,Large,Education,319.0237759314396,1932,14.13329124607118,1,8,1,1,4,1,0,0,0,0,3,Website,10,1,Other,Cybersecurity,1,Cybersecurity
CUST_01787,27,Male,Bangalore,Large,IT,592.0877979390817,2987,39.38647550431763,2,11,1,1,6,1,1,0,0,0,0,LinkedIn,15,1,Other,Cybersecurity,1,Cybersecurity
CUST_01788,55,Male,Chennai,Medium,Logistics,9.716533349308362,155,1.1468206408782864,9,7,1,0,8,2,1,0,1,0,3,Website,20,1,Other,Cybersecurity,1,Cybersecurity
CUST_01789,39,Female,Pune,Medium,Manufacturing,96.93286532344749,399,13.146308867695158,3,10,1,2,5,4,0,1,0,0,1,Email Campaign,10,1,Other,Cloud Services,1,Cloud Services
CUST_01790,34,Female,Bangalore,Small,IT,1.3000287907138377,26,0.0463621074947964,0,11,1,2,2,2,1,1,0,0,0,Referral,5,0,Other,Data Analytics,0,No Offer
CUST_01791,44,Male,Chennai,Medium,Manufacturing,22.902608117538687,199,0.8031370491197458,3,9,0,2,7,1,1,0,0,1,5,Website,10,1,Other,Cybersecurity,1,Cybersecurity
CUST_01792,40,Male,Chennai,Small,Real Estate,8.924494016315904,48,0.9567820051483188,8,10,1,3,4,4,1,1,1,0,1,Referral,10,1,Other,AI Solutions,1,AI Solutions
CUST_01793,32,Other,Pune,Small,Retail,0.7673693920415091,13,0.0734875430569609,0,15,0,3,7,1,1,0,0,0,1,Email Campaign,15,1,Other,Cybersecurity,1,Cybersecurity
CUST_01794,22,Male,Chennai,Medium,Education,9.867147608185167,148,0.479944829138389,10,8,1,1,6,1,1,1,1,0,1,Referral,15,1,Other,AI Solutions,1,AI Solutions
CUST_01795,45,Male,Delhi,Small,Real Estate,1.3067257489128814,20,0.1251777797932571,6,5,0,6,3,3,0,1,1,0,1,Website,15,0,Other,Cloud Services,0,No Offer
CUST_01796,28,Male,Mumbai,Small,Finance,3.4923408522281134,21,0.5131592607293161,7,12,1,6,4,3,0,0,0,1,1,Website,10,1,Other,Cybersecurity,1,Cybersecurity
CUST_01797,46,Male,Delhi,Small,Healthcare,9.396587583316013,41,0.9932947287743116,8,6,1,3,7,1,0,1,0,0,1,Referral,0,0,Other,Cloud Services,0,No Offer
CUST_01798,42,Male,Pune,Small,Healthcare,5.799146239528286,36,0.4865306167206221,6,7,1,3,7,1,0,1,1,0,3,Cold Call,15,1,Other,Cloud Services,1,Cloud Services
CUST_01799,36,Male,Kolkata,Small,Retail,9.04785633416452,53,1.169923097552657,8,11,1,1,1,2,1,0,0,0,1,Website,15,0,Other,Cybersecurity,0,No Offer
CUST_01800,22,Male,Bangalore,Small,IT,6.19841717256309,52,0.3442520211497556,9,8,0,2,5,4,1,0,1,0,1,Website,15,0,Other,Cybersecurity,0,No Offer
CUST_01801,33,Male,Vadodara,Small,Finance,3.117397440404175,58,0.2485163418063192,2,9,1,1,6,2,0,1,0,1,0,Referral,10,1,Other,Cloud Services,1,Cloud Services
CUST_01802,28,Other,Ahmedabad,Medium,Retail,12.9288605649579,238,1.2066783150148448,0,9,0,3,5,3,0,0,1,0,4,Referral,10,1,Other,Cybersecurity,1,Cybersecurity
CUST_01803,36,Female,Ahmedabad,Large,Retail,892.4350137210345,3920,80.80533826984605,1,10,0,3,4,3,0,0,0,0,0,Cold Call,5,1,Other,Cybersecurity,1,Cybersecurity
CUST_01804,42,Female,Surat,Medium,Healthcare,32.57769333769536,462,4.577709841061381,9,9,0,2,2,2,1,1,0,1,2,Referral,0,1,Other,Data Analytics,1,Data Analytics
CUST_01805,40,Female,Surat,Medium,Manufacturing,116.4803694529339,466,7.5852217946900575,0,10,0,2,6,4,0,1,1,0,0,Cold Call,5,0,Other,Cloud Services,0,No Offer
CUST_01806,50,Male,Pune,Small,Real Estate,7.791145096412029,94,0.2865617952953541,1,9,1,3,6,2,0,0,0,0,3,Website,15,0,Other,Cybersecurity,0,No Offer
CUST_01807,46,Male,Surat,Small,Real Estate,8.136783106805668,44,1.1388670000620762,8,9,0,4,4,2,1,0,0,0,2,Website,15,1,Other,Cybersecurity,1,Cybersecurity
CUST_01808,54,Female,Ahmedabad,Small,Manufacturing,13.668092382862325,57,0.766070866417672,4,7,0,2,7,0,1,0,0,0,3,Website,0,0,Other,Cybersecurity,1,Cybersecurity
CUST_01809,53,Male,Delhi,Medium,IT,17.878846907147167,146,1.3495553816451005,3,7,1,3,6,1,1,0,0,0,1,Referral,0,1,Other,Cybersecurity,1,Cybersecurity
CUST_01810,56,Male,Vadodara,Medium,IT,70.48541631435603,358,6.604976550066055,1,4,1,2,5,1,0,1,0,1,1,Website,0,0,Other,Cloud Services,0,No Offer
CUST_01811,59,Female,Ahmedabad,Medium,Logistics,37.85396853686712,315,5.568532891451031,2,3,0,3,4,3,1,0,0,0,0,Email Campaign,10,0,Other,Cybersecurity,0,No Offer
CUST_01812,47,Male,Delhi,Small,Logistics,10.87684471252433,98,1.0249491476688286,8,9,0,1,7,3,1,0,0,0,2,Website,5,0,Other,Cybersecurity,0,No Offer
CUST_01813,32,Male,Kolkata,Small,Real Estate,2.981906944997897,33,0.2496726733947247,2,10,0,6,4,2,1,0,0,0,3,Cold Call,5,1,Other,Cybersecurity,1,Cybersecurity
CUST_01814,56,Other,Pune,Medium,Retail,90.38690614226418,422,9.04200036056896,7,4,1,4,4,4,1,1,1,0,1,Referral,10,1,Other,AI Solutions,1,AI Solutions
CUST_01815,29,Female,Hyderabad,Small,IT,2.43545790532391,24,0.3567872260744955,0,4,1,6,1,2,1,1,1,1,2,Referral,0,1,Other,Advanced IT Solutions,1,Advanced IT Solutions
CUST_01816,35,Male,Kolkata,Medium,Manufacturing,34.54864895629957,324,4.427525165665496,4,11,0,3,7,0,1,1,0,0,3,Email Campaign,15,1,Other,Data Analytics,1,Data Analytics
CUST_01817,31,Other,Kolkata,Medium,Real Estate,62.19869316149912,249,3.1271124665892454,1,7,0,1,5,2,1,1,0,0,3,LinkedIn,0,0,Other,Data Analytics,0,No Offer
CUST_01818,23,Female,Ahmedabad,Medium,Finance,44.56836561637869,386,5.633049292003592,3,9,0,4,3,1,1,0,0,0,3,Referral,10,1,Other,Cybersecurity,1,Cybersecurity
CUST_01819,30,Female,Pune,Large,Healthcare,548.8494279891855,4079,71.86189138234826,1,6,1,3,3,1,0,0,0,0,2,Website,15,1,Other,Cybersecurity,1,Cybersecurity
CUST_01820,24,Male,Mumbai,Large,Manufacturing,682.2785128677142,2751,77.01784491746511,2,9,1,4,6,4,0,1,1,0,0,Email Campaign,15,1,Other,Cloud Services,1,Cloud Services
CUST_01821,42,Male,Chennai,Medium,Logistics,13.996187806433834,113,1.5237371854542785,4,12,0,4,7,3,1,1,1,0,1,LinkedIn,15,1,Other,AI Solutions,1,AI Solutions
CUST_01822,47,Female,Kolkata,Medium,Education,27.11068831837815,220,2.247618124358483,1,8,0,3,3,0,0,0,1,0,1,Cold Call,10,0,Other,Cybersecurity,0,No Offer
CUST_01823,29,Female,Surat,Small,IT,21.338746431034437,99,2.283319411135813,8,8,1,3,4,3,1,1,0,0,3,Referral,0,1,Other,Data Analytics,1,Data Analytics
CUST_01824,23,Female,Delhi,Large,Healthcare,169.47819913588793,1508,20.08469133504472,7,6,0,2,1,2,1,0,0,0,0,Website,5,1,Other,Cybersecurity,1,Cybersecurity
CUST_01825,27,Male,Mumbai,Medium,Education,28.059594011259616,290,1.2553421760170311,4,5,0,6,11,0,1,1,0,0,1,Referral,0,0,Other,Data Analytics,0,No Offer
CUST_01826,49,Male,Pune,Small,Real Estate,8.75173331727919,65,0.5328019818469558,10,8,1,3,7,2,0,0,0,0,0,LinkedIn,5,1,Other,Cybersecurity,1,Cybersecurity
CUST_01827,50,Female,Hyderabad,Small,Healthcare,5.13346032311144,27,0.2735612047063496,0,12,1,2,10,1,1,1,0,0,2,Website,0,1,Other,Data Analytics,1,Data Analytics
CUST_01828,47,Male,Vadodara,Small,Retail,1.2316207049129146,21,0.1612750910135402,4,7,0,3,3,2,1,0,1,0,4,LinkedIn,10,1,Other,Cybersecurity,1,Cybersecurity
CUST_01829,46,Male,Mumbai,Medium,Real Estate,26.953172375842083,216,3.0079824191442706,3,9,1,2,9,3,0,0,0,0,1,Referral,0,0,Other,Cybersecurity,0,No Offer
CUST_01830,33,Male,Hyderabad,Medium,IT,26.592522626784483,223,2.236256300402144,8,5,0,3,6,2,0,0,1,0,2,LinkedIn,0,0,Other,Cybersecurity,0,No Offer
CUST_01831,26,Male,Ahmedabad,Small,Retail,2.5730554057625694,26,0.3322501278835501,1,7,0,7,4,1,0,0,0,1,4,Cold Call,10,0,Other,Cybersecurity,0,No Offer
CUST_01832,55,Female,Bangalore,Small,Real Estate,17.000601915001685,94,1.9723037640077483,6,8,0,3,1,4,0,0,0,0,4,Email Campaign,0,0,Other,Cybersecurity,0,No Offer
CUST_01833,58,Female,Chennai,Large,Healthcare,310.8182902861127,2878,43.39992146335901,1,8,0,3,2,0,0,1,1,0,0,Email Campaign,10,1,Other,Cloud Services,1,Cloud Services
CUST_01834,36,Male,Ahmedabad,Medium,Retail,63.39813536659222,370,2.486274501283805,10,11,1,4,6,4,0,1,0,0,2,Cold Call,10,0,Other,Cloud Services,1,Cloud Services
CUST_01835,57,Male,Pune,Large,Real Estate,339.9041807594549,2253,30.96489214083198,2,13,0,2,3,2,0,1,1,0,3,Referral,15,0,Other,Cloud Services,0,No Offer
CUST_01836,36,Female,Bangalore,Small,Real Estate,8.970045519857253,96,1.0298486695328408,2,2,1,3,5,2,0,0,1,0,3,Referral,10,1,Other,Cybersecurity,1,Cybersecurity
CUST_01837,44,Male,Hyderabad,Medium,IT,21.9024008185885,212,1.2024238979007738,9,5,1,3,8,3,0,1,0,0,3,Cold Call,20,0,Other,Cloud Services,0,No Offer
CUST_01838,27,Male,Bangalore,Medium,Manufacturing,9.67380122605097,115,0.6699605340516909,7,5,0,3,3,2,0,0,0,0,3,LinkedIn,15,0,Other,Cybersecurity,0,No Offer
CUST_01839,42,Female,Vadodara,Small,Finance,1.2265168594038314,20,0.098461278094145,1,10,0,2,6,4,0,0,0,0,0,Website,5,0,Other,Cybersecurity,0,No Offer
CUST_01840,44,Male,Surat,Small,Education,1.7383769262098232,10,0.2178517869901679,0,9,1,5,4,3,0,1,0,0,3,Website,5,0,Other,Cloud Services,0,No Offer
CUST_01841,37,Female,Surat,Small,Manufacturing,16.79475422924089,91,1.4985815456961844,5,7,1,4,5,0,1,1,1,0,0,LinkedIn,10,1,Other,AI Solutions,1,AI Solutions
CUST_01842,36,Male,Ahmedabad,Small,Real Estate,4.825599925860571,58,0.4301752290521198,5,7,0,1,5,3,0,0,0,1,0,Referral,10,0,Other,Cybersecurity,0,No Offer
CUST_01843,46,Female,Ahmedabad,Large,Healthcare,525.9854914121954,3039,42.97644103687556,10,9,0,7,8,2,0,0,1,0,0,Website,0,1,Other,Cybersecurity,1,Cybersecurity
CUST_01844,57,Male,Pune,Small,Real Estate,7.146091492333953,29,0.4104049703213104,0,10,0,1,2,1,1,1,1,0,2,Website,15,1,Other,AI Solutions,1,AI Solutions
CUST_01845,32,Female,Pune,Small,Manufacturing,5.190433519005154,80,0.730649978236241,4,10,0,2,4,1,1,1,1,0,1,Website,0,0,Other,AI Solutions,0,No Offer
CUST_01846,36,Male,Delhi,Medium,Retail,23.543793745463866,159,1.6041830967820805,8,5,1,3,9,1,0,0,0,0,1,Referral,0,0,Other,Cybersecurity,0,No Offer
CUST_01847,25,Male,Vadodara,Small,IT,4.915191068219269,25,0.4821599897270614,9,11,0,3,6,7,0,0,0,0,0,Referral,10,1,Other,Cybersecurity,1,Cybersecurity
CUST_01848,42,Other,Pune,Medium,Manufacturing,28.594488510351617,483,1.368348307866438,10,8,0,2,2,3,1,0,0,0,4,Referral,0,1,Other,Cybersecurity,1,Cybersecurity
CUST_01849,34,Male,Kolkata,Small,Manufacturing,11.10535373517425,54,0.9118517892258542,9,5,1,3,6,4,0,0,1,0,3,Website,15,1,Other,Cybersecurity,1,Cybersecurity
CUST_01850,43,Male,Vadodara,Medium,IT,119.01668775059136,484,16.47862473713354,4,8,1,4,3,0,1,1,0,0,0,Cold Call,20,1,Other,Data Analytics,1,Data Analytics
CUST_01851,40,Male,Delhi,Small,Retail,3.791064071566836,56,0.566596622172351,6,8,0,4,8,3,0,0,0,0,0,Website,0,0,Other,Cybersecurity,0,No Offer
CUST_01852,55,Female,Surat,Medium,Finance,88.13729822929906,411,6.470178700709401,5,6,0,7,5,2,0,0,0,1,1,Cold Call,15,0,Other,Cybersecurity,0,No Offer
CUST_01853,35,Male,Mumbai,Medium,Manufacturing,23.00608452914265,183,1.1153088788978545,10,10,0,2,4,3,0,0,0,0,1,Referral,15,0,Other,Cybersecurity,0,No Offer
CUST_01854,25,Male,Delhi,Large,Education,199.816914634044,2535,13.534435503809178,9,8,0,6,3,5,1,1,0,1,1,Referral,5,1,Other,Data Analytics,1,Data Analytics
CUST_01855,48,Female,Delhi,Large,Healthcare,673.9276020992481,4534,46.68229929607123,3,10,0,3,2,1,0,1,0,0,1,Website,10,0,Other,Cloud Services,0,No Offer
CUST_01856,50,Male,Ahmedabad,Medium,Logistics,24.8855501494661,387,2.671241215110129,1,9,0,7,6,0,1,1,0,0,1,Referral,5,0,Other,Data Analytics,0,No Offer
CUST_01857,49,Female,Chennai,Small,Retail,13.434564502109009,87,1.202914877268546,9,4,0,6,8,1,1,0,0,1,1,Website,10,0,Other,Cybersecurity,0,No Offer
CUST_01858,56,Female,Bangalore,Medium,Real Estate,6.3029488392947615,117,0.7703159474568376,4,5,0,1,4,0,1,0,0,0,2,Cold Call,10,0,Other,Cybersecurity,0,No Offer
CUST_01859,29,Female,Surat,Medium,Retail,57.738075058691074,295,6.59117045326739,9,7,1,3,7,2,0,1,1,0,1,Referral,15,0,Other,Cloud Services,0,No Offer
CUST_01860,37,Female,Hyderabad,Large,Manufacturing,156.30197945489448,1059,9.402665504102783,8,6,0,2,5,2,1,0,1,0,1,Website,10,1,Other,Cybersecurity,1,Cybersecurity
CUST_01861,57,Female,Hyderabad,Small,Education,9.783367320905493,69,1.2142203981466904,2,14,0,3,3,2,0,1,0,0,1,Email Campaign,0,0,Other,Cloud Services,0,No Offer
CUST_01862,51,Male,Pune,Small,Logistics,1.784765974968335,20,0.2350455118673748,2,7,0,6,5,1,1,1,0,1,2,Referral,5,1,Other,Data Analytics,1,Data Analytics
CUST_01863,39,Female,Surat,Medium,Real Estate,46.21149457808429,378,4.704645438470034,10,4,0,3,3,3,1,1,0,1,1,LinkedIn,0,0,Other,Data Analytics,0,No Offer
CUST_01864,23,Male,Kolkata,Small,IT,2.0729732756239985,24,0.2929528426605157,6,7,0,2,3,3,1,0,0,0,3,Website,5,0,Other,Cybersecurity,0,No Offer
CUST_01865,34,Male,Pune,Small,Logistics,18.131177849857604,92,2.2474279347572006,9,10,1,4,6,2,1,1,0,0,3,Referral,10,1,Other,Data Analytics,1,Data Analytics
CUST_01866,25,Female,Pune,Small,Manufacturing,6.286354192062382,70,0.6377349723749656,1,13,1,2,2,4,0,0,0,0,2,Website,5,0,Other,Cybersecurity,0,No Offer
CUST_01867,47,Male,Delhi,Medium,Manufacturing,45.76457566833055,264,6.349373552303611,7,8,0,1,7,3,0,0,0,1,0,Email Campaign,0,0,Other,Cybersecurity,0,No Offer
CUST_01868,46,Female,Surat,Large,IT,68.42528913795358,646,6.98232298576436,6,8,0,6,7,1,1,0,0,1,2,Website,5,1,Other,Cybersecurity,1,Cybersecurity
CUST_01869,51,Male,Bangalore,Medium,Healthcare,63.488753714632914,350,5.875435626051661,7,6,1,2,7,3,1,0,0,0,1,LinkedIn,10,0,Other,Cybersecurity,0,No Offer
CUST_01870,32,Female,Pune,Small,IT,13.912007277015626,88,1.0121124532260812,9,9,1,3,4,6,0,1,1,1,0,Website,0,0,Other,Cloud Services,1,Cloud Services
CUST_01871,28,Male,Chennai,Small,Manufacturing,11.044393559104607,82,1.5014146166115705,5,5,0,5,5,2,1,1,1,0,1,Website,10,0,Other,AI Solutions,1,AI Solutions
CUST_01872,52,Female,Vadodara,Small,Finance,2.58440233354932,14,0.1155932364217147,4,12,1,1,1,3,0,0,0,0,0,LinkedIn,10,0,Other,Cybersecurity,0,No Offer
CUST_01873,31,Female,Kolkata,Medium,IT,30.756359708300188,231,2.6702771674084325,10,9,0,4,2,1,0,1,1,0,3,Email Campaign,0,0,Other,Cloud Services,1,Cloud Services
CUST_01874,60,Female,Kolkata,Medium,Real Estate,86.78101880857766,405,8.199903739628528,3,8,0,4,2,2,1,1,0,1,2,Referral,15,1,Other,Data Analytics,1,Data Analytics
CUST_01875,34,Male,Pune,Small,Healthcare,7.444948282588021,38,0.7189578576431873,7,6,0,2,3,1,0,1,0,0,2,Referral,0,0,Other,Cloud Services,1,Cloud Services
CUST_01876,52,Male,Chennai,Medium,IT,60.72107477860464,384,6.571646380674901,1,8,1,2,4,3,1,0,0,1,2,Website,0,1,Other,Cybersecurity,1,Cybersecurity
CUST_01877,28,Male,Vadodara,Medium,IT,88.36155751474217,392,8.01399342262728,5,4,1,2,6,3,1,0,0,0,4,Email Campaign,0,1,Other,Cybersecurity,1,Cybersecurity
CUST_01878,57,Female,Mumbai,Small,Retail,16.830244414901667,78,1.0235847958425228,9,8,1,1,6,1,0,0,1,0,2,Referral,15,1,Other,Cybersecurity,1,Cybersecurity
CUST_01879,41,Female,Ahmedabad,Small,Retail,4.847404246647096,31,0.643896835997858,5,5,1,5,3,1,0,0,0,0,2,Website,0,1,Other,Cybersecurity,1,Cybersecurity
CUST_01880,25,Male,Ahmedabad,Large,Manufacturing,98.33664781480628,1544,10.709159825565475,4,6,1,4,3,4,0,0,1,0,1,Email Campaign,10,0,Other,Cybersecurity,0,No Offer
CUST_01881,28,Female,Ahmedabad,Small,Real Estate,9.62875695595108,59,1.2804565343715997,1,12,0,1,3,2,1,1,1,0,1,Referral,15,1,Other,AI Solutions,1,AI Solutions
CUST_01882,22,Female,Delhi,Medium,Manufacturing,19.005069472192964,157,1.1996991709772369,4,4,0,4,6,4,0,0,1,0,2,Website,10,0,Other,Cybersecurity,0,No Offer
CUST_01883,34,Male,Kolkata,Medium,Logistics,38.71553419738297,245,4.121145785956146,2,5,0,5,10,2,0,0,0,1,0,Website,5,0,Other,Cybersecurity,0,No Offer
CUST_01884,43,Female,Hyderabad,Medium,Real Estate,82.71542845787812,461,9.570245331819716,6,16,1,3,7,2,1,1,0,0,1,Cold Call,10,1,Other,Data Analytics,1,Data Analytics
CUST_01885,42,Female,Hyderabad,Medium,IT,73.55573085272258,411,5.590869539609076,6,10,0,3,7,1,1,0,0,0,3,LinkedIn,0,1,Other,Cybersecurity,1,Cybersecurity
CUST_01886,43,Male,Delhi,Medium,Finance,40.819762723495664,221,5.203266343156152,7,9,1,7,5,3,0,0,1,0,0,Website,10,0,Other,Cybersecurity,0,No Offer
CUST_01887,49,Male,Pune,Large,Education,462.4040678223994,2488,14.011330157751402,10,10,0,5,6,1,1,0,0,0,1,Referral,15,1,Other,Cybersecurity,1,Cybersecurity
CUST_01888,30,Male,Surat,Large,Manufacturing,239.9281314168781,3339,24.32640202393363,9,7,0,1,3,3,1,1,0,0,1,Email Campaign,15,1,Other,Data Analytics,1,Data Analytics
CUST_01889,47,Female,Surat,Medium,IT,17.845178150474666,202,1.8492639838280005,10,15,0,2,3,1,0,0,1,0,3,Email Campaign,0,1,Other,Cybersecurity,1,Cybersecurity
CUST_01890,30,Female,Ahmedabad,Small,IT,3.169947616352464,18,0.2981689853246597,8,9,1,2,2,3,1,1,1,0,1,LinkedIn,10,1,Other,AI Solutions,1,AI Solutions
CUST_01891,36,Female,Surat,Small,Education,5.397013587594501,41,0.56995603699755,0,8,0,2,4,1,0,1,0,0,0,Cold Call,0,1,Other,Cloud Services,1,Cloud Services
CUST_01892,31,Male,Pune,Medium,IT,24.511009816399483,121,1.2271981905795455,3,8,1,3,4,2,0,0,1,0,2,Referral,10,1,Other,Cybersecurity,1,Cybersecurity
CUST_01893,45,Male,Mumbai,Medium,Education,11.922115175958064,159,1.3373486988480805,5,10,0,4,8,1,1,0,0,0,1,Email Campaign,10,1,Other,Cybersecurity,1,Cybersecurity
CUST_01894,29,Male,Delhi,Small,Education,7.5941955040332765,86,0.5338315089463823,6,5,1,2,2,2,1,0,0,0,2,Website,10,0,Other,Cybersecurity,0,No Offer
CUST_01895,45,Male,Mumbai,Small,Logistics,12.773741350496271,79,1.07614235061752,10,9,0,3,7,1,0,0,0,0,2,LinkedIn,10,1,Other,Cybersecurity,1,Cybersecurity
CUST_01896,37,Female,Kolkata,Medium,IT,65.9156760917215,439,4.612325755587333,4,14,0,2,4,5,0,0,1,0,0,Referral,5,0,Other,Cybersecurity,0,No Offer
CUST_01897,47,Female,Surat,Small,Logistics,4.027897801018182,39,0.3499129250583633,5,8,0,5,3,3,1,0,0,0,2,Email Campaign,5,0,Other,Cybersecurity,0,No Offer
CUST_01898,48,Female,Vadodara,Medium,IT,57.27586218494879,435,5.990385468279514,0,8,1,2,4,6,1,0,0,0,1,Email Campaign,0,1,Other,Cybersecurity,1,Cybersecurity
CUST_01899,58,Female,Ahmedabad,Medium,Retail,13.280127557440034,233,1.734400814375993,10,8,0,3,12,1,1,0,0,0,1,LinkedIn,10,0,Other,Cybersecurity,0,No Offer
CUST_01900,25,Male,Delhi,Medium,Education,25.029723017109426,436,2.2029211612526898,4,10,1,4,4,3,0,0,0,1,2,Email Campaign,0,1,Other,Cybersecurity,1,Cybersecurity
CUST_01901,45,Male,Ahmedabad,Small,Healthcare,6.553613053672562,95,0.4508024591110949,1,9,1,1,10,3,1,1,0,0,1,Email Campaign,15,1,Other,Data Analytics,1,Data Analytics
CUST_01902,40,Male,Surat,Small,Education,16.370490573371097,99,1.449656468717251,10,6,0,5,2,1,1,0,0,0,2,Cold Call,5,1,Other,Cybersecurity,1,Cybersecurity
CUST_01903,57,Female,Bangalore,Small,Healthcare,5.123095507220507,23,0.577149700027417,1,8,1,8,8,0,0,0,0,0,0,Website,10,1,Other,Cybersecurity,1,Cybersecurity
CUST_01904,60,Female,Surat,Small,IT,6.632902760374477,65,0.474942939730555,0,4,1,1,4,1,1,1,0,0,0,Referral,20,1,Other,Data Analytics,1,Data Analytics
CUST_01905,31,Male,Delhi,Medium,Manufacturing,9.82431810843034,173,0.7831342098973002,9,10,0,1,8,2,0,0,1,0,1,Email Campaign,10,1,Other,Cybersecurity,1,Cybersecurity
CUST_01906,46,Male,Hyderabad,Medium,Finance,75.92326648254317,396,7.405614484125111,8,8,1,3,6,1,0,0,1,0,1,Cold Call,15,0,Other,Cybersecurity,0,No Offer
CUST_01907,39,Male,Delhi,Small,Logistics,19.23312895868816,87,1.2555600391094917,3,6,0,4,8,1,0,0,1,0,1,Email Campaign,15,0,Other,Cybersecurity,0,No Offer
CUST_01908,40,Male,Chennai,Small,IT,7.685821148209414,99,0.4234131102174227,3,15,1,5,4,0,0,0,0,1,1,Referral,0,0,Other,Cybersecurity,1,Cybersecurity
CUST_01909,57,Male,Vadodara,Small,Finance,7.501822812096722,59,0.3514384488902349,8,6,0,1,1,2,0,0,0,0,1,Referral,10,1,Other,Cybersecurity,1,Cybersecurity
CUST_01910,31,Male,Surat,Large,Retail,279.494251595582,3419,20.21112314854181,4,8,1,0,7,0,1,1,0,0,0,Website,5,0,Other,Data Analytics,1,Data Analytics
CUST_01911,54,Male,Chennai,Medium,Healthcare,23.8046763647056,334,0.8522347600156309,3,3,0,3,6,0,1,0,0,0,1,Email Campaign,5,0,Other,Cybersecurity,0,No Offer
CUST_01912,26,Female,Hyderabad,Large,Logistics,674.1653049788655,3753,67.42860021763997,6,4,0,1,4,0,1,1,0,1,1,Website,5,1,Other,Data Analytics,1,Data Analytics
CUST_01913,56,Female,Pune,Large,Retail,256.9001964735857,1055,13.129943976564524,4,12,0,3,2,0,1,0,0,0,2,Email Campaign,10,1,Other,Cybersecurity,1,Cybersecurity
CUST_01914,55,Male,Pune,Medium,Manufacturing,39.53985565144448,213,2.976851943023745,7,11,0,5,4,2,0,1,0,0,2,LinkedIn,15,1,Other,Cloud Services,1,Cloud Services
CUST_01915,54,Male,Vadodara,Medium,Manufacturing,96.06858076643267,389,5.985719877224774,2,10,0,3,3,0,1,1,0,1,1,Website,0,0,Other,Data Analytics,0,No Offer
CUST_01916,42,Male,Kolkata,Small,Education,13.00351024533554,95,1.373779193665866,7,14,1,2,7,3,1,1,0,0,2,Cold Call,0,1,Other,Data Analytics,1,Data Analytics
CUST_01917,38,Male,Vadodara,Medium,Logistics,52.57243632829309,229,6.941742267189645,10,6,0,4,4,5,1,1,1,1,0,Referral,15,1,Other,Advanced IT Solutions,1,Advanced IT Solutions
CUST_01918,43,Male,Vadodara,Small,Logistics,2.639488503064567,29,0.2797755537255212,5,5,0,2,9,2,0,0,0,0,1,Email Campaign,0,0,Other,Cybersecurity,0,No Offer
CUST_01919,58,Male,Vadodara,Large,Logistics,335.38162096703905,4558,31.894990512342066,8,9,0,4,5,1,0,1,1,1,4,Website,5,1,Other,Cloud Services,1,Cloud Services
CUST_01920,36,Female,Vadodara,Small,IT,12.57326467204416,66,1.386705973232169,5,8,0,2,5,3,1,0,0,1,1,Website,5,0,Other,Cybersecurity,0,No Offer
CUST_01921,56,Female,Vadodara,Medium,Real Estate,59.65519976281304,480,2.0043476912762577,3,8,1,5,8,4,1,0,0,0,2,LinkedIn,0,1,Other,Cybersecurity,1,Cybersecurity
CUST_01922,49,Male,Mumbai,Small,Real Estate,11.013139493293773,97,0.4927428312606778,1,10,1,1,3,3,0,0,0,0,4,Referral,5,1,Other,Cybersecurity,0,No Offer
CUST_01923,28,Female,Hyderabad,Large,Education,94.15487507136066,511,3.897189697387609,10,6,0,1,5,3,1,0,1,0,1,Referral,10,0,Other,Cybersecurity,0,No Offer
CUST_01924,53,Male,Delhi,Small,Manufacturing,4.084388292386417,35,0.1706606912671759,2,5,0,1,5,3,1,0,0,0,2,LinkedIn,20,1,Other,Cybersecurity,1,Cybersecurity
CUST_01925,32,Male,Surat,Medium,Manufacturing,77.48497982581073,471,4.746578444809131,6,4,0,0,4,2,0,0,0,0,3,Cold Call,5,0,Other,Cybersecurity,0,No Offer
CUST_01926,31,Female,Chennai,Medium,Education,21.208967101686348,193,1.9903824794720213,9,12,0,2,2,3,0,0,1,1,2,Referral,5,1,Other,Cybersecurity,1,Cybersecurity
CUST_01927,30,Female,Vadodara,Small,Retail,17.160375964306777,83,0.7509687596408032,4,7,1,3,3,4,1,1,0,0,2,LinkedIn,5,1,Other,Data Analytics,1,Data Analytics
CUST_01928,35,Female,Kolkata,Medium,Finance,50.727428312677446,451,7.2141479000549396,6,12,0,3,5,3,1,1,0,1,3,Email Campaign,20,1,Other,Data Analytics,1,Data Analytics
CUST_01929,34,Female,Ahmedabad,Large,Healthcare,587.4896177409712,3742,77.84872882551714,6,5,0,3,4,2,0,1,0,0,1,Website,0,1,Other,Cloud Services,1,Cloud Services
CUST_01930,46,Female,Surat,Small,Manufacturing,4.480087772630993,82,0.6567688718532999,5,7,0,3,4,1,1,0,1,0,2,Website,5,1,Other,Cybersecurity,1,Cybersecurity
CUST_01931,23,Female,Ahmedabad,Large,Education,1007.9787059775808,4838,35.38005803360169,1,10,1,3,5,0,0,1,0,0,1,Cold Call,0,0,Other,Cloud Services,0,No Offer
CUST_01932,56,Female,Chennai,Medium,Manufacturing,45.08349673577836,259,5.958608835375539,4,11,1,1,10,1,1,0,1,1,0,Website,5,1,Other,Cybersecurity,1,Cybersecurity
CUST_01933,28,Male,Chennai,Large,Retail,295.8565978182472,3345,37.41050142783303,10,7,1,4,5,1,1,1,0,0,1,Referral,5,1,Other,Data Analytics,1,Data Analytics
CUST_01934,42,Female,Surat,Small,Logistics,4.095285709601021,44,0.5661843219904782,9,6,1,1,5,2,1,0,1,0,0,Referral,0,0,Other,Cybersecurity,0,No Offer
CUST_01935,39,Other,Kolkata,Medium,Logistics,16.399773392154305,160,1.530972967364275,5,10,0,7,3,2,1,1,0,0,0,Referral,0,0,Other,Data Analytics,1,Data Analytics
CUST_01936,24,Female,Mumbai,Large,Real Estate,506.3323420752413,3063,63.06201648241711,7,2,1,2,3,3,1,1,0,0,2,LinkedIn,5,1,Other,Data Analytics,1,Data Analytics
CUST_01937,60,Male,Pune,Small,Healthcare,3.672255132227905,23,0.1327682746726782,0,7,0,3,8,2,1,1,0,0,0,Website,5,0,Other,Data Analytics,0,No Offer
CUST_01938,32,Female,Chennai,Medium,Real Estate,51.233871780976784,489,2.0035177059228992,9,8,0,3,3,2,0,0,0,0,0,Cold Call,0,0,Other,Cybersecurity,0,No Offer
CUST_01939,60,Male,Kolkata,Small,Logistics,6.797248502234426,36,0.3006006267383622,6,6,1,1,2,3,1,0,0,1,1,Referral,5,1,Other,Cybersecurity,1,Cybersecurity
CUST_01940,45,Male,Chennai,Small,Logistics,15.718768089885492,69,2.197085521903904,4,11,0,1,4,1,0,0,0,0,1,LinkedIn,20,0,Other,Cybersecurity,0,No Offer
CUST_01941,40,Male,Bangalore,Medium,Retail,27.942673472616864,476,1.043388422957767,6,6,1,2,5,3,1,0,0,0,2,Email Campaign,15,1,Other,Cybersecurity,1,Cybersecurity
CUST_01942,25,Female,Pune,Medium,Real Estate,58.17954681813783,436,2.444584893832767,2,6,1,9,6,2,0,1,0,0,2,LinkedIn,10,0,Other,Cloud Services,1,Cloud Services
CUST_01943,47,Female,Chennai,Medium,Finance,77.77255492983147,461,11.016423945389924,3,5,1,4,2,0,0,1,0,0,3,Email Campaign,0,1,Other,Cloud Services,1,Cloud Services
CUST_01944,59,Male,Kolkata,Small,Retail,16.22684294861779,97,0.6959223955672091,1,10,1,4,1,0,0,0,1,0,1,Referral,10,0,Other,Cybersecurity,0,No Offer
CUST_01945,53,Male,Chennai,Small,Healthcare,4.851636245811195,90,0.6519180294445693,5,15,0,5,7,1,0,0,1,0,0,Cold Call,15,0,Other,Cybersecurity,0,No Offer
CUST_01946,60,Male,Ahmedabad,Small,Logistics,4.052981379467725,44,0.5054574182689433,4,9,1,4,5,3,0,1,0,0,0,Referral,0,1,Other,Cloud Services,0,No Offer
CUST_01947,57,Female,Surat,Medium,Real Estate,20.83029218364972,334,0.7255990364130758,0,6,1,5,3,3,1,1,1,0,3,Email Campaign,10,1,Other,AI Solutions,1,AI Solutions
CUST_01948,58,Male,Surat,Large,Healthcare,499.2411082264399,3048,16.28608748299821,0,10,0,2,4,0,0,1,1,0,0,Website,5,1,Other,Cloud Services,1,Cloud Services
CUST_01949,54,Male,Chennai,Medium,Manufacturing,35.4574395517109,198,3.3374884432196947,7,13,0,1,11,3,0,0,0,1,0,Email Campaign,5,0,Other,Cybersecurity,0,No Offer
CUST_01950,57,Male,Kolkata,Small,Finance,2.37650454785617,29,0.3556701622831292,7,8,0,7,7,1,1,0,0,0,1,LinkedIn,10,0,Other,Cybersecurity,0,No Offer
CUST_01951,24,Male,Ahmedabad,Large,IT,172.22148465364825,1477,23.329056731287547,5,6,0,3,5,2,0,1,0,0,2,Email Campaign,10,1,Other,Cloud Services,1,Cloud Services
CUST_01952,30,Male,Mumbai,Medium,Manufacturing,38.4989685601678,332,2.587248186270652,10,12,1,2,7,2,0,1,1,0,1,LinkedIn,15,1,Other,Cloud Services,1,Cloud Services
CUST_01953,29,Female,Mumbai,Medium,Logistics,70.17903295228979,328,5.358668005059741,8,6,0,1,2,1,1,0,1,0,4,Website,10,1,Other,Cybersecurity,1,Cybersecurity
CUST_01954,54,Male,Ahmedabad,Small,Education,8.448528686053534,95,0.6467240529867785,0,6,0,2,8,3,1,0,1,1,2,Website,10,1,Other,Cybersecurity,1,Cybersecurity
CUST_01955,27,Female,Delhi,Medium,Retail,67.85670031268097,425,8.013975235794696,9,10,0,2,4,1,0,0,1,0,0,LinkedIn,10,0,Other,Cybersecurity,0,No Offer
CUST_01956,60,Male,Kolkata,Small,Real Estate,13.014987457511143,63,0.923230243394995,7,3,1,7,6,4,0,0,0,0,3,Website,5,1,Other,Cybersecurity,1,Cybersecurity
CUST_01957,25,Male,Mumbai,Small,Real Estate,11.01169756754989,51,0.5256505119749343,1,5,0,4,8,3,1,0,0,0,0,Cold Call,0,0,Other,Cybersecurity,0,No Offer
CUST_01958,34,Male,Delhi,Small,Retail,4.399517252566719,24,0.5264149496070507,7,9,1,1,8,1,0,1,1,0,2,Cold Call,0,1,Other,Cloud Services,1,Cloud Services
CUST_01959,23,Female,Kolkata,Small,Healthcare,10.111310641618646,92,0.8590759026232716,2,10,1,3,8,2,1,1,0,0,1,Cold Call,10,1,Other,Data Analytics,1,Data Analytics
CUST_01960,26,Female,Ahmedabad,Small,Education,15.237261362569756,71,0.5975055384645195,5,8,1,1,8,2,0,0,0,0,1,Website,0,1,Other,Cybersecurity,1,Cybersecurity
CUST_01961,48,Female,Vadodara,Small,Healthcare,7.937328216801013,40,0.9906283461179926,6,6,0,4,3,2,1,0,1,0,1,Referral,0,1,Other,Cybersecurity,1,Cybersecurity
CUST_01962,53,Female,Delhi,Small,Education,13.362567873609771,70,1.3394284152150846,2,6,1,5,7,4,0,1,0,0,3,Cold Call,15,1,Other,Cloud Services,1,Cloud Services
CUST_01963,42,Male,Delhi,Medium,Healthcare,15.73983578469636,248,1.3965062116766895,1,7,0,3,6,2,0,1,0,0,1,Website,20,0,Other,Cloud Services,0,No Offer
CUST_01964,29,Female,Chennai,Small,IT,4.574932138164173,78,0.506907879592366,0,9,1,5,4,1,1,0,0,1,3,Website,10,1,Other,Cybersecurity,1,Cybersecurity
CUST_01965,59,Female,Hyderabad,Medium,IT,66.74279001773151,353,6.049841596879215,4,7,0,2,4,1,1,0,1,0,2,Referral,0,0,Other,Cybersecurity,0,No Offer
CUST_01966,29,Male,Hyderabad,Small,Manufacturing,6.929809847156799,29,0.7471056946097724,0,7,0,7,6,1,1,1,1,1,0,Referral,15,0,Other,Advanced IT Solutions,1,Advanced IT Solutions
CUST_01967,24,Female,Kolkata,Large,IT,828.602147374208,4047,111.11440900269427,0,12,1,0,3,2,1,1,0,1,1,Website,10,1,Other,Data Analytics,1,Data Analytics
CUST_01968,24,Male,Chennai,Large,Education,535.330405414376,2475,55.47185961144809,4,6,0,3,3,0,0,1,0,0,3,Referral,15,0,Other,Cloud Services,0,No Offer
CUST_01969,43,Male,Surat,Small,Healthcare,10.970755475727108,69,1.1974805571070666,2,9,0,0,7,0,1,1,0,1,1,Website,5,1,Other,Data Analytics,1,Data Analytics
CUST_01970,27,Male,Pune,Medium,Education,18.7450116701769,169,1.943159052317243,9,3,0,5,2,1,1,1,0,0,2,Referral,10,1,Other,Data Analytics,1,Data Analytics
CUST_01971,23,Male,Vadodara,Small,Manufacturing,11.13284276120261,60,1.0436101959147253,2,8,0,5,7,1,0,1,0,0,0,Website,15,1,Other,Cloud Services,1,Cloud Services
CUST_01972,44,Male,Pune,Large,Manufacturing,591.4196942529073,3074,29.947535313873065,10,7,1,3,6,2,1,0,0,0,1,Referral,10,1,Other,Cybersecurity,1,Cybersecurity
CUST_01973,23,Male,Delhi,Medium,Logistics,45.71268380168394,247,3.2127476315666126,6,8,1,0,5,5,1,1,0,0,1,Cold Call,20,1,Other,Data Analytics,0,No Offer
CUST_01974,59,Male,Bangalore,Small,Finance,4.786836226877282,20,0.5417409805011221,2,9,1,1,3,2,1,0,0,0,1,LinkedIn,5,1,Other,Cybersecurity,0,No Offer
CUST_01975,38,Male,Mumbai,Small,IT,8.146763239092145,66,0.6603532697955745,1,6,1,1,7,3,0,0,0,0,1,Referral,15,0,Other,Cybersecurity,0,No Offer
CUST_01976,56,Female,Mumbai,Small,Retail,0.6951780934938805,12,0.0547351818703594,2,8,1,2,2,4,0,0,0,0,2,Email Campaign,0,0,Other,Cybersecurity,0,No Offer
CUST_01977,55,Female,Chennai,Small,Retail,10.657688045368168,46,1.2907772620842644,10,5,1,3,7,7,0,1,1,0,4,Website,15,1,Other,Cloud Services,1,Cloud Services
CUST_01978,44,Male,Hyderabad,Medium,Finance,12.06867409430999,147,0.3701252745025321,3,8,0,5,2,2,1,0,0,0,2,Website,10,0,Other,Cybersecurity,0,No Offer
CUST_01979,51,Male,Bangalore,Medium,Healthcare,68.58584777165012,362,7.645904880337201,8,3,0,6,3,0,1,0,0,0,1,Website,5,0,Other,Cybersecurity,0,No Offer
CUST_01980,29,Male,Chennai,Small,Finance,6.739226638636107,30,0.597817798977639,1,8,1,2,2,0,0,0,0,0,5,LinkedIn,0,0,Other,Cybersecurity,0,No Offer
CUST_01981,43,Female,Delhi,Small,Healthcare,9.970516884660508,89,0.7498976278788188,5,10,1,3,7,3,1,1,0,0,2,Website,10,0,Other,Data Analytics,0,No Offer
CUST_01982,57,Male,Bangalore,Small,Real Estate,11.020235456720249,51,0.7809423006425645,4,12,1,1,3,1,1,1,0,0,1,Website,10,0,Other,Data Analytics,0,No Offer
CUST_01983,26,Male,Mumbai,Small,IT,1.1641162525428883,10,0.0590731484278215,5,6,0,3,6,0,0,0,1,1,2,Cold Call,10,0,Other,Cybersecurity,0,No Offer
CUST_01984,34,Male,Kolkata,Large,IT,986.8237421832562,4725,69.18645920116055,4,8,1,2,6,1,1,0,0,0,1,Cold Call,10,1,Other,Cybersecurity,1,Cybersecurity
CUST_01985,50,Female,Delhi,Small,Manufacturing,2.11087709562659,33,0.1624746673787506,5,5,0,1,8,0,1,1,0,0,3,Referral,0,0,Other,Data Analytics,0,No Offer
CUST_01986,52,Male,Chennai,Medium,Manufacturing,48.70207332849592,269,4.017622522010831,3,5,0,5,5,1,1,0,1,0,2,Cold Call,15,1,Other,Cybersecurity,1,Cybersecurity
CUST_01987,37,Male,Surat,Small,Manufacturing,18.171906379344406,98,2.01119530315891,7,7,0,5,2,2,0,1,1,0,2,Referral,0,0,Other,Cloud Services,0,No Offer
CUST_01988,51,Male,Ahmedabad,Small,Real Estate,2.3725626562590607,16,0.2003119592050967,8,6,0,1,4,2,1,0,1,1,1,LinkedIn,10,1,Other,Cybersecurity,1,Cybersecurity
CUST_01989,37,Male,Delhi,Medium,Manufacturing,43.66843425600233,233,5.482751682247743,9,10,0,5,5,4,1,0,0,0,2,Website,15,1,Other,Cybersecurity,1,Cybersecurity
CUST_01990,33,Female,Delhi,Medium,Retail,105.11725688162414,448,11.22321811533173,6,10,0,4,5,7,1,1,0,1,1,LinkedIn,20,1,Other,Data Analytics,1,Data Analytics
CUST_01991,38,Female,Surat,Small,Logistics,8.657922459720407,44,0.4567196913335248,10,10,1,3,8,0,1,1,0,0,1,Email Campaign,0,0,Other,Data Analytics,0,No Offer
CUST_01992,37,Female,Vadodara,Medium,Manufacturing,44.81795307243242,185,2.835218702192901,0,10,1,5,6,2,1,0,0,0,2,LinkedIn,5,1,Other,Cybersecurity,1,Cybersecurity
CUST_01993,33,Female,Kolkata,Medium,Real Estate,48.90286196964502,350,1.9321473021793192,4,13,0,2,3,1,0,1,0,0,1,Email Campaign,5,0,Other,Cloud Services,0,No Offer
CUST_01994,29,Male,Surat,Small,Manufacturing,12.7639679999449,82,1.8314585060015087,6,7,0,4,6,1,1,0,1,0,0,LinkedIn,10,0,Other,Cybersecurity,0,No Offer
CUST_01995,41,Female,Pune,Medium,Manufacturing,11.302251339229551,110,1.5414695038290565,4,7,0,2,9,1,1,1,1,0,0,Email Campaign,10,1,Other,AI Solutions,1,AI Solutions
CUST_01996,24,Female,Pune,Medium,Healthcare,44.2345397072711,179,1.7771468314264758,4,7,0,1,3,1,0,1,1,0,3,Email Campaign,5,1,Other,Cloud Services,1,Cloud Services
CUST_01997,37,Male,Delhi,Small,Education,3.2344493927094877,53,0.3198518602805125,4,11,1,4,9,2,0,0,1,1,3,Email Campaign,15,1,Other,Cybersecurity,1,Cybersecurity
CUST_01998,51,Female,Vadodara,Medium,Manufacturing,26.414126124569567,217,3.8366047565757673,4,10,0,2,7,0,1,1,0,1,4,Email Campaign,10,1,Other,Data Analytics,1,Data Analytics
CUST_01999,44,Male,Mumbai,Small,Real Estate,3.8338801533802895,35,0.4587511142952981,10,10,1,2,2,1,1,0,0,1,4,Email Campaign,15,1,Other,Cybersecurity,1,Cybersecurity
CUST_02000,49,Male,Vadodara,Small,Finance,7.256233529659831,57,0.6459315017520622,4,14,0,1,10,2,1,0,0,0,0,Email Campaign,20,1,Other,Cybersecurity,1,Cybersecurity
CUST_02001,26,Female,Pune,Medium,Manufacturing,82.90796809691047,355,4.885962112388238,0,6,0,5,3,1,1,0,0,0,5,LinkedIn,10,1,Other,Cybersecurity,1,Cybersecurity
CUST_02002,41,Female,Vadodara,Large,Manufacturing,586.765157640648,4747,37.25046273093885,5,6,1,3,6,5,1,1,0,0,1,Referral,15,1,Other,Data Analytics,1,Data Analytics
CUST_02003,22,Female,Vadodara,Large,Retail,327.92043940870013,1405,38.80891001488443,10,3,1,5,6,2,0,1,0,0,1,Website,15,1,Other,Cloud Services,1,Cloud Services
CUST_02004,51,Male,Kolkata,Small,Education,7.810730795293152,58,0.965945522831204,10,8,0,1,9,3,0,0,1,0,0,Email Campaign,20,0,Other,Cybersecurity,0,No Offer
CUST_02005,42,Female,Delhi,Small,Manufacturing,8.617196399917624,39,0.8052183973489261,5,7,0,3,3,1,1,0,0,0,0,Cold Call,10,1,Other,Cybersecurity,1,Cybersecurity
CUST_02006,41,Male,Kolkata,Medium,Education,19.911152541317254,129,0.8863219417083207,7,3,0,1,4,2,0,0,0,0,1,Email Campaign,0,0,Other,Cybersecurity,0,No Offer
CUST_02007,27,Male,Mumbai,Small,Healthcare,8.869374926167376,79,1.2600206962711522,4,6,0,2,4,0,1,1,1,0,2,Email Campaign,0,1,Other,AI Solutions,1,AI Solutions
CUST_02008,43,Other,Mumbai,Medium,IT,47.55578632981634,340,6.24747632242813,1,6,0,3,8,0,0,0,0,0,1,Referral,15,1,Other,Cybersecurity,1,Cybersecurity
CUST_02009,39,Female,Pune,Medium,Education,48.015932823248086,356,2.250250053438488,6,5,0,4,9,5,1,0,0,0,0,Referral,15,0,Other,Cybersecurity,0,No Offer
CUST_02010,29,Male,Chennai,Large,Education,254.1411685434386,2492,9.354252783353015,0,8,1,2,4,3,0,1,0,0,2,Email Campaign,5,0,Other,Cloud Services,0,No Offer
CUST_02011,60,Female,Surat,Small,Manufacturing,7.770797711883458,72,0.7328182549145743,4,5,0,3,3,2,1,0,0,0,1,Referral,0,0,Other,Cybersecurity,0,No Offer
CUST_02012,53,Male,Hyderabad,Small,Logistics,2.094978822293061,24,0.1342820966673042,4,3,1,3,7,3,0,1,1,0,1,Email Campaign,10,0,Other,Cloud Services,0,No Offer
CUST_02013,54,Male,Delhi,Large,Manufacturing,559.2789317989415,4772,35.78823934361706,2,4,1,5,2,0,1,0,0,0,2,Website,10,1,Other,Cybersecurity,1,Cybersecurity
CUST_02014,37,Male,Chennai,Medium,Manufacturing,73.62496863358021,421,2.9793515026578032,1,4,1,8,6,3,1,0,1,0,2,Cold Call,0,1,Other,Cybersecurity,1,Cybersecurity
CUST_02015,33,Other,Delhi,Large,Retail,74.22268247154301,583,10.71822296905209,10,6,0,2,6,1,0,0,1,0,1,Email Campaign,10,0,Other,Cybersecurity,0,No Offer
CUST_02016,59,Male,Surat,Small,Logistics,8.275979613966113,43,1.0727322719801786,3,10,0,5,6,2,0,0,0,0,5,LinkedIn,0,1,Other,Cybersecurity,1,Cybersecurity
CUST_02017,55,Female,Surat,Medium,IT,113.80199161129168,460,4.9686121407072985,6,6,0,7,7,3,0,0,0,0,0,Website,0,0,Other,Cybersecurity,0,No Offer
CUST_02018,35,Male,Bangalore,Medium,Retail,14.799585475833846,118,2.0007833710581044,9,11,1,2,7,2,0,1,1,0,1,Cold Call,0,1,Other,Cloud Services,1,Cloud Services
CUST_02019,57,Female,Kolkata,Small,Real Estate,10.40453252570841,73,1.1648365955190112,2,7,0,3,2,3,1,0,1,0,1,Email Campaign,0,1,Other,Cybersecurity,0,No Offer
CUST_02020,54,Male,Pune,Medium,Retail,17.47544862320972,211,1.2067310321943,5,10,1,4,2,1,0,0,0,0,3,LinkedIn,0,1,Other,Cybersecurity,1,Cybersecurity
CUST_02021,44,Female,Bangalore,Medium,Retail,39.94579077547347,311,5.374708806426058,6,10,0,2,6,2,1,0,0,0,1,LinkedIn,0,0,Other,Cybersecurity,0,No Offer
CUST_02022,23,Male,Mumbai,Small,Logistics,10.354423978381202,53,1.0536937530442554,1,9,0,5,4,1,0,0,0,0,1,Email Campaign,10,0,Other,Cybersecurity,0,No Offer
CUST_02023,42,Female,Hyderabad,Small,Healthcare,1.963100158918344,21,0.258815873521395,2,6,0,5,4,2,0,1,1,0,1,Email Campaign,0,0,Other,Cloud Services,0,No Offer
CUST_02024,23,Other,Pune,Medium,IT,13.739318747236288,159,1.1858701535032128,8,9,1,5,5,2,1,1,1,0,1,Referral,5,1,Other,AI Solutions,1,AI Solutions
CUST_02025,48,Female,Mumbai,Medium,Healthcare,59.1297880724837,472,5.326300430538996,0,7,1,4,2,1,1,0,0,0,1,Website,0,0,Other,Cybersecurity,0,No Offer
CUST_02026,30,Male,Vadodara,Large,Healthcare,202.82967238922544,949,13.167946442965132,7,7,1,2,10,2,1,0,0,0,2,Website,10,1,Other,Cybersecurity,1,Cybersecurity
CUST_02027,22,Female,Kolkata,Small,IT,13.104857845672251,75,1.002824649259136,0,8,0,2,4,3,0,0,0,0,2,Referral,15,0,Other,Cybersecurity,0,No Offer
CUST_02028,32,Male,Kolkata,Small,Healthcare,2.4151587551732128,10,0.2370001283179241,2,8,1,3,5,2,0,1,0,0,0,Website,0,0,Other,Cloud Services,0,No Offer
CUST_02029,24,Female,Kolkata,Large,Logistics,368.5293068288981,1596,52.93816871357706,5,10,0,3,5,2,1,0,1,0,2,Website,15,1,Other,Cybersecurity,1,Cybersecurity
CUST_02030,44,Female,Bangalore,Large,IT,109.02909009655728,1359,11.122507901309906,10,7,0,1,5,3,0,0,0,1,1,Referral,15,1,Other,Cybersecurity,1,Cybersecurity
CUST_02031,47,Male,Ahmedabad,Small,Education,4.505312728951106,77,0.2148375630762936,7,5,0,4,0,1,0,0,0,0,0,Cold Call,10,0,Other,Cybersecurity,0,No Offer
CUST_02032,25,Male,Chennai,Medium,Real Estate,41.41224404162532,319,1.2771346500862888,6,11,0,2,4,1,1,1,0,0,1,LinkedIn,15,1,Other,Data Analytics,1,Data Analytics
CUST_02033,39,Male,Surat,Small,Education,12.353271661098235,80,1.6320962489602433,2,5,0,3,3,1,1,0,1,0,0,Website,0,0,Other,Cybersecurity,0,No Offer
CUST_02034,27,Female,Hyderabad,Small,Manufacturing,4.74653781435603,31,0.3499102622793267,5,4,1,1,4,4,1,1,0,0,2,Email Campaign,0,1,Other,Data Analytics,1,Data Analytics
CUST_02035,56,Female,Surat,Small,Retail,7.605323901866895,99,0.5156098757380213,0,5,0,3,1,4,0,0,0,1,1,Website,15,1,Other,Cybersecurity,1,Cybersecurity
CUST_02036,43,Male,Ahmedabad,Small,Real Estate,2.8486124843750398,38,0.3591750953442088,7,13,0,1,6,1,0,1,0,0,2,Referral,0,1,Other,Cloud Services,1,Cloud Services
CUST_02037,36,Male,Vadodara,Large,Education,84.36782679244969,1421,12.102034576738712,8,9,0,4,2,3,0,0,0,0,1,Cold Call,15,1,Other,Cybersecurity,1,Cybersecurity
CUST_02038,43,Male,Vadodara,Medium,Education,43.594053071793866,198,5.221059665959006,8,6,1,2,4,0,0,1,1,0,0,Email Campaign,15,0,Other,Cloud Services,0,No Offer
CUST_02039,58,Male,Vadodara,Large,Healthcare,131.75185518749967,550,6.701120375078147,3,10,0,4,1,1,0,1,0,0,1,Email Campaign,0,1,Other,Cloud Services,1,Cloud Services
CUST_02040,33,Male,Pune,Medium,IT,15.066222832980436,206,1.1595777949775268,3,9,0,2,7,0,1,1,0,0,1,Referral,15,1,Other,Data Analytics,1,Data Analytics
CUST_02041,59,Female,Mumbai,Small,Finance,7.224708949366141,78,0.8751132906302997,6,12,0,4,6,2,1,0,1,0,2,Cold Call,10,1,Other,Cybersecurity,1,Cybersecurity
CUST_02042,39,Male,Mumbai,Medium,Healthcare,25.829579239853185,380,3.585948840559833,6,8,0,0,2,1,0,1,0,1,3,Website,5,0,Other,Cloud Services,0,No Offer
CUST_02043,56,Female,Vadodara,Large,Healthcare,282.3265436536651,1252,42.30155285527833,10,9,0,4,3,0,1,0,0,1,0,LinkedIn,5,1,Other,Cybersecurity,1,Cybersecurity
CUST_02044,51,Female,Hyderabad,Medium,Logistics,26.5915921377973,110,2.4301340436851477,5,9,0,0,2,2,1,1,0,0,1,Email Campaign,15,1,Other,Data Analytics,1,Data Analytics
CUST_02045,45,Male,Bangalore,Medium,IT,45.95933258953593,449,5.9151029804051145,6,10,0,1,5,2,1,1,0,0,1,LinkedIn,10,1,Other,Data Analytics,1,Data Analytics
CUST_02046,51,Female,Hyderabad,Large,Finance,386.7336635928529,3493,13.7660930338637,0,5,1,1,4,3,0,0,0,0,1,Cold Call,15,1,Other,Cybersecurity,1,Cybersecurity
CUST_02047,35,Male,Hyderabad,Small,Finance,5.88162897036422,48,0.3781826845436374,8,11,1,3,9,2,1,1,0,1,1,Cold Call,10,1,Other,Data Analytics,1,Data Analytics
CUST_02048,27,Male,Mumbai,Medium,Manufacturing,18.66110123264213,124,1.3917749444773728,5,9,0,5,2,1,1,1,0,0,3,Email Campaign,5,1,Other,Data Analytics,1,Data Analytics
CUST_02049,24,Male,Kolkata,Large,Healthcare,530.1973124575055,2843,77.97233389452578,7,7,1,1,6,5,0,1,0,0,2,LinkedIn,5,1,Other,Cloud Services,1,Cloud Services
CUST_02050,37,Male,Hyderabad,Large,Logistics,262.22616673930736,1738,7.97357340569657,4,11,1,3,6,4,1,1,0,0,2,Email Campaign,15,1,Other,Data Analytics,1,Data Analytics
CUST_02051,28,Male,Hyderabad,Small,Retail,21.85822878650759,91,1.4636813944356617,6,5,0,1,3,2,1,1,1,0,1,Website,10,1,Other,AI Solutions,1,AI Solutions
CUST_02052,35,Male,Surat,Medium,Education,25.542222472069405,365,3.618042305254913,2,5,0,0,6,0,1,0,0,0,0,LinkedIn,15,1,Other,Cybersecurity,1,Cybersecurity
CUST_02053,30,Male,Kolkata,Medium,Healthcare,37.74979844190227,180,2.5217389403886386,9,9,1,4,8,5,1,0,0,0,2,Website,15,1,Other,Cybersecurity,1,Cybersecurity
CUST_02054,36,Male,Mumbai,Small,Retail,11.222075343618643,96,0.6397482047064499,0,9,1,0,5,2,1,0,0,0,1,Website,0,1,Other,Cybersecurity,0,No Offer
CUST_02055,42,Male,Bangalore,Medium,Real Estate,26.105983824400383,208,3.0703409791234124,6,3,1,1,3,4,0,0,1,0,2,Email Campaign,10,1,Other,Cybersecurity,1,Cybersecurity
CUST_02056,56,Male,Chennai,Small,Retail,13.423612211943157,70,1.603325198291397,4,5,0,1,5,1,0,1,1,1,2,Website,0,0,Other,Cloud Services,0,No Offer
CUST_02057,23,Male,Mumbai,Small,Real Estate,14.388400740467423,61,1.2469181737721529,0,9,1,6,1,2,1,0,1,1,3,Website,15,1,Other,Cybersecurity,1,Cybersecurity
CUST_02058,48,Male,Mumbai,Small,Real Estate,11.014688875510776,57,1.5820408248277418,8,13,0,2,6,1,1,0,1,1,1,LinkedIn,10,1,Other,Cybersecurity,1,Cybersecurity
CUST_02059,23,Other,Hyderabad,Medium,IT,76.93954315345475,375,4.179729105874082,8,5,1,6,4,2,1,0,0,0,0,Website,15,0,Other,Cybersecurity,0,No Offer
CUST_02060,56,Male,Surat,Small,Healthcare,16.4127795714043,82,2.291386515958636,5,7,0,5,1,4,1,0,1,1,1,LinkedIn,0,1,Other,Cybersecurity,0,No Offer
CUST_02061,39,Female,Ahmedabad,Medium,IT,45.22150559391101,396,5.456470692877363,10,11,1,3,4,1,0,1,1,0,7,Email Campaign,15,1,Other,Cloud Services,1,Cloud Services
CUST_02062,35,Male,Vadodara,Small,Manufacturing,16.110886930915967,80,1.1951861615098458,8,5,1,1,2,1,1,1,0,0,2,Website,15,0,Other,Data Analytics,0,No Offer
CUST_02063,41,Female,Delhi,Small,Retail,2.275945672483564,11,0.2886559919123987,6,6,1,3,3,2,0,0,1,0,2,LinkedIn,0,1,Other,Cybersecurity,1,Cybersecurity
CUST_02064,39,Male,Surat,Small,Finance,4.073681667382666,26,0.1873252417149416,7,8,0,2,7,2,1,0,0,0,0,LinkedIn,15,0,Other,Cybersecurity,0,No Offer
CUST_02065,31,Female,Ahmedabad,Small,Retail,13.217504809602517,84,0.6042765523387008,10,7,0,3,6,7,0,0,0,0,0,Website,10,1,Other,Cybersecurity,1,Cybersecurity
CUST_02066,46,Female,Hyderabad,Medium,Manufacturing,77.14266935397376,382,10.92282066342806,1,6,0,2,3,2,1,0,0,0,3,LinkedIn,5,1,Other,Cybersecurity,1,Cybersecurity
CUST_02067,23,Male,Hyderabad,Medium,Retail,90.27081094418487,423,3.7348339249143856,1,9,0,5,4,1,1,0,0,0,2,LinkedIn,15,1,Other,Cybersecurity,1,Cybersecurity
CUST_02068,46,Female,Bangalore,Small,IT,3.523172652184023,30,0.1074199586795389,3,5,1,1,6,2,1,1,0,0,0,Referral,15,1,Other,Data Analytics,0,No Offer
CUST_02069,54,Male,Ahmedabad,Small,Real Estate,18.297182585810056,87,1.403094909891469,0,3,0,7,5,3,0,1,1,0,6,Referral,0,1,Other,Cloud Services,1,Cloud Services
CUST_02070,57,Male,Pune,Medium,Healthcare,58.10581176447745,273,2.4672957735636167,7,10,0,3,3,1,1,1,0,0,2,Referral,20,1,Other,Data Analytics,1,Data Analytics
CUST_02071,52,Female,Vadodara,Small,Finance,5.809507691022953,60,0.7759432881470032,4,9,0,3,5,3,0,0,0,0,2,Website,10,0,Other,Cybersecurity,0,No Offer
CUST_02072,35,Female,Delhi,Large,IT,632.9659578843224,3273,89.07300876493649,6,9,0,3,4,2,0,0,1,0,2,Cold Call,10,1,Other,Cybersecurity,1,Cybersecurity
CUST_02073,22,Male,Bangalore,Medium,Education,21.39016216997176,245,1.8800062453375792,1,9,1,2,2,1,1,0,0,0,2,Referral,10,0,Other,Cybersecurity,0,No Offer
CUST_02074,37,Male,Surat,Small,Real Estate,3.087442016893164,45,0.2502575030676511,4,14,0,3,2,1,0,1,0,0,1,Email Campaign,5,1,Other,Cloud Services,1,Cloud Services
CUST_02075,24,Female,Surat,Small,Healthcare,9.894516144602733,60,0.936859423733878,8,7,0,3,5,2,1,1,1,0,1,Referral,5,0,Other,AI Solutions,0,No Offer
CUST_02076,56,Female,Ahmedabad,Medium,Finance,46.80954883084932,202,2.6748546653603222,8,4,0,2,6,3,0,0,0,0,1,Email Campaign,15,0,Other,Cybersecurity,0,No Offer
CUST_02077,27,Female,Vadodara,Small,Manufacturing,1.484386922333969,26,0.0976072030293377,1,5,0,2,1,2,0,1,1,1,5,Cold Call,10,1,Other,Cloud Services,1,Cloud Services
CUST_02078,46,Female,Vadodara,Small,Retail,21.09943209686047,98,0.8886502771410576,10,10,0,3,2,3,1,1,1,1,2,Referral,10,1,Other,Advanced IT Solutions,1,Advanced IT Solutions
CUST_02079,34,Male,Surat,Small,Finance,10.590596949849092,70,0.8850986652775353,1,7,1,2,4,2,1,0,0,0,3,Website,5,1,Other,Cybersecurity,1,Cybersecurity
CUST_02080,55,Female,Pune,Medium,Logistics,104.42417217979562,470,10.797772122881074,4,10,1,3,8,1,0,0,1,0,2,Referral,10,0,Other,Cybersecurity,0,No Offer
CUST_02081,29,Male,Hyderabad,Medium,Education,40.45864660132874,185,5.730030597630035,2,6,1,4,7,3,0,1,0,0,2,Referral,10,1,Other,Cloud Services,1,Cloud Services
CUST_02082,42,Male,Vadodara,Small,Manufacturing,16.654244711281073,74,1.976671994517683,0,12,0,4,8,2,1,1,0,0,3,Website,0,1,Other,Data Analytics,1,Data Analytics
CUST_02083,55,Male,Ahmedabad,Medium,Healthcare,36.88323716400157,181,4.306768855239722,10,6,0,5,3,2,0,1,0,0,1,LinkedIn,15,1,Other,Cloud Services,1,Cloud Services
CUST_02084,25,Female,Surat,Small,Logistics,19.45526391093651,89,1.3027220483483295,0,13,0,1,8,1,1,0,0,0,0,Email Campaign,10,0,Other,Cybersecurity,0,No Offer
CUST_02085,46,Male,Hyderabad,Medium,Finance,11.67309067731298,137,1.5944881055054818,4,7,0,1,4,7,0,0,1,1,3,LinkedIn,5,0,Other,Cybersecurity,0,No Offer
CUST_02086,36,Female,Kolkata,Small,Manufacturing,9.19396227132403,83,1.3205718618866722,2,8,1,5,6,4,0,1,1,0,1,Email Campaign,10,1,Other,Cloud Services,1,Cloud Services
CUST_02087,25,Male,Mumbai,Medium,Healthcare,30.731137058375296,312,4.359874121029272,8,8,0,5,4,3,1,1,0,1,2,Website,15,1,Other,Data Analytics,1,Data Analytics
CUST_02088,33,Male,Hyderabad,Large,Logistics,869.9626510480177,4383,30.1497415903014,2,13,0,2,6,1,0,0,1,0,0,LinkedIn,10,1,Other,Cybersecurity,1,Cybersecurity
CUST_02089,53,Female,Vadodara,Small,Logistics,6.3775612860007485,79,0.653840825131516,2,9,0,7,6,3,0,0,1,1,2,Website,5,1,Other,Cybersecurity,1,Cybersecurity
CUST_02090,53,Male,Mumbai,Small,IT,4.840951252231232,56,0.5188871032902289,2,7,0,7,2,2,1,0,1,1,0,Cold Call,10,0,Other,Cybersecurity,0,No Offer
CUST_02091,49,Male,Vadodara,Small,Retail,4.290065938743381,19,0.280603857388863,0,5,0,4,4,6,0,1,0,0,0,Cold Call,15,0,Other,Cloud Services,0,No Offer
CUST_02092,34,Male,Ahmedabad,Small,Manufacturing,12.617644946449468,66,1.881157896507588,2,9,1,1,6,3,1,0,0,0,0,Website,0,1,Other,Cybersecurity,1,Cybersecurity
CUST_02093,52,Female,Chennai,Small,Logistics,20.031763606959743,89,1.300912709052556,4,8,1,0,10,2,1,1,1,0,1,LinkedIn,10,1,Other,AI Solutions,1,AI Solutions
CUST_02094,35,Male,Hyderabad,Large,IT,281.9710780323921,3621,15.78851907357532,7,8,1,1,7,2,0,0,1,0,0,Website,0,1,Other,Cybersecurity,1,Cybersecurity
CUST_02095,41,Male,Mumbai,Large,Education,329.5522494362293,2539,29.03272206208531,6,8,0,4,3,0,1,1,0,0,3,LinkedIn,10,1,Other,Data Analytics,1,Data Analytics
CUST_02096,39,Male,Ahmedabad,Small,Real Estate,7.144225679022656,67,0.4913633074103806,10,7,0,1,5,1,1,1,0,0,0,Website,15,1,Other,Data Analytics,1,Data Analytics
CUST_02097,50,Male,Vadodara,Medium,Education,16.82733432612129,324,2.3706943475936573,3,3,0,3,5,2,1,0,1,1,1,Email Campaign,15,0,Other,Cybersecurity,0,No Offer
CUST_02098,27,Male,Hyderabad,Medium,Healthcare,44.04469194014945,412,3.647306045498934,3,6,0,2,4,1,1,0,0,1,1,LinkedIn,0,0,Other,Cybersecurity,0,No Offer
CUST_02099,53,Male,Ahmedabad,Medium,Logistics,25.938829981488635,206,2.0548208473209093,3,9,0,1,5,5,1,1,0,1,0,Website,5,1,Other,Data Analytics,1,Data Analytics
CUST_02100,50,Male,Vadodara,Small,Logistics,6.502173107611527,95,0.6834008626040204,7,6,0,1,9,1,1,1,0,0,3,Referral,0,1,Other,Data Analytics,1,Data Analytics
CUST_02101,23,Other,Chennai,Small,Finance,6.205305439483832,38,0.2465601204728996,7,6,0,0,3,4,0,1,0,1,1,Referral,5,0,Other,Cloud Services,0,No Offer
CUST_02102,44,Male,Chennai,Medium,Logistics,24.567099303938168,194,2.967900993238535,1,5,1,6,3,0,1,1,0,0,2,Email Campaign,10,1,Other,Data Analytics,1,Data Analytics
CUST_02103,40,Male,Delhi,Small,Retail,4.269047936796655,72,0.5217112066874676,6,12,0,4,6,1,0,0,0,0,2,Email Campaign,0,1,Other,Cybersecurity,1,Cybersecurity
CUST_02104,52,Male,Bangalore,Medium,Healthcare,65.06135858399601,341,5.652732534875258,10,7,1,5,6,2,1,0,1,0,0,Referral,10,1,Other,Cybersecurity,1,Cybersecurity
CUST_02105,26,Male,Ahmedabad,Medium,Manufacturing,64.43661306674461,329,9.322931003953832,4,7,0,4,8,2,0,0,1,1,3,Website,10,1,Other,Cybersecurity,1,Cybersecurity
CUST_02106,40,Female,Bangalore,Small,Logistics,6.940617235004384,32,0.6907350391262612,1,10,1,7,10,2,0,0,0,1,0,Website,10,1,Other,Cybersecurity,1,Cybersecurity
CUST_02107,55,Male,Delhi,Small,Real Estate,5.737216678962464,39,0.6507631621029242,2,10,0,3,6,2,1,1,0,0,0,Referral,10,0,Other,Data Analytics,0,No Offer
CUST_02108,31,Male,Pune,Large,Retail,929.8366623662308,3815,131.03387926699483,10,10,0,2,3,0,0,0,1,0,0,Referral,15,1,Other,Cybersecurity,1,Cybersecurity
CUST_02109,46,Female,Hyderabad,Medium,Logistics,23.979721377368605,103,2.63684472249308,6,11,1,4,4,1,1,0,0,1,1,Website,15,1,Other,Cybersecurity,1,Cybersecurity
CUST_02110,23,Male,Vadodara,Large,IT,336.2471418920152,2098,27.511445563842997,5,12,1,6,7,2,1,0,0,0,2,Website,15,1,Other,Cybersecurity,1,Cybersecurity
CUST_02111,32,Male,Surat,Small,Retail,9.034375103902423,65,0.2978863042092138,5,9,1,3,1,4,0,1,1,0,1,Website,15,1,Other,Cloud Services,1,Cloud Services
CUST_02112,52,Male,Bangalore,Medium,IT,13.259004022113157,262,1.556552947295125,6,8,1,1,8,5,1,1,0,0,1,Website,5,1,Other,Data Analytics,1,Data Analytics
CUST_02113,36,Male,Bangalore,Medium,Healthcare,46.12773752348322,240,6.724682461120072,5,13,0,1,0,1,0,0,0,0,1,LinkedIn,5,1,Other,Cybersecurity,1,Cybersecurity
CUST_02114,30,Male,Ahmedabad,Large,Real Estate,104.4771674191704,641,9.029775069940428,10,9,1,4,6,2,1,0,0,0,1,Website,5,1,Other,Cybersecurity,1,Cybersecurity
CUST_02115,44,Male,Hyderabad,Small,Logistics,4.037650094652674,17,0.2857535275426756,1,7,0,2,1,1,1,1,0,0,0,Referral,15,0,Other,Data Analytics,0,No Offer
CUST_02116,40,Female,Ahmedabad,Small,Finance,16.378103229680136,97,1.5118812355451272,7,8,0,1,6,3,1,0,1,0,0,Website,5,0,Other,Cybersecurity,0,No Offer
CUST_02117,30,Female,Chennai,Small,Education,13.174274595262938,53,1.5468240506293756,6,10,0,1,5,2,1,0,1,0,0,Referral,0,1,Other,Cybersecurity,1,Cybersecurity
CUST_02118,56,Male,Bangalore,Large,Retail,609.9705296316544,2763,18.34965617921116,5,5,0,2,6,1,0,0,0,0,0,Website,0,0,Other,Cybersecurity,1,Cybersecurity
CUST_02119,42,Male,Hyderabad,Large,Finance,965.7669836979184,4012,131.7937842346387,4,13,0,5,9,2,1,0,1,0,0,Referral,0,1,Other,Cybersecurity,1,Cybersecurity
CUST_02120,30,Male,Kolkata,Large,Finance,485.9299232049748,4206,66.26312605637669,10,14,1,1,4,1,1,0,0,0,1,Referral,0,1,Other,Cybersecurity,1,Cybersecurity
CUST_02121,49,Male,Pune,Large,Education,136.49304301145168,1709,12.96079954643116,5,7,0,5,6,0,1,0,1,0,2,Cold Call,10,1,Other,Cybersecurity,1,Cybersecurity
CUST_02122,28,Male,Vadodara,Small,Retail,5.443734991734652,26,0.2432557583530959,2,11,0,3,7,0,0,0,0,0,5,Referral,0,0,Other,Cybersecurity,0,No Offer
CUST_02123,37,Female,Delhi,Small,Logistics,2.279633626532092,11,0.2521655383840014,1,6,1,3,3,2,1,1,1,0,0,Referral,10,1,Other,AI Solutions,1,AI Solutions
CUST_02124,37,Female,Pune,Small,Real Estate,9.13668900023015,99,0.425235024310065,8,4,0,3,4,0,1,1,0,0,1,Referral,0,0,Other,Data Analytics,0,No Offer
CUST_02125,54,Other,Delhi,Small,Retail,12.7857826420999,63,1.162299986323223,0,6,1,4,3,3,1,0,0,0,0,LinkedIn,15,1,Other,Cybersecurity,1,Cybersecurity
CUST_02126,25,Female,Bangalore,Large,Finance,320.3097428459414,1925,13.208163355131555,1,4,0,2,5,1,1,0,0,0,1,Email Campaign,10,1,Other,Cybersecurity,1,Cybersecurity
CUST_02127,25,Male,Pune,Large,Manufacturing,159.41344924940182,2217,16.050995966834506,10,13,0,1,1,2,1,0,1,0,2,Website,15,1,Other,Cybersecurity,1,Cybersecurity
CUST_02128,60,Male,Pune,Small,Manufacturing,8.720689731814423,58,0.5944747596618217,9,3,1,3,2,0,1,0,0,0,1,Cold Call,10,1,Other,Cybersecurity,1,Cybersecurity
CUST_02129,38,Male,Vadodara,Medium,Retail,55.74971363958562,236,7.231795418215958,9,11,0,4,2,0,0,1,1,0,1,Email Campaign,5,1,Other,Cloud Services,1,Cloud Services
CUST_02130,58,Male,Surat,Large,Real Estate,474.2988809941585,3135,59.75859273177631,0,8,0,2,3,1,1,1,1,1,1,Email Campaign,5,1,Other,Advanced IT Solutions,1,Advanced IT Solutions
CUST_02131,60,Female,Vadodara,Medium,Finance,30.745490090782774,148,4.606192940040071,7,7,0,2,3,2,0,0,1,0,1,Website,0,0,Other,Cybersecurity,0,No Offer
CUST_02132,50,Male,Ahmedabad,Small,Finance,1.0040759519110436,18,0.0611486079886994,3,2,1,1,4,0,0,1,1,0,3,Referral,5,1,Other,Cloud Services,1,Cloud Services
CUST_02133,57,Female,Surat,Medium,Healthcare,69.8350128783892,357,2.612955999570938,5,4,0,3,7,0,1,0,1,0,1,Cold Call,0,0,Other,Cybersecurity,0,No Offer
CUST_02134,59,Male,Pune,Small,Finance,18.670663223744647,78,1.5526596691859396,10,11,0,4,8,2,1,1,0,1,0,Website,15,1,Other,Data Analytics,1,Data Analytics
CUST_02135,60,Female,Surat,Medium,Education,19.187911293259155,128,0.7676776339458394,4,6,0,3,7,3,0,1,0,0,0,Website,20,0,Other,Cloud Services,0,No Offer
CUST_02136,58,Female,Surat,Small,Manufacturing,2.7034655999176973,23,0.139012108710579,7,12,1,3,6,2,1,1,0,0,1,Website,15,1,Other,Data Analytics,1,Data Analytics
CUST_02137,56,Female,Ahmedabad,Small,Healthcare,6.4558836351856606,36,0.6564085340047852,9,9,0,2,11,3,0,1,1,0,0,Referral,0,0,Other,Cloud Services,0,No Offer
CUST_02138,28,Female,Hyderabad,Large,Logistics,1092.786758542347,4685,110.43233319708511,6,11,1,2,5,2,1,1,0,1,1,LinkedIn,0,1,Other,Data Analytics,1,Data Analytics
CUST_02139,48,Male,Bangalore,Medium,Education,28.678920515840645,336,1.0094778502706168,0,9,0,4,7,0,0,0,0,1,2,Website,15,1,Other,Cybersecurity,1,Cybersecurity
CUST_02140,49,Female,Hyderabad,Medium,Logistics,30.98510555507644,237,2.576367223477124,7,8,0,2,6,1,1,0,0,0,2,Email Campaign,10,1,Other,Cybersecurity,1,Cybersecurity
CUST_02141,43,Female,Bangalore,Large,Manufacturing,157.8844031895435,1943,14.78212352168042,3,10,1,2,4,1,0,1,0,0,2,Referral,0,1,Other,Cloud Services,1,Cloud Services
CUST_02142,35,Female,Hyderabad,Small,Education,1.791970157327743,12,0.1113940769935038,6,4,1,3,2,0,1,0,1,1,2,Website,5,1,Other,Cybersecurity,1,Cybersecurity
CUST_02143,28,Female,Hyderabad,Small,IT,5.058700883395578,32,0.6811297002433856,2,6,1,4,4,3,1,0,1,0,1,Email Campaign,5,1,Other,Cybersecurity,1,Cybersecurity
CUST_02144,58,Female,Delhi,Large,Retail,1005.2806028726936,4209,49.592339561537294,1,12,0,2,5,1,1,0,0,0,3,Email Campaign,10,1,Other,Cybersecurity,1,Cybersecurity
CUST_02145,43,Female,Surat,Small,Real Estate,5.167618199387494,39,0.3124766565905186,0,6,0,3,3,6,1,1,0,0,1,LinkedIn,0,1,Other,Data Analytics,1,Data Analytics
CUST_02146,26,Male,Chennai,Medium,IT,64.37618114692822,394,3.144089542552391,9,6,1,3,5,2,1,0,0,1,1,Email Campaign,15,1,Other,Cybersecurity,1,Cybersecurity
CUST_02147,23,Female,Ahmedabad,Small,Retail,17.25599112562312,76,0.7590150553436852,4,12,1,2,7,0,1,1,1,0,2,Referral,0,1,Other,AI Solutions,1,AI Solutions
CUST_02148,48,Male,Hyderabad,Small,Manufacturing,6.742579002078672,59,0.9134677607844436,10,6,0,5,4,4,0,1,1,0,0,LinkedIn,5,1,Other,Cloud Services,1,Cloud Services
CUST_02149,42,Male,Pune,Medium,Manufacturing,84.09891207605068,455,5.327085781410951,2,11,0,3,5,3,1,0,0,0,0,Referral,0,0,Other,Cybersecurity,0,No Offer
CUST_02150,59,Male,Kolkata,Small,IT,2.4171884371730314,12,0.282092857767689,10,8,0,2,5,1,1,1,0,0,3,LinkedIn,10,0,Other,Data Analytics,0,No Offer
CUST_02151,36,Male,Delhi,Medium,Real Estate,41.44971595665248,357,3.37226114810791,2,10,0,3,4,2,1,0,0,0,1,Email Campaign,15,1,Other,Cybersecurity,1,Cybersecurity
CUST_02152,42,Male,Kolkata,Medium,Education,37.04210198643962,447,3.93775389845136,7,3,1,1,2,3,0,0,1,0,4,Website,15,1,Other,Cybersecurity,1,Cybersecurity
CUST_02153,31,Male,Mumbai,Large,Real Estate,173.16919463752285,1150,24.482858763868997,0,11,0,3,1,3,0,0,0,0,3,Website,10,1,Other,Cybersecurity,1,Cybersecurity
CUST_02154,44,Male,Vadodara,Medium,Logistics,50.24318325503738,414,6.599590038751149,1,10,0,8,4,4,0,1,1,1,0,Cold Call,0,0,Other,Cloud Services,0,No Offer
CUST_02155,60,Male,Mumbai,Small,Retail,2.788897131677955,27,0.1067544281838119,0,7,1,4,3,1,1,0,0,0,0,Website,0,1,Other,Cybersecurity,1,Cybersecurity
CUST_02156,26,Male,Bangalore,Large,Retail,657.466612367012,2687,86.40709208709482,6,11,1,4,5,2,1,0,1,0,1,Website,0,1,Other,Cybersecurity,1,Cybersecurity
CUST_02157,22,Female,Hyderabad,Medium,Healthcare,50.845544064223645,338,4.282151816581562,3,8,1,1,3,3,1,0,0,0,2,Referral,10,0,Other,Cybersecurity,0,No Offer
CUST_02158,34,Female,Ahmedabad,Medium,Finance,94.2718995154597,426,6.789225319086368,2,5,0,1,1,0,1,1,1,0,1,Website,0,1,Other,AI Solutions,1,AI Solutions
CUST_02159,42,Female,Pune,Large,Education,253.2965431170627,2844,28.036520751881923,2,4,1,3,4,1,1,0,0,0,1,Email Campaign,10,1,Other,Cybersecurity,1,Cybersecurity
CUST_02160,47,Other,Chennai,Medium,Education,83.49888209591897,351,12.025921882380931,9,6,0,2,6,2,1,0,0,0,0,LinkedIn,20,0,Other,Cybersecurity,0,No Offer
CUST_02161,42,Female,Chennai,Medium,Healthcare,60.99479577883087,292,2.518856927476174,10,13,1,3,8,3,1,0,0,0,3,Website,0,1,Other,Cybersecurity,1,Cybersecurity
CUST_02162,39,Male,Delhi,Medium,Manufacturing,26.255565473490734,124,3.207622574975059,2,9,1,4,8,2,1,1,0,0,0,Website,5,0,Other,Data Analytics,0,No Offer
CUST_02163,58,Female,Delhi,Small,IT,1.4074827254310431,11,0.0765965662963286,1,14,0,6,4,4,1,0,0,0,3,Email Campaign,15,1,Other,Cybersecurity,1,Cybersecurity
CUST_02164,53,Female,Delhi,Small,Real Estate,6.914987734930251,47,0.5228860272822239,4,10,0,4,3,3,0,0,1,0,2,Website,5,1,Other,Cybersecurity,1,Cybersecurity
CUST_02165,57,Male,Delhi,Medium,Education,41.32436196903532,245,5.572952293583472,0,6,1,1,1,1,1,1,0,0,4,Referral,10,1,Other,Data Analytics,1,Data Analytics
CUST_02166,38,Male,Surat,Small,Retail,18.09192032996813,87,1.7277042522965864,4,8,0,0,3,0,1,1,1,0,0,Website,0,0,Other,AI Solutions,0,No Offer
CUST_02167,56,Female,Hyderabad,Small,Healthcare,20.002832887499967,91,0.7620038733573943,9,7,0,5,4,0,0,0,0,1,1,Website,0,0,Other,Cybersecurity,0,No Offer
CUST_02168,32,Male,Kolkata,Small,IT,2.9524077841674106,45,0.268568212824063,7,8,1,2,4,2,0,1,0,0,3,Website,10,0,Other,Cloud Services,1,Cloud Services
CUST_02169,42,Female,Hyderabad,Medium,Logistics,110.3283642481715,478,13.764238849434808,6,8,0,2,4,2,1,0,0,0,0,Referral,0,0,Other,Cybersecurity,0,No Offer
CUST_02170,47,Male,Hyderabad,Small,IT,23.037435058582663,97,2.153209315084866,10,10,1,0,8,4,0,0,0,0,2,LinkedIn,15,1,Other,Cybersecurity,1,Cybersecurity
CUST_02171,25,Female,Mumbai,Medium,Education,49.39320189530763,293,2.4709793218648173,2,9,0,2,4,1,0,0,0,0,0,LinkedIn,15,0,Other,Cybersecurity,0,No Offer
CUST_02172,55,Male,Ahmedabad,Small,Finance,8.21091152919223,94,0.6848304931742462,8,5,1,5,2,2,1,0,0,0,0,Website,0,0,Other,Cybersecurity,0,No Offer
CUST_02173,39,Male,Pune,Medium,Real Estate,39.31766584348841,184,5.540702251851761,10,8,0,3,6,2,1,1,0,0,2,Referral,0,1,Other,Data Analytics,1,Data Analytics
CUST_02174,56,Male,Bangalore,Small,Retail,4.6318081643876745,29,0.504795198749685,9,6,0,3,6,0,1,0,0,1,2,Referral,15,0,Other,Cybersecurity,0,No Offer
CUST_02175,50,Female,Ahmedabad,Medium,IT,92.84609147332505,435,10.917435866012806,6,13,0,4,9,1,1,1,0,1,1,Website,10,0,Other,Data Analytics,0,No Offer
CUST_02176,50,Female,Delhi,Small,Logistics,7.02773363548949,33,0.8736343005160813,0,4,1,3,8,3,1,0,0,1,1,Website,0,1,Other,Cybersecurity,1,Cybersecurity
CUST_02177,59,Female,Kolkata,Large,Retail,51.65427702620057,767,2.111792701714485,5,9,0,3,4,2,0,0,0,0,0,Referral,0,0,Other,Cybersecurity,0,No Offer
CUST_02178,42,Male,Mumbai,Large,Education,160.09160281964006,934,15.974642469198857,3,10,0,2,5,2,0,0,1,0,1,Website,5,1,Other,Cybersecurity,1,Cybersecurity
CUST_02179,34,Female,Surat,Large,Healthcare,371.70415972924167,2535,27.91863371336531,5,4,0,3,8,0,0,0,1,0,0,Cold Call,10,1,Other,Cybersecurity,1,Cybersecurity
CUST_02180,38,Male,Kolkata,Large,Logistics,716.954010317711,2997,33.481106765591576,2,6,0,3,4,2,0,0,0,0,3,Referral,5,0,Other,Cybersecurity,0,No Offer
CUST_02181,30,Male,Mumbai,Small,IT,1.7492521341612683,16,0.0950283793222222,4,8,0,7,1,1,0,0,0,0,2,Cold Call,0,0,Other,Cybersecurity,0,No Offer
CUST_02182,22,Male,Vadodara,Medium,Logistics,30.734407157268347,337,3.8030527012725233,2,4,0,6,3,2,1,1,0,0,2,Website,5,1,Other,Data Analytics,1,Data Analytics
CUST_02183,23,Female,Surat,Medium,Education,56.66609068734624,247,2.798097474864628,6,11,1,8,6,3,0,1,1,0,1,Email Campaign,20,0,Other,Cloud Services,0,No Offer
CUST_02184,50,Male,Delhi,Medium,IT,16.108108983564232,202,1.0871400263414233,4,16,0,2,4,0,0,0,0,1,3,Website,5,1,Other,Cybersecurity,1,Cybersecurity
CUST_02185,54,Male,Bangalore,Large,Logistics,511.526928355301,2731,32.8322538937032,3,8,0,4,6,0,1,0,0,0,1,Website,10,1,Other,Cybersecurity,1,Cybersecurity
CUST_02186,31,Female,Delhi,Medium,Healthcare,36.85132752740133,335,1.320591042029134,9,9,0,5,9,4,1,0,1,0,0,Website,5,1,Other,Cybersecurity,1,Cybersecurity
CUST_02187,42,Female,Kolkata,Large,Logistics,202.8257473633745,1240,17.33328836497376,6,3,0,3,6,1,0,0,0,0,0,Website,0,0,Other,Cybersecurity,0,No Offer
CUST_02188,49,Male,Delhi,Small,Retail,6.583267689593585,38,0.8025765725815753,6,6,0,4,7,2,1,1,0,0,0,Email Campaign,0,0,Other,Data Analytics,0,No Offer
CUST_02189,32,Male,Vadodara,Large,Retail,570.0668406484953,4271,18.617422983040253,9,7,0,0,7,2,1,0,0,0,0,LinkedIn,5,1,Other,Cybersecurity,1,Cybersecurity
CUST_02190,55,Male,Delhi,Medium,IT,94.07731048220896,384,4.092943844708687,8,5,0,5,6,0,1,1,1,0,0,Cold Call,15,1,Other,AI Solutions,1,AI Solutions
CUST_02191,29,Male,Mumbai,Medium,Education,24.74278929190665,324,2.8806149504516605,2,9,0,3,9,3,1,1,0,0,1,LinkedIn,5,1,Other,Data Analytics,1,Data Analytics
CUST_02192,43,Female,Chennai,Small,Healthcare,2.822155991761732,22,0.2856860576836632,10,9,1,1,8,2,0,0,0,0,2,Referral,10,0,Other,Cybersecurity,0,No Offer
CUST_02193,29,Male,Delhi,Medium,Manufacturing,48.444147273451286,356,5.6112717084386174,10,9,0,0,4,3,1,1,1,0,0,LinkedIn,10,0,Other,AI Solutions,0,No Offer
CUST_02194,36,Female,Vadodara,Large,Retail,758.5814230857125,4305,43.70375295837341,9,7,1,4,5,1,0,1,0,0,4,Referral,15,1,Other,Cloud Services,1,Cloud Services
CUST_02195,38,Female,Hyderabad,Small,Logistics,9.201636614723268,70,1.1635676903810146,7,5,1,3,4,2,0,1,0,0,2,Referral,10,1,Other,Cloud Services,1,Cloud Services
CUST_02196,44,Male,Hyderabad,Medium,Manufacturing,7.357163441089859,106,0.6443736816183393,6,9,0,1,6,1,1,0,0,0,2,Website,5,1,Other,Cybersecurity,1,Cybersecurity
CUST_02197,45,Other,Bangalore,Small,Logistics,7.184579989084957,30,0.741709001790684,8,7,0,2,5,1,1,0,1,0,2,Cold Call,10,0,Other,Cybersecurity,0,No Offer
CUST_02198,40,Male,Bangalore,Large,IT,517.2770148006034,3883,21.23857179041688,1,9,0,3,5,1,0,1,0,0,2,Website,5,1,Other,Cloud Services,1,Cloud Services
CUST_02199,26,Male,Bangalore,Medium,Manufacturing,34.13800668770338,288,1.8640645483024605,5,6,0,5,7,2,1,0,0,0,1,LinkedIn,5,0,Other,Cybersecurity,0,No Offer
CUST_02200,53,Male,Ahmedabad,Small,Education,11.008209561949275,79,1.3518405621166498,4,4,0,5,6,3,0,0,1,0,4,Cold Call,5,1,Other,Cybersecurity,1,Cybersecurity
CUST_02201,22,Male,Pune,Small,Logistics,8.585360551172172,92,0.4882409803019563,2,9,0,4,8,1,0,0,0,0,0,Website,5,0,Other,Cybersecurity,0,No Offer
CUST_02202,44,Male,Bangalore,Medium,Education,26.756936708684933,382,1.0998058698994122,6,8,0,1,7,1,1,1,1,0,0,Website,0,0,Other,AI Solutions,0,No Offer
CUST_02203,58,Male,Delhi,Small,Logistics,1.514598220613678,19,0.1539807100556518,4,7,0,1,7,1,0,1,0,0,3,Referral,0,1,Other,Cloud Services,1,Cloud Services
CUST_02204,29,Female,Bangalore,Medium,Manufacturing,13.332954464113907,160,1.2766621482285687,5,9,1,4,6,6,1,0,1,1,0,Email Campaign,5,0,Other,Cybersecurity,0,No Offer
CUST_02205,34,Female,Pune,Large,Education,383.7456712386653,4286,39.50556979551235,3,9,0,3,6,1,0,0,1,1,3,Website,0,1,Other,Cybersecurity,1,Cybersecurity
CUST_02206,29,Female,Ahmedabad,Large,Retail,218.27303714329344,1629,22.743321343126425,6,7,1,1,5,1,1,1,1,0,4,Cold Call,10,1,Other,AI Solutions,1,AI Solutions
CUST_02207,44,Male,Pune,Small,IT,14.506727866132948,83,1.3059490490821886,6,7,0,3,3,0,0,1,0,0,1,Referral,15,0,Other,Cloud Services,0,No Offer
CUST_02208,22,Female,Kolkata,Large,Manufacturing,815.7836912564132,4641,72.81103612581028,4,9,1,3,7,4,0,1,1,0,0,Referral,10,1,Other,Cloud Services,1,Cloud Services
CUST_02209,45,Female,Bangalore,Medium,Logistics,13.555288270256437,271,1.909938325740872,6,4,0,1,4,3,1,0,0,0,0,Email Campaign,0,1,Other,Cybersecurity,1,Cybersecurity
CUST_02210,56,Female,Bangalore,Small,Retail,17.330173470096316,74,1.6301767526645057,6,6,1,5,4,5,1,1,0,0,1,Email Campaign,10,0,Other,Data Analytics,0,No Offer
CUST_02211,45,Female,Bangalore,Small,Logistics,13.088735602494324,61,1.3622235644861769,9,8,0,3,2,2,1,0,1,0,1,LinkedIn,0,0,Other,Cybersecurity,0,No Offer
CUST_02212,38,Female,Kolkata,Small,Manufacturing,16.995132552104558,70,1.054315600965583,7,17,1,2,7,1,0,1,0,0,1,Referral,10,1,Other,Cloud Services,1,Cloud Services
CUST_02213,26,Male,Pune,Large,Logistics,359.52595158397565,2947,48.367451979927935,10,10,0,4,6,4,1,0,0,0,1,Cold Call,20,0,Other,Cybersecurity,0,No Offer
CUST_02214,41,Female,Mumbai,Small,Retail,4.3910365281091055,24,0.1445712380416811,0,6,0,0,5,5,1,1,1,0,3,Referral,15,0,Other,AI Solutions,0,No Offer
CUST_02215,42,Male,Delhi,Small,Education,2.591728645387802,31,0.2510535267804951,3,11,0,1,3,3,1,0,0,0,2,LinkedIn,5,1,Other,Cybersecurity,1,Cybersecurity
CUST_02216,52,Other,Vadodara,Medium,Education,34.35846347649482,161,2.613374666055561,10,8,1,4,2,2,1,0,0,0,2,Website,15,1,Other,Cybersecurity,1,Cybersecurity
CUST_02217,57,Male,Delhi,Medium,Real Estate,34.22579454980349,416,3.507065947496172,0,7,1,4,9,2,0,1,0,1,3,Website,0,1,Other,Cloud Services,1,Cloud Services
CUST_02218,32,Male,Bangalore,Medium,Real Estate,36.63269057137288,318,2.682269267349036,2,14,0,2,9,4,1,1,0,0,1,Website,0,0,Other,Data Analytics,1,Data Analytics
CUST_02219,36,Male,Ahmedabad,Medium,IT,64.30446549619815,434,7.467198471616255,7,5,0,4,3,1,0,0,1,1,7,Email Campaign,0,1,Other,Cybersecurity,1,Cybersecurity
CUST_02220,40,Female,Kolkata,Small,Logistics,5.573909014428153,33,0.1808163440247571,6,8,0,1,4,1,1,0,0,0,0,Website,0,1,Other,Cybersecurity,1,Cybersecurity
CUST_02221,28,Male,Mumbai,Large,Education,208.2376138465474,1286,16.3897022011725,2,10,0,4,6,2,0,1,0,1,0,Referral,10,0,Other,Cloud Services,1,Cloud Services
CUST_02222,49,Male,Surat,Small,Healthcare,2.887187296021977,41,0.3746172634592746,3,8,1,7,6,2,0,0,1,0,1,Cold Call,10,1,Other,Cybersecurity,1,Cybersecurity
CUST_02223,26,Female,Mumbai,Medium,Retail,62.60020346691092,466,3.757520004874508,1,10,0,5,4,1,0,0,0,0,1,LinkedIn,10,0,Other,Cybersecurity,0,No Offer
CUST_02224,26,Female,Vadodara,Medium,Retail,95.00565040067164,405,3.4515652931876546,1,14,0,2,7,2,0,0,0,0,1,Website,5,1,Other,Cybersecurity,0,No Offer
CUST_02225,51,Male,Delhi,Small,Manufacturing,11.448158983068886,51,1.0255591548372505,4,5,0,4,5,0,1,1,0,0,0,Email Campaign,10,0,Other,Data Analytics,0,No Offer
CUST_02226,53,Male,Bangalore,Large,IT,692.8056231618232,4120,101.9699134138908,1,6,0,0,3,1,0,0,0,0,1,Email Campaign,0,1,Other,Cybersecurity,1,Cybersecurity
CUST_02227,29,Female,Chennai,Medium,Finance,21.70936879197508,132,0.8184220885827213,10,10,0,1,4,5,1,0,1,0,0,Email Campaign,0,0,Other,Cybersecurity,0,No Offer
CUST_02228,31,Female,Surat,Small,Real Estate,3.616751826493302,50,0.1389077885680626,6,8,0,4,5,0,0,0,0,0,2,Website,15,0,Other,Cybersecurity,0,No Offer
CUST_02229,59,Male,Bangalore,Large,Real Estate,142.10188314913177,1578,14.411118643133818,0,7,0,6,3,0,0,0,0,0,1,Website,0,0,Other,Cybersecurity,0,No Offer
CUST_02230,53,Female,Kolkata,Medium,Education,10.15332280060274,101,0.6092818693212927,8,10,1,3,6,2,0,0,0,0,2,Referral,0,1,Other,Cybersecurity,1,Cybersecurity
CUST_02231,49,Male,Surat,Medium,Real Estate,68.20928531559964,462,5.40406807073182,9,10,1,3,5,2,1,0,1,0,3,LinkedIn,20,1,Other,Cybersecurity,1,Cybersecurity
CUST_02232,38,Female,Vadodara,Medium,Finance,48.67525998554765,248,6.311275990618712,0,9,0,3,5,5,0,0,0,0,1,Website,15,0,Other,Cybersecurity,0,No Offer
CUST_02233,52,Female,Chennai,Large,Healthcare,399.569794920714,2811,21.52156520270885,10,6,0,3,9,4,1,1,0,0,1,Referral,10,1,Other,Data Analytics,1,Data Analytics
CUST_02234,29,Male,Pune,Small,IT,3.835822626741457,51,0.4461675156446939,0,2,1,2,3,3,0,0,0,1,3,Website,20,0,Other,Cybersecurity,0,No Offer
CUST_02235,46,Male,Pune,Small,Retail,6.893488770113805,50,0.624124489550814,8,6,0,4,4,2,1,0,0,0,1,Website,0,0,Other,Cybersecurity,0,No Offer
CUST_02236,30,Female,Pune,Medium,Finance,36.31172632990218,440,5.032620917947485,6,10,0,3,4,3,0,0,1,0,1,Email Campaign,10,0,Other,Cybersecurity,0,No Offer
CUST_02237,23,Female,Ahmedabad,Small,Healthcare,12.814686101668922,64,1.880624897763739,9,6,1,3,7,4,0,1,0,0,2,Email Campaign,0,1,Other,Cloud Services,1,Cloud Services
CUST_02238,36,Male,Pune,Medium,IT,36.65207571560296,440,3.232540603652076,3,8,0,4,6,0,0,1,1,1,2,Cold Call,10,1,Other,Cloud Services,1,Cloud Services
CUST_02239,24,Female,Hyderabad,Small,Healthcare,7.764860289171241,53,0.77771013657591,2,6,0,1,3,0,0,0,1,0,1,LinkedIn,15,0,Other,Cybersecurity,0,No Offer
CUST_02240,57,Female,Surat,Small,Education,16.981444847899677,90,2.029301421927246,4,7,1,1,4,5,0,0,0,0,2,Email Campaign,15,1,Other,Cybersecurity,1,Cybersecurity
CUST_02241,25,Male,Chennai,Small,Real Estate,9.372682053326088,98,0.6396002308457226,1,9,0,5,6,1,1,1,0,0,1,Email Campaign,5,0,Other,Data Analytics,1,Data Analytics
CUST_02242,35,Female,Kolkata,Medium,Finance,19.757424522821985,303,1.1302993790936096,5,9,0,4,4,0,1,1,1,0,2,Website,15,1,Other,AI Solutions,1,AI Solutions
CUST_02243,46,Female,Hyderabad,Large,Manufacturing,204.46348828519183,1257,29.8030521031196,5,11,0,3,6,2,0,0,0,0,2,Email Campaign,20,1,Other,Cybersecurity,1,Cybersecurity
CUST_02244,31,Female,Hyderabad,Small,Manufacturing,4.197996756360617,69,0.3438740637817947,0,10,1,1,6,4,0,0,1,0,1,LinkedIn,10,0,Other,Cybersecurity,0,No Offer
CUST_02245,42,Male,Chennai,Medium,IT,79.25291362478869,473,2.392716725117257,9,6,1,2,6,1,0,1,0,0,3,Referral,15,1,Other,Cloud Services,1,Cloud Services
CUST_02246,57,Male,Kolkata,Small,Healthcare,6.6230903480689305,33,0.8644867877255327,8,8,0,3,4,3,0,1,1,0,0,Website,15,0,Other,Cloud Services,0,No Offer
CUST_02247,33,Male,Surat,Medium,Retail,19.117427725186115,165,1.949207183299585,0,7,0,1,13,3,1,0,0,0,2,Email Campaign,5,1,Other,Cybersecurity,1,Cybersecurity
CUST_02248,48,Female,Delhi,Small,Finance,9.893882081681276,67,0.4969402876599221,5,5,0,2,7,3,0,0,0,0,1,Referral,15,0,Other,Cybersecurity,0,No Offer
CUST_02249,23,Female,Bangalore,Medium,Manufacturing,39.84215013200319,169,1.3393641256193387,6,8,0,3,6,4,1,1,1,0,2,Website,15,1,Other,AI Solutions,1,AI Solutions
CUST_02250,34,Female,Delhi,Medium,Manufacturing,66.77468082265617,463,4.338877980466503,7,8,0,4,9,4,0,0,0,0,5,Website,0,1,Other,Cybersecurity,1,Cybersecurity
CUST_02251,53,Female,Vadodara,Large,Healthcare,575.1600439269097,2307,81.29683122882876,1,10,0,6,4,2,0,0,0,0,2,Email Campaign,0,0,Other,Cybersecurity,0,No Offer
CUST_02252,52,Male,Chennai,Small,Manufacturing,3.01181784404678,37,0.4277351789022071,10,11,0,4,5,2,1,0,1,1,1,Referral,10,1,Other,Cybersecurity,1,Cybersecurity
CUST_02253,37,Other,Delhi,Medium,Logistics,68.08430707631352,355,4.583464035873104,7,8,0,0,6,2,1,0,0,0,3,Referral,0,0,Other,Cybersecurity,0,No Offer
CUST_02254,53,Male,Delhi,Medium,Real Estate,28.883795142312128,160,3.763897000238544,10,5,0,0,2,3,1,0,1,1,4,Website,10,1,Other,Cybersecurity,1,Cybersecurity
CUST_02255,53,Female,Delhi,Large,Healthcare,402.9074280559514,1795,33.449954376726566,9,12,1,5,8,0,1,1,1,0,0,Referral,15,1,Other,AI Solutions,1,AI Solutions
CUST_02256,55,Male,Pune,Small,Finance,4.9311822526637865,72,0.535138653267847,1,8,1,4,5,3,1,1,1,0,0,LinkedIn,0,0,Other,AI Solutions,0,No Offer
CUST_02257,32,Female,Mumbai,Small,Healthcare,4.877900641816714,46,0.3421030988660925,1,5,0,5,9,1,0,1,1,0,1,Email Campaign,0,1,Other,Cloud Services,1,Cloud Services
CUST_02258,31,Female,Delhi,Large,Manufacturing,236.56894074564752,3095,21.74463908880245,8,7,0,4,4,1,1,0,1,0,0,Website,0,0,Other,Cybersecurity,0,No Offer
CUST_02259,36,Female,Bangalore,Small,Healthcare,3.31266634236138,14,0.2161631844306198,6,12,1,2,7,2,0,0,1,0,4,Email Campaign,15,1,Other,Cybersecurity,1,Cybersecurity
CUST_02260,38,Male,Chennai,Small,Manufacturing,5.142428467303954,38,0.191986002428279,7,7,0,3,5,3,1,1,0,0,3,Referral,0,0,Other,Data Analytics,0,No Offer
CUST_02261,39,Male,Vadodara,Small,Education,14.152803315527844,61,0.6612951461430995,0,8,0,2,6,2,1,0,0,0,2,Email Campaign,5,0,Other,Cybersecurity,0,No Offer
CUST_02262,30,Female,Mumbai,Large,IT,212.2098464010691,1949,13.76837417101696,9,10,0,6,8,1,0,0,0,0,2,LinkedIn,0,0,Other,Cybersecurity,0,No Offer
CUST_02263,46,Female,Ahmedabad,Small,Manufacturing,1.1291043040849558,15,0.1661482110465494,5,12,1,2,8,1,1,1,0,1,3,Cold Call,15,1,Other,Data Analytics,1,Data Analytics
CUST_02264,35,Male,Bangalore,Large,Logistics,248.23722939024867,2271,36.21301037099328,0,6,0,3,9,1,1,0,1,0,2,Referral,10,1,Other,Cybersecurity,1,Cybersecurity
CUST_02265,46,Female,Bangalore,Medium,Logistics,51.338766175279765,303,6.6391087626580525,4,9,0,3,2,3,1,0,0,0,0,Referral,0,0,Other,Cybersecurity,0,No Offer
CUST_02266,43,Male,Pune,Small,Logistics,9.199953770990565,42,0.5326840037168653,1,12,0,3,7,4,0,0,0,0,0,LinkedIn,0,1,Other,Cybersecurity,1,Cybersecurity
CUST_02267,51,Male,Pune,Small,Logistics,7.370532041409965,58,0.6116970884125466,8,4,0,7,1,1,1,1,0,1,1,Referral,0,0,Other,Data Analytics,0,No Offer
CUST_02268,41,Female,Chennai,Small,Manufacturing,11.648086592534842,50,0.964158027934104,2,9,0,4,3,1,0,0,1,0,2,LinkedIn,10,0,Other,Cybersecurity,0,No Offer
CUST_02269,42,Female,Bangalore,Medium,Manufacturing,14.925808202273448,151,1.1408808578563177,9,9,0,3,2,1,0,1,0,1,1,Website,0,1,Other,Cloud Services,1,Cloud Services
CUST_02270,53,Female,Kolkata,Medium,IT,91.14603039354388,483,3.2252603100200936,6,5,0,4,5,1,1,0,0,0,1,LinkedIn,0,1,Other,Cybersecurity,1,Cybersecurity
CUST_02271,42,Female,Kolkata,Medium,Education,67.42279317298743,342,6.347403226904769,1,11,1,0,4,3,0,0,0,1,0,Website,10,1,Other,Cybersecurity,1,Cybersecurity
CUST_02272,56,Male,Chennai,Small,Real Estate,4.820458857841667,46,0.186732231222696,9,4,1,2,4,5,1,0,0,1,1,Email Campaign,10,1,Other,Cybersecurity,1,Cybersecurity
CUST_02273,53,Male,Delhi,Medium,Retail,15.122555355208798,273,1.9089238174002376,3,6,1,4,1,3,0,0,0,0,0,Website,5,1,Other,Cybersecurity,1,Cybersecurity
CUST_02274,51,Male,Hyderabad,Large,Manufacturing,181.24892096815256,1473,20.47330847282776,9,8,1,4,6,5,0,1,0,0,1,Email Campaign,0,1,Other,Cloud Services,1,Cloud Services
CUST_02275,60,Male,Ahmedabad,Medium,Retail,28.988261665462566,491,2.096675767684852,2,12,0,3,7,3,1,0,1,0,1,Email Campaign,15,0,Other,Cybersecurity,0,No Offer
CUST_02276,33,Female,Vadodara,Large,Finance,774.687441600746,3366,83.40003464437464,0,4,0,4,3,3,1,1,1,0,2,Website,5,1,Other,AI Solutions,1,AI Solutions
CUST_02277,39,Male,Pune,Small,Education,8.183971787951593,34,0.4743793481059497,9,6,0,7,4,0,0,0,0,1,1,Cold Call,10,1,Other,Cybersecurity,1,Cybersecurity
CUST_02278,42,Male,Vadodara,Large,Real Estate,709.8676914474988,3602,43.891124895472615,5,2,0,0,5,3,1,1,1,0,1,Website,10,1,Other,AI Solutions,1,AI Solutions
CUST_02279,34,Male,Hyderabad,Small,Healthcare,6.055444428945771,31,0.4099294994697033,4,10,1,4,8,1,1,0,0,0,1,Email Campaign,10,1,Other,Cybersecurity,1,Cybersecurity
CUST_02280,42,Male,Surat,Small,Retail,6.872497371764228,70,0.8634701362514655,5,11,1,0,0,2,1,0,0,0,0,Email Campaign,10,0,Other,Cybersecurity,0,No Offer
CUST_02281,29,Male,Chennai,Large,Logistics,69.2552882681185,1069,3.8286374434144017,0,7,0,3,2,4,1,1,0,0,3,Website,0,1,Other,Data Analytics,1,Data Analytics
CUST_02282,28,Female,Delhi,Large,Education,309.1083420159373,1469,30.14849491798653,10,7,0,3,5,3,1,0,0,1,0,Cold Call,20,1,Other,Cybersecurity,1,Cybersecurity
CUST_02283,44,Female,Mumbai,Medium,Finance,72.8245738398031,450,3.936609076390856,7,8,0,6,7,3,1,1,0,0,1,Referral,10,1,Other,Data Analytics,1,Data Analytics
CUST_02284,53,Female,Delhi,Small,Education,18.073574097271194,97,1.1604046256014489,3,8,0,2,2,2,1,0,0,0,2,LinkedIn,5,1,Other,Cybersecurity,1,Cybersecurity
CUST_02285,32,Female,Bangalore,Small,Healthcare,11.531979962565776,56,0.6718272651504891,6,9,0,3,8,2,0,1,0,0,0,Email Campaign,0,1,Other,Cloud Services,0,No Offer
CUST_02286,43,Male,Delhi,Medium,Manufacturing,33.76303457035617,256,3.626168838009312,7,10,1,1,4,0,0,1,1,0,2,Referral,5,1,Other,Cloud Services,1,Cloud Services
CUST_02287,43,Female,Bangalore,Large,Manufacturing,235.85995148903837,2989,21.983910139136675,2,7,0,3,6,2,1,1,1,0,0,LinkedIn,10,0,Other,AI Solutions,0,No Offer
CUST_02288,46,Male,Vadodara,Small,Logistics,12.540441592354744,60,1.4616624249519168,3,6,1,3,4,3,0,1,1,0,1,Website,0,0,Other,Cloud Services,0,No Offer
CUST_02289,43,Male,Surat,Large,Manufacturing,611.4315873616405,4344,34.48059142304317,8,13,0,0,7,2,0,0,0,1,2,Website,10,1,Other,Cybersecurity,1,Cybersecurity
CUST_02290,49,Female,Pune,Small,IT,18.738481616893228,87,0.5827260087296576,8,10,1,3,2,0,1,0,0,0,2,Cold Call,10,0,Other,Cybersecurity,0,No Offer
CUST_02291,50,Male,Surat,Large,IT,638.1848081932918,4640,71.26044835453149,6,8,0,1,5,4,1,0,1,0,2,Website,10,1,Other,Cybersecurity,1,Cybersecurity
CUST_02292,34,Female,Bangalore,Large,IT,181.3891730448177,1942,7.941666937626008,2,9,0,3,2,2,1,0,0,0,2,Cold Call,20,1,Other,Cybersecurity,1,Cybersecurity
CUST_02293,39,Male,Mumbai,Small,Logistics,6.567678259799005,78,0.3911487639208659,10,9,0,4,3,0,1,0,1,0,2,Website,5,0,Other,Cybersecurity,1,Cybersecurity
CUST_02294,23,Female,Hyderabad,Small,IT,11.13192367346268,56,0.7423027002718172,3,7,1,2,6,2,1,0,0,0,2,Referral,5,1,Other,Cybersecurity,1,Cybersecurity
CUST_02295,50,Male,Vadodara,Large,Finance,453.68901753669815,2750,54.26857943159628,6,9,1,6,6,0,1,0,0,0,2,Website,0,1,Other,Cybersecurity,1,Cybersecurity
CUST_02296,42,Male,Vadodara,Medium,Real Estate,25.922274858401583,198,2.724612991450184,5,10,0,1,5,3,0,0,0,0,1,LinkedIn,0,0,Other,Cybersecurity,0,No Offer
CUST_02297,36,Female,Delhi,Medium,Logistics,33.098407326133405,223,1.7248193166951615,5,11,0,0,6,2,0,1,0,1,1,Email Campaign,10,1,Other,Cloud Services,1,Cloud Services
CUST_02298,48,Male,Pune,Medium,Education,23.029591832252347,144,2.343181223773767,10,7,1,1,7,2,1,1,0,0,1,LinkedIn,5,0,Other,Data Analytics,1,Data Analytics
CUST_02299,52,Male,Delhi,Small,Finance,0.978832883651592,10,0.1125440118022934,3,4,0,0,7,2,0,1,0,1,2,Email Campaign,5,0,Other,Cloud Services,1,Cloud Services
CUST_02300,36,Male,Delhi,Large,Manufacturing,622.51208948041,4955,47.72654792065188,9,6,0,2,3,3,0,1,0,1,1,Website,10,0,Other,Cloud Services,0,No Offer
CUST_02301,44,Female,Bangalore,Small,Healthcare,9.871888664997178,91,0.5875190340436646,7,9,0,2,5,3,1,1,1,0,3,Website,10,1,Other,AI Solutions,1,AI Solutions
CUST_02302,45,Female,Hyderabad,Large,IT,254.2203757741088,1991,28.339961954168555,8,7,1,2,3,0,1,1,1,0,2,Referral,5,1,Other,AI Solutions,1,AI Solutions
CUST_02303,34,Male,Pune,Small,Education,4.803598166514592,32,0.496245046868189,9,10,1,2,6,5,0,0,1,0,0,Website,0,1,Other,Cybersecurity,1,Cybersecurity
CUST_02304,43,Female,Delhi,Medium,Healthcare,19.72846131993345,233,0.7763042801672955,6,12,0,4,3,2,1,1,0,0,1,Referral,0,0,Other,Data Analytics,0,No Offer
CUST_02305,58,Female,Vadodara,Small,Logistics,8.623101839495101,67,0.9485546270312872,7,8,1,2,4,0,1,0,0,0,0,Website,10,0,Other,Cybersecurity,0,No Offer
CUST_02306,54,Female,Delhi,Small,Logistics,10.422108870233544,82,0.923629715835517,9,9,0,3,5,2,1,0,0,0,1,LinkedIn,10,1,Other,Cybersecurity,1,Cybersecurity
CUST_02307,24,Female,Ahmedabad,Small,Finance,9.21926564968692,86,1.1100389950832346,1,8,1,3,4,0,0,1,1,1,2,Website,5,1,Other,Cloud Services,1,Cloud Services
CUST_02308,40,Male,Chennai,Medium,IT,80.40316331727792,322,4.252210139586358,3,12,1,4,4,0,1,0,1,0,0,Website,0,1,Other,Cybersecurity,1,Cybersecurity
CUST_02309,44,Female,Vadodara,Medium,Logistics,6.925628692477836,107,0.4223661846967294,2,16,1,4,6,1,0,0,1,0,2,Cold Call,15,1,Other,Cybersecurity,1,Cybersecurity
CUST_02310,50,Male,Ahmedabad,Large,Finance,226.45240892286265,1268,21.557709695739373,5,3,0,1,4,3,1,1,0,0,0,Referral,10,0,Other,Data Analytics,1,Data Analytics
CUST_02311,51,Male,Chennai,Small,Finance,2.207080753989465,26,0.1937993983751623,1,17,1,3,2,1,0,0,0,1,2,Email Campaign,15,0,Other,Cybersecurity,0,No Offer
CUST_02312,60,Other,Mumbai,Medium,Retail,27.89181412570067,128,2.129926157464841,6,3,0,4,7,5,0,0,1,0,1,Referral,15,1,Other,Cybersecurity,1,Cybersecurity
CUST_02313,46,Female,Ahmedabad,Medium,Education,49.82761174119808,214,5.955595352724743,7,3,1,2,4,3,0,0,1,0,1,Referral,10,1,Other,Cybersecurity,0,No Offer
CUST_02314,58,Male,Bangalore,Small,Finance,9.641874142612592,74,0.9426878440800858,3,12,0,4,8,0,0,0,1,0,1,LinkedIn,5,0,Other,Cybersecurity,1,Cybersecurity
CUST_02315,29,Male,Mumbai,Small,Manufacturing,13.3111327728168,62,1.533876737422026,7,7,1,3,5,2,1,1,0,0,0,Website,10,1,Other,Data Analytics,1,Data Analytics
CUST_02316,37,Female,Kolkata,Medium,Logistics,13.897482691931682,139,0.6725074631118568,7,9,1,3,5,5,1,0,1,1,3,Website,0,1,Other,Cybersecurity,1,Cybersecurity
CUST_02317,29,Male,Pune,Small,Finance,3.198561760099945,41,0.3757625429325544,2,6,0,5,5,2,0,0,0,0,1,Website,0,1,Other,Cybersecurity,1,Cybersecurity
CUST_02318,22,Male,Vadodara,Small,IT,11.091214021491176,98,0.9470052635096456,0,7,0,3,6,3,0,0,1,0,2,LinkedIn,5,0,Other,Cybersecurity,0,No Offer
CUST_02319,26,Male,Kolkata,Medium,Logistics,19.05190324729172,161,0.6487583106415743,10,8,1,2,10,3,0,1,0,0,3,Referral,0,1,Other,Cloud Services,1,Cloud Services
CUST_02320,24,Male,Vadodara,Small,Real Estate,8.415648082212526,65,0.4892772500686564,2,12,1,1,7,5,1,0,0,0,1,Email Campaign,0,1,Other,Cybersecurity,1,Cybersecurity
CUST_02321,22,Female,Pune,Medium,Real Estate,38.87263797816789,312,1.2863254063556802,9,9,0,4,3,0,1,1,1,0,3,Email Campaign,10,1,Other,AI Solutions,1,AI Solutions
CUST_02322,25,Male,Pune,Large,Logistics,461.47882808965176,3490,39.14491512178316,0,9,0,3,4,4,0,0,1,0,4,Website,10,1,Other,Cybersecurity,1,Cybersecurity
CUST_02323,56,Female,Vadodara,Medium,Manufacturing,31.489094398408263,164,2.17607185707022,1,9,0,3,10,2,1,0,1,0,2,Website,15,0,Other,Cybersecurity,0,No Offer
CUST_02324,53,Male,Pune,Medium,Finance,39.24994652296623,396,5.828379486175585,7,6,1,3,3,4,1,0,0,0,3,Website,10,1,Other,Cybersecurity,1,Cybersecurity
CUST_02325,55,Female,Ahmedabad,Small,Manufacturing,3.760058340711704,70,0.5046768880900838,3,5,1,4,1,0,0,0,0,1,0,Referral,10,0,Other,Cybersecurity,0,No Offer
CUST_02326,46,Other,Surat,Large,Finance,685.2400627996101,4632,88.45113214719004,8,8,0,3,5,3,0,0,1,0,1,Email Campaign,5,1,Other,Cybersecurity,1,Cybersecurity
CUST_02327,31,Female,Hyderabad,Small,Education,12.42958414684658,89,1.1203279620327458,6,7,0,2,6,1,0,0,1,0,2,LinkedIn,15,0,Other,Cybersecurity,0,No Offer
CUST_02328,42,Female,Vadodara,Medium,Manufacturing,26.107472144816843,421,3.3117458932721084,2,10,0,4,5,2,1,1,1,0,0,Email Campaign,10,0,Other,AI Solutions,0,No Offer
CUST_02329,60,Female,Kolkata,Large,Healthcare,376.27889403198606,4902,23.338456716718564,0,8,0,0,3,1,0,0,1,0,2,Website,0,1,Other,Cybersecurity,1,Cybersecurity
CUST_02330,48,Male,Kolkata,Medium,Retail,48.634937259833215,320,4.731106321011951,0,6,0,4,6,1,1,0,0,0,1,Email Campaign,10,0,Other,Cybersecurity,1,Cybersecurity
CUST_02331,48,Female,Pune,Medium,Manufacturing,47.89337508993444,494,3.694981903543676,0,6,1,4,1,1,0,1,1,0,1,Email Campaign,0,1,Other,Cloud Services,1,Cloud Services
CUST_02332,23,Female,Vadodara,Small,IT,8.344227376646707,37,0.4218927255667939,9,8,0,1,4,2,1,1,1,0,1,Website,10,1,Other,AI Solutions,1,AI Solutions
CUST_02333,34,Male,Surat,Small,Real Estate,6.688021286060024,79,0.2589174595392901,2,10,1,4,1,0,1,1,0,0,0,Email Campaign,5,0,Other,Data Analytics,0,No Offer
CUST_02334,30,Male,Surat,Medium,Retail,23.01444823349359,426,2.232084016350975,4,10,1,1,3,1,1,1,0,0,0,Website,10,1,Other,Data Analytics,1,Data Analytics
CUST_02335,57,Female,Hyderabad,Small,Retail,7.254663201667028,52,0.302640580712975,7,8,1,6,5,4,1,1,0,0,0,Referral,0,0,Other,Data Analytics,0,No Offer
CUST_02336,43,Female,Ahmedabad,Medium,Finance,44.007406737653895,178,5.111916719900225,7,7,0,0,6,2,0,0,0,0,3,Website,15,0,Other,Cybersecurity,0,No Offer
CUST_02337,47,Male,Hyderabad,Small,Manufacturing,6.187107684145335,35,0.8697601951752774,1,16,0,2,3,0,0,0,0,1,0,Email Campaign,5,0,Other,Cybersecurity,0,No Offer
CUST_02338,33,Male,Bangalore,Large,Education,489.1432682779064,4049,24.18947152579277,8,8,1,1,8,2,1,0,0,1,1,Referral,0,1,Other,Cybersecurity,1,Cybersecurity
CUST_02339,38,Female,Kolkata,Small,Logistics,3.84289936513716,72,0.3324593286791811,8,9,1,2,3,3,0,1,0,1,0,Website,0,0,Other,Cloud Services,0,No Offer
CUST_02340,35,Male,Surat,Medium,Retail,52.62230828554344,358,6.243792175308825,6,12,0,4,1,3,0,1,0,0,2,Cold Call,15,1,Other,Cloud Services,0,No Offer
CUST_02341,35,Female,Pune,Medium,IT,17.528294482115722,192,1.1291860401919294,9,9,1,8,4,1,1,0,1,0,0,Referral,15,1,Other,Cybersecurity,1,Cybersecurity
CUST_02342,55,Female,Surat,Medium,Real Estate,51.35153368754816,286,7.21446644041403,4,7,1,1,3,1,1,1,0,0,3,Email Campaign,0,1,Other,Data Analytics,1,Data Analytics
CUST_02343,41,Female,Surat,Small,Education,14.82755118841716,89,2.0256787620472263,4,6,0,3,3,3,0,1,0,0,2,Email Campaign,10,0,Other,Cloud Services,0,No Offer
CUST_02344,32,Male,Chennai,Medium,Real Estate,30.912826523231097,300,1.31226564366107,7,5,0,6,3,1,1,0,1,0,1,Cold Call,10,1,Other,Cybersecurity,1,Cybersecurity
CUST_02345,37,Female,Kolkata,Small,Real Estate,3.890369357467794,61,0.1295025085123245,7,3,0,7,6,3,0,0,0,0,3,Referral,15,0,Other,Cybersecurity,0,No Offer
CUST_02346,52,Female,Bangalore,Small,Education,14.47227645178082,72,2.1299575466771548,4,8,0,6,3,2,1,0,0,1,1,Website,5,0,Other,Cybersecurity,0,No Offer
CUST_02347,27,Female,Hyderabad,Small,IT,15.20544652159155,91,2.201398976255193,5,9,0,1,9,2,1,1,0,0,3,Website,0,1,Other,Data Analytics,1,Data Analytics
CUST_02348,40,Male,Bangalore,Medium,Logistics,31.671661235750225,145,2.5550882301981064,5,6,0,4,5,0,0,1,0,0,4,Referral,0,1,Other,Cloud Services,1,Cloud Services
CUST_02349,58,Male,Chennai,Small,IT,9.890120303352298,97,0.3567128921020241,5,7,0,5,6,1,1,0,0,0,1,Cold Call,15,0,Other,Cybersecurity,0,No Offer
CUST_02350,25,Other,Ahmedabad,Large,Finance,744.1389137920157,4121,77.58769320490397,4,5,0,3,3,5,0,0,0,0,3,Email Campaign,0,0,Other,Cybersecurity,0,No Offer
CUST_02351,25,Male,Bangalore,Medium,Real Estate,14.30480342051298,194,0.9328049715497492,8,5,0,6,8,0,1,0,0,0,0,Referral,20,0,Other,Cybersecurity,0,No Offer
CUST_02352,41,Male,Surat,Small,Healthcare,9.319130416169711,86,1.327107153935127,0,6,1,0,6,1,1,0,0,0,1,Referral,10,0,Other,Cybersecurity,0,No Offer
CUST_02353,31,Male,Mumbai,Medium,Logistics,57.47457969302524,317,7.204980607656327,9,7,1,6,5,4,0,1,0,0,3,Cold Call,5,1,Other,Cloud Services,1,Cloud Services
CUST_02354,45,Female,Vadodara,Large,Manufacturing,541.2325127488599,2516,58.42672850877588,2,8,1,3,6,3,0,0,0,0,0,Cold Call,20,1,Other,Cybersecurity,1,Cybersecurity
CUST_02355,56,Male,Bangalore,Small,Retail,6.280180519176816,55,0.402813678069542,6,8,0,5,4,0,0,0,0,0,1,Website,0,0,Other,Cybersecurity,0,No Offer
CUST_02356,47,Male,Vadodara,Medium,Manufacturing,63.35075481601268,302,7.23162990484667,8,9,1,3,7,2,1,1,0,1,1,Cold Call,10,1,Other,Data Analytics,1,Data Analytics
CUST_02357,58,Male,Chennai,Medium,Education,39.89335579175115,215,2.5811077796936064,1,4,1,1,8,2,1,0,1,0,1,LinkedIn,0,0,Other,Cybersecurity,0,No Offer
CUST_02358,59,Female,Bangalore,Small,Retail,9.21959148121704,77,0.3182208205464851,10,3,1,5,7,4,1,1,0,0,0,Website,15,1,Other,Data Analytics,1,Data Analytics
CUST_02359,42,Male,Bangalore,Large,Logistics,593.3859068037707,2634,54.00532746316802,3,4,1,3,5,2,0,1,0,0,0,Email Campaign,0,1,Other,Cloud Services,1,Cloud Services
CUST_02360,60,Male,Delhi,Small,Finance,14.729043881087364,97,1.3056140489368406,7,5,0,4,4,4,0,1,1,1,2,Referral,15,1,Other,Cloud Services,1,Cloud Services
CUST_02361,42,Male,Surat,Small,Real Estate,14.731247889755752,82,1.7907410522943206,4,9,0,4,9,2,1,0,1,0,1,Referral,5,1,Other,Cybersecurity,1,Cybersecurity
CUST_02362,31,Female,Pune,Large,Real Estate,280.80476336085064,1883,37.59438486269055,10,13,0,6,9,5,0,0,0,0,1,Website,10,1,Other,Cybersecurity,1,Cybersecurity
CUST_02363,59,Male,Vadodara,Medium,Manufacturing,48.909309250157456,348,3.547696349462756,7,10,0,3,5,1,0,1,1,0,1,Referral,15,0,Other,Cloud Services,0,No Offer
CUST_02364,25,Male,Ahmedabad,Large,Finance,1019.3625126845542,4642,85.56198782834913,10,16,0,3,5,3,1,1,1,0,1,Email Campaign,10,1,Other,AI Solutions,1,AI Solutions
CUST_02365,41,Male,Delhi,Medium,Finance,51.855860311677176,476,4.482838023547233,1,11,0,1,7,0,1,0,0,0,1,Email Campaign,20,1,Other,Cybersecurity,1,Cybersecurity
CUST_02366,38,Female,Surat,Medium,Logistics,23.84755130066189,416,1.6432605972175105,7,6,0,4,6,2,1,0,1,0,1,Website,15,1,Other,Cybersecurity,1,Cybersecurity
CUST_02367,28,Female,Chennai,Large,Manufacturing,527.1565814780789,2333,62.84045456919369,5,5,1,4,4,0,0,0,0,0,0,Website,5,1,Other,Cybersecurity,1,Cybersecurity
CUST_02368,25,Other,Vadodara,Small,Manufacturing,16.125359295767748,75,1.4940490828967634,4,8,1,4,4,0,1,1,0,0,1,Email Campaign,5,1,Other,Data Analytics,1,Data Analytics
CUST_02369,50,Female,Hyderabad,Medium,Logistics,35.39057124029577,287,4.943167170486574,1,6,1,2,3,2,1,0,0,0,2,Website,15,1,Other,Cybersecurity,1,Cybersecurity
CUST_02370,35,Male,Chennai,Medium,Logistics,29.08813606550811,334,3.142603468096973,6,4,1,1,7,4,0,0,0,0,2,Email Campaign,5,1,Other,Cybersecurity,1,Cybersecurity
CUST_02371,24,Female,Pune,Small,Retail,9.440443159094404,51,0.5232609851543816,0,8,0,3,2,0,0,0,0,0,2,Referral,5,0,Other,Cybersecurity,0,No Offer
CUST_02372,45,Male,Vadodara,Medium,Education,18.54211496505005,282,0.9229715584277536,5,16,0,3,8,1,1,1,0,0,3,Referral,15,1,Other,Data Analytics,1,Data Analytics
CUST_02373,58,Female,Chennai,Small,Education,5.255287093202706,39,0.3924970053675601,2,12,1,2,5,2,0,0,1,0,1,LinkedIn,0,1,Other,Cybersecurity,0,No Offer
CUST_02374,37,Male,Delhi,Medium,Logistics,14.912287076377384,222,1.068184791818487,5,6,1,5,9,1,1,0,0,0,2,Email Campaign,0,1,Other,Cybersecurity,1,Cybersecurity
CUST_02375,25,Male,Chennai,Medium,IT,43.58255731189841,257,3.4367382502251287,0,6,1,2,2,2,0,1,0,1,3,Referral,20,1,Other,Cloud Services,1,Cloud Services
CUST_02376,45,Female,Pune,Large,Finance,195.93088567664648,3534,10.194465891148132,0,7,1,1,4,3,1,0,0,0,3,Referral,0,1,Other,Cybersecurity,1,Cybersecurity
CUST_02377,55,Male,Pune,Small,Real Estate,5.451277928932733,31,0.8034459759516278,1,4,0,3,4,1,1,0,0,0,1,Email Campaign,0,0,Other,Cybersecurity,0,No Offer
CUST_02378,51,Female,Mumbai,Medium,Education,76.44142146836204,414,3.6298341032409978,9,6,0,1,3,5,1,0,0,0,1,Email Campaign,10,1,Other,Cybersecurity,1,Cybersecurity
CUST_02379,39,Male,Bangalore,Small,Healthcare,9.730307065051996,66,1.053965969411452,6,10,1,1,5,1,1,0,1,1,3,Cold Call,15,0,Other,Cybersecurity,0,No Offer
CUST_02380,40,Male,Hyderabad,Medium,Logistics,39.01567282952077,459,1.2316587848150793,3,17,0,4,6,3,1,1,1,0,3,LinkedIn,5,1,Other,AI Solutions,1,AI Solutions
CUST_02381,52,Female,Hyderabad,Medium,Logistics,26.424824184765985,376,2.083209592058548,3,4,1,3,5,2,0,0,0,0,2,Website,10,0,Other,Cybersecurity,0,No Offer
CUST_02382,40,Female,Delhi,Medium,Retail,15.997502687090892,142,1.0734645515519357,3,13,1,2,6,2,0,0,0,0,0,Referral,10,1,Other,Cybersecurity,1,Cybersecurity
CUST_02383,40,Female,Pune,Large,Logistics,635.3896141566511,4442,48.18982688528956,4,8,1,3,10,2,1,1,1,0,1,Website,5,1,Other,AI Solutions,1,AI Solutions
CUST_02384,43,Male,Mumbai,Large,Retail,131.51150590293005,737,11.805693377157308,1,8,1,4,6,1,0,1,0,0,1,Email Campaign,0,1,Other,Cloud Services,1,Cloud Services
CUST_02385,45,Male,Surat,Small,IT,1.0552505355776984,21,0.1076830410960507,10,9,1,2,8,1,1,0,0,1,0,LinkedIn,15,1,Other,Cybersecurity,1,Cybersecurity
CUST_02386,33,Female,Mumbai,Small,IT,14.60817157237752,76,1.46112920787339,6,7,1,4,5,3,1,0,0,1,3,Cold Call,20,1,Other,Cybersecurity,1,Cybersecurity
CUST_02387,51,Female,Ahmedabad,Medium,Logistics,86.6440738912749,450,9.157034437323556,2,9,1,4,3,2,0,1,1,0,1,Email Campaign,10,1,Other,Cloud Services,1,Cloud Services
CUST_02388,59,Male,Chennai,Medium,Finance,28.47605006619249,205,3.740207352988405,10,8,0,6,4,0,1,0,1,0,2,Website,0,1,Other,Cybersecurity,1,Cybersecurity
CUST_02389,52,Female,Bangalore,Small,Retail,1.6615380480942652,14,0.2266438564770279,2,10,0,4,4,1,1,0,0,1,2,Email Campaign,10,0,Other,Cybersecurity,0,No Offer
CUST_02390,57,Female,Mumbai,Medium,Retail,66.19389901902373,303,7.841993604218671,10,8,0,1,6,2,1,0,0,0,3,LinkedIn,0,0,Other,Cybersecurity,0,No Offer
CUST_02391,40,Female,Chennai,Small,Healthcare,18.001822187343368,87,0.7105871720437233,1,9,1,4,6,1,1,0,1,0,1,Referral,10,1,Other,Cybersecurity,1,Cybersecurity
CUST_02392,57,Female,Bangalore,Small,Finance,11.592795232066608,47,1.6850717593121909,5,5,0,8,3,0,1,0,1,0,1,Email Campaign,10,1,Other,Cybersecurity,1,Cybersecurity
CUST_02393,51,Female,Vadodara,Large,Finance,164.31411877055115,1321,23.609929365079104,3,10,0,4,4,1,1,1,0,0,3,Website,0,1,Other,Data Analytics,1,Data Analytics
CUST_02394,54,Male,Ahmedabad,Small,Education,18.27795515674216,79,2.1093574596922493,3,10,0,2,3,1,0,0,0,1,3,Website,0,0,Other,Cybersecurity,0,No Offer
CUST_02395,39,Male,Ahmedabad,Small,IT,5.735832060180189,85,0.5282281955978482,7,7,0,4,6,2,1,0,1,0,1,Website,0,1,Other,Cybersecurity,1,Cybersecurity
CUST_02396,49,Female,Pune,Small,Education,8.069886008260399,61,0.4847919702495728,1,12,1,5,5,4,0,1,0,0,0,Website,10,1,Other,Cloud Services,1,Cloud Services
CUST_02397,32,Male,Ahmedabad,Large,Real Estate,400.8956561467485,2802,48.41301604601159,6,6,1,3,10,1,0,1,1,1,0,Referral,15,1,Other,Cloud Services,1,Cloud Services
CUST_02398,54,Male,Vadodara,Large,Finance,303.57017453979955,2197,41.086165357127214,1,10,0,2,2,4,1,1,1,0,0,Cold Call,0,1,Other,AI Solutions,1,AI Solutions
CUST_02399,38,Male,Pune,Medium,Logistics,50.75569492900518,290,5.57411792082934,5,9,1,3,5,2,1,1,0,0,3,Referral,5,1,Other,Data Analytics,1,Data Analytics
CUST_02400,27,Male,Kolkata,Small,Healthcare,2.9414548718671827,35,0.310290297438764,4,5,0,2,4,4,0,1,1,0,1,Cold Call,0,1,Other,Cloud Services,1,Cloud Services
CUST_02401,25,Female,Surat,Large,Logistics,933.1307251288016,4179,49.60575614537058,7,8,1,1,5,0,1,0,0,0,1,Cold Call,15,1,Other,Cybersecurity,1,Cybersecurity
CUST_02402,41,Female,Delhi,Medium,Logistics,25.49609578956053,159,1.8595726041926488,5,11,1,1,5,2,1,1,0,0,3,Website,0,1,Other,Data Analytics,1,Data Analytics
CUST_02403,48,Male,Chennai,Large,Finance,629.5058874864344,2727,73.51139773149269,6,5,0,3,9,2,0,0,0,0,2,Website,5,1,Other,Cybersecurity,1,Cybersecurity
CUST_02404,36,Male,Surat,Medium,Education,24.15158516845394,478,0.7735233147261923,5,12,1,1,8,1,1,0,1,0,1,Email Campaign,0,1,Other,Cybersecurity,1,Cybersecurity
CUST_02405,27,Female,Surat,Small,Manufacturing,3.167957208934788,18,0.3388184510383901,7,5,1,1,5,1,1,0,0,0,2,Cold Call,15,1,Other,Cybersecurity,1,Cybersecurity
CUST_02406,35,Female,Hyderabad,Medium,Logistics,53.12911931775759,401,6.481775727503279,1,8,0,2,3,4,0,0,1,0,1,Email Campaign,15,0,Other,Cybersecurity,0,No Offer
CUST_02407,32,Other,Mumbai,Small,Logistics,12.232604800341212,81,0.8582950686644407,6,12,0,4,10,2,1,0,0,0,2,LinkedIn,5,1,Other,Cybersecurity,1,Cybersecurity
CUST_02408,60,Female,Ahmedabad,Small,Manufacturing,13.913263150923996,70,0.5445669605088506,4,2,0,4,3,1,1,0,1,0,2,Email Campaign,5,1,Other,Cybersecurity,1,Cybersecurity
CUST_02409,30,Male,Kolkata,Medium,Healthcare,15.459716646108744,162,1.983393919009248,8,7,1,1,1,7,1,1,1,0,2,Email Campaign,0,1,Other,AI Solutions,1,AI Solutions
CUST_02410,47,Male,Mumbai,Large,IT,107.90214603285284,1186,5.073604175537159,10,2,1,5,4,1,1,0,0,0,4,Referral,5,1,Other,Cybersecurity,1,Cybersecurity
CUST_02411,37,Other,Delhi,Medium,Retail,21.919179807954293,115,1.6328941280074023,8,6,1,3,6,2,1,1,1,0,3,Cold Call,10,1,Other,AI Solutions,1,AI Solutions
CUST_02412,26,Female,Mumbai,Medium,Finance,42.88793619729642,278,4.926558357929643,7,7,1,0,6,2,0,1,1,0,0,Website,5,0,Other,Cloud Services,0,No Offer
CUST_02413,31,Female,Hyderabad,Small,Education,5.223302259066256,54,0.6687828383630129,7,9,0,5,4,1,0,0,1,0,3,Website,0,1,Other,Cybersecurity,1,Cybersecurity
CUST_02414,24,Male,Delhi,Small,Real Estate,4.550915534950376,31,0.6074827384376748,3,11,0,3,6,1,0,0,0,0,2,Website,0,0,Other,Cybersecurity,0,No Offer
CUST_02415,34,Female,Vadodara,Small,IT,12.204404579367145,86,1.1429432576538652,7,8,1,1,5,4,1,0,0,0,1,Website,5,1,Other,Cybersecurity,0,No Offer
CUST_02416,51,Female,Vadodara,Medium,Education,51.77944350784214,275,4.510227900069364,1,7,0,5,2,1,1,0,1,0,0,Email Campaign,15,0,Other,Cybersecurity,0,No Offer
CUST_02417,27,Male,Pune,Medium,IT,14.755408451365916,292,1.9447344037911645,10,8,1,1,4,1,0,0,1,0,0,LinkedIn,0,0,Other,Cybersecurity,1,Cybersecurity
CUST_02418,38,Male,Mumbai,Small,Finance,12.049347827109356,72,1.175645847417916,4,8,0,3,3,4,1,0,1,0,1,Cold Call,10,1,Other,Cybersecurity,1,Cybersecurity
CUST_02419,40,Male,Chennai,Large,Retail,318.8256788808738,1863,31.703415725054,3,10,0,2,5,0,1,1,1,0,2,LinkedIn,5,1,Other,AI Solutions,1,AI Solutions
CUST_02420,56,Male,Kolkata,Small,Finance,14.335345975506048,72,1.1765993841867897,4,7,0,2,8,4,1,1,0,0,2,Referral,0,1,Other,Data Analytics,1,Data Analytics
CUST_02421,47,Male,Hyderabad,Large,Retail,400.0977396716497,1756,29.90237548818363,4,10,1,2,4,2,1,1,1,1,0,Referral,10,1,Other,Advanced IT Solutions,1,Advanced IT Solutions
CUST_02422,26,Male,Delhi,Medium,Education,37.82240088172055,274,3.315697099787006,4,6,0,1,5,7,1,0,0,1,1,Cold Call,15,0,Other,Cybersecurity,0,No Offer
CUST_02423,50,Female,Kolkata,Small,Healthcare,7.939771005739051,67,0.5858097964079803,6,6,0,5,6,3,1,0,0,0,0,Referral,5,1,Other,Cybersecurity,1,Cybersecurity
CUST_02424,58,Male,Mumbai,Medium,Retail,28.11516612540065,399,2.002518845283234,0,6,1,2,6,0,1,0,1,0,4,Referral,10,1,Other,Cybersecurity,1,Cybersecurity
CUST_02425,41,Male,Chennai,Medium,Real Estate,36.970658228273685,315,5.517490720687766,1,9,0,4,6,1,1,0,1,0,1,Email Campaign,15,1,Other,Cybersecurity,1,Cybersecurity
CUST_02426,42,Female,Mumbai,Medium,IT,22.039138779553017,346,1.550356866035537,6,7,0,3,5,1,0,0,1,0,3,Referral,5,0,Other,Cybersecurity,0,No Offer
CUST_02427,31,Female,Ahmedabad,Medium,Healthcare,25.26768492819492,120,1.535417398249684,0,6,0,3,8,2,1,0,0,1,0,Referral,0,0,Other,Cybersecurity,0,No Offer
CUST_02428,26,Female,Ahmedabad,Small,Education,17.757703283810052,84,1.286916575204449,8,8,0,7,5,5,1,1,0,0,2,Website,0,0,Other,Data Analytics,0,No Offer
CUST_02429,57,Male,Hyderabad,Medium,Manufacturing,45.639055758962826,342,4.604695978366411,2,10,0,1,5,1,0,0,1,0,2,LinkedIn,15,1,Other,Cybersecurity,1,Cybersecurity
CUST_02430,27,Female,Delhi,Large,Healthcare,53.920042544132734,529,7.512078771846531,10,8,1,3,6,2,1,0,1,0,2,Website,5,1,Other,Cybersecurity,1,Cybersecurity
CUST_02431,47,Male,Delhi,Small,Retail,6.182737267598166,84,0.7700210374086629,5,2,1,5,2,2,1,0,0,0,1,Website,0,1,Other,Cybersecurity,1,Cybersecurity
CUST_02432,25,Female,Surat,Small,Real Estate,14.976825457897112,68,1.9629965877445803,3,12,0,4,4,3,1,0,0,1,2,Email Campaign,10,1,Other,Cybersecurity,1,Cybersecurity
CUST_02433,60,Male,Hyderabad,Large,Healthcare,825.3265437781167,3660,109.8353092411055,2,13,0,2,3,3,1,0,1,0,0,Email Campaign,10,0,Other,Cybersecurity,0,No Offer
CUST_02434,60,Female,Hyderabad,Small,Real Estate,3.510769379210736,34,0.4931346302090768,7,12,1,4,10,3,1,1,1,1,1,LinkedIn,10,1,Other,Advanced IT Solutions,1,Advanced IT Solutions
CUST_02435,56,Male,Chennai,Medium,Real Estate,28.94245020912976,166,1.6846980007615726,1,6,0,3,4,1,0,0,0,0,1,Website,5,1,Other,Cybersecurity,1,Cybersecurity
CUST_02436,22,Female,Ahmedabad,Medium,Education,20.549608057531703,202,1.7467973158906365,2,10,1,4,4,4,1,1,0,0,3,Website,10,1,Other,Data Analytics,1,Data Analytics
CUST_02437,45,Male,Delhi,Medium,Healthcare,38.86535810034475,409,2.962462173119637,7,7,0,4,5,3,1,0,0,0,0,Referral,15,1,Other,Cybersecurity,1,Cybersecurity
CUST_02438,57,Male,Mumbai,Small,Education,1.1933154227782274,22,0.0904834275565254,2,3,0,4,5,2,1,0,0,0,4,Referral,10,1,Other,Cybersecurity,1,Cybersecurity
CUST_02439,27,Male,Hyderabad,Small,Manufacturing,7.775298525308988,47,0.8418629695788488,7,10,0,2,3,2,1,1,0,1,1,Referral,5,0,Other,Data Analytics,0,No Offer
CUST_02440,52,Female,Pune,Small,Retail,5.359216678686466,67,0.4191784598488477,6,6,0,5,4,3,1,0,0,0,2,Email Campaign,15,0,Other,Cybersecurity,0,No Offer
CUST_02441,41,Other,Bangalore,Medium,Logistics,22.039179360822285,420,2.291185079739035,1,10,0,5,4,3,1,0,1,0,0,Cold Call,0,1,Other,Cybersecurity,1,Cybersecurity
CUST_02442,45,Female,Delhi,Medium,IT,33.285039214793464,469,2.525453209966169,0,7,1,2,6,1,1,0,0,1,2,Website,0,1,Other,Cybersecurity,1,Cybersecurity
CUST_02443,46,Male,Vadodara,Medium,Healthcare,36.6449974532079,325,2.4675048992231585,0,9,1,5,6,1,0,0,0,1,3,Referral,10,0,Other,Cybersecurity,0,No Offer
CUST_02444,57,Male,Delhi,Medium,Logistics,52.759967112412255,287,3.8181998521090312,1,5,0,4,1,0,1,0,1,0,3,Website,10,1,Other,Cybersecurity,1,Cybersecurity
CUST_02445,42,Female,Pune,Small,Finance,3.168361373324876,35,0.4006419783771041,6,9,0,3,4,1,1,1,0,0,1,Email Campaign,10,1,Other,Data Analytics,1,Data Analytics
CUST_02446,51,Male,Delhi,Small,IT,11.148387512810384,49,1.1385416094070206,8,4,0,1,1,3,1,1,1,0,0,Email Campaign,10,1,Other,AI Solutions,1,AI Solutions
CUST_02447,45,Female,Pune,Large,Healthcare,161.00803470450208,1495,23.64881633709251,6,10,0,5,1,1,0,0,0,0,3,Referral,10,0,Other,Cybersecurity,0,No Offer
CUST_02448,51,Female,Bangalore,Medium,IT,28.82882395541304,248,3.745404690543974,2,3,0,6,4,0,1,0,0,0,2,Cold Call,10,1,Other,Cybersecurity,1,Cybersecurity
CUST_02449,43,Female,Surat,Small,Logistics,4.305390055558191,46,0.3801387017032724,7,6,0,1,4,3,1,0,0,0,2,Referral,0,0,Other,Cybersecurity,0,No Offer
CUST_02450,49,Male,Chennai,Small,Finance,9.57230140436493,95,0.5655809620676496,7,6,0,3,4,1,1,0,1,0,1,Website,5,1,Other,Cybersecurity,1,Cybersecurity
CUST_02451,28,Male,Bangalore,Small,IT,6.158567176509695,95,0.6827947593463073,8,9,1,2,9,2,1,0,0,0,0,Website,5,0,Other,Cybersecurity,1,Cybersecurity
CUST_02452,56,Male,Kolkata,Small,Logistics,7.517833986283415,69,0.8810715236033221,10,7,0,1,4,3,0,1,0,0,2,Website,0,0,Other,Cloud Services,0,No Offer
CUST_02453,49,Female,Surat,Large,IT,671.0966395664568,3024,57.51373201169584,8,9,1,2,5,1,1,0,0,0,0,Cold Call,15,1,Other,Cybersecurity,1,Cybersecurity
CUST_02454,35,Male,Chennai,Large,Finance,318.3136044413921,1696,18.33188925826152,8,9,1,1,8,2,1,1,0,0,2,Cold Call,15,1,Other,Data Analytics,1,Data Analytics
CUST_02455,31,Male,Ahmedabad,Large,Real Estate,817.6198769287571,3633,79.20169129242477,3,11,0,2,10,2,1,1,0,0,6,Cold Call,5,1,Other,Data Analytics,1,Data Analytics
CUST_02456,37,Male,Pune,Large,Finance,50.03512102748929,705,3.0250989142793228,9,3,0,3,6,1,0,0,0,0,0,Website,0,0,Other,Cybersecurity,0,No Offer
CUST_02457,37,Male,Hyderabad,Large,Finance,301.4394246957704,2136,43.04548899065445,3,13,0,1,6,1,1,0,1,0,1,Website,5,1,Other,Cybersecurity,1,Cybersecurity
CUST_02458,52,Female,Kolkata,Medium,Real Estate,35.36900962593249,369,3.730231851454208,10,11,0,4,6,1,1,0,0,0,4,Email Campaign,0,1,Other,Cybersecurity,1,Cybersecurity
CUST_02459,46,Female,Bangalore,Small,Real Estate,17.287637511899437,89,1.1242447226174943,1,12,0,3,6,0,1,0,1,1,3,Email Campaign,15,1,Other,Cybersecurity,1,Cybersecurity
CUST_02460,34,Male,Delhi,Medium,Manufacturing,51.2499886384874,210,2.864243098288716,7,2,0,2,6,4,1,0,0,0,2,LinkedIn,0,0,Other,Cybersecurity,0,No Offer
CUST_02461,27,Male,Bangalore,Small,Education,18.324183039664952,86,2.1257297272145816,1,12,0,5,4,2,0,0,1,0,4,Email Campaign,0,1,Other,Cybersecurity,0,No Offer
CUST_02462,30,Female,Chennai,Small,Education,4.735617568066706,83,0.54428912213869,2,14,0,3,6,1,1,1,0,0,1,LinkedIn,5,1,Other,Data Analytics,1,Data Analytics
CUST_02463,57,Male,Kolkata,Small,Logistics,6.573252457873116,58,0.6682096827488733,8,9,1,4,4,1,0,0,0,0,1,Referral,10,0,Other,Cybersecurity,1,Cybersecurity
CUST_02464,41,Female,Mumbai,Medium,Finance,27.63510529269194,496,2.866205980249124,1,8,0,6,5,1,1,1,1,0,1,Website,5,0,Other,AI Solutions,1,AI Solutions
CUST_02465,39,Female,Chennai,Small,Logistics,3.3659368163994325,58,0.3448882935591643,0,10,0,4,0,1,1,0,1,0,4,Email Campaign,10,0,Other,Cybersecurity,1,Cybersecurity
CUST_02466,42,Male,Surat,Small,Education,3.3610561024770216,51,0.2460710295653704,4,8,0,2,4,2,1,0,0,1,1,Referral,15,1,Other,Cybersecurity,1,Cybersecurity
CUST_02467,25,Female,Bangalore,Medium,IT,14.842419396969843,141,2.114892320560372,6,5,1,3,7,2,0,0,0,0,3,Cold Call,15,1,Other,Cybersecurity,1,Cybersecurity
CUST_02468,54,Female,Bangalore,Large,Finance,101.30826592425038,914,8.865832390845192,3,6,1,1,5,2,1,1,1,0,0,Website,0,1,Other,AI Solutions,1,AI Solutions
CUST_02469,48,Male,Kolkata,Medium,Real Estate,19.38351469439967,149,0.6287885789733897,3,8,0,5,6,2,0,0,0,0,3,Referral,10,0,Other,Cybersecurity,0,No Offer
CUST_02470,28,Male,Pune,Large,Healthcare,652.1803838695378,4979,46.82874359658119,10,12,1,6,4,2,1,0,1,0,0,Referral,10,1,Other,Cybersecurity,1,Cybersecurity
CUST_02471,27,Male,Kolkata,Small,Finance,18.589644015545893,91,0.848318131484725,2,7,0,3,5,2,0,0,1,0,1,Email Campaign,10,1,Other,Cybersecurity,1,Cybersecurity
CUST_02472,36,Male,Hyderabad,Small,Real Estate,2.348419461473399,30,0.1728578918699018,5,2,0,5,3,1,1,0,0,1,4,LinkedIn,5,1,Other,Cybersecurity,1,Cybersecurity
CUST_02473,39,Female,Bangalore,Medium,Finance,40.61096533410407,498,4.182584163281778,7,8,0,2,6,1,0,0,1,0,0,Website,10,1,Other,Cybersecurity,1,Cybersecurity
CUST_02474,53,Female,Pune,Medium,Education,49.26430470397956,281,1.6119150905758246,10,7,1,3,5,1,0,0,0,0,1,LinkedIn,10,1,Other,Cybersecurity,1,Cybersecurity
CUST_02475,32,Female,Pune,Medium,Logistics,46.01756052277982,280,6.185867489211425,10,7,1,1,5,2,1,1,1,0,1,Email Campaign,5,1,Other,AI Solutions,1,AI Solutions
CUST_02476,41,Male,Kolkata,Medium,Retail,21.41224939055196,265,2.2105384077127783,1,5,0,1,4,0,1,0,0,0,1,Website,0,0,Other,Cybersecurity,0,No Offer
CUST_02477,45,Male,Ahmedabad,Medium,IT,72.96990505772945,331,4.775488083812955,5,8,1,4,4,5,1,1,0,0,2,Email Campaign,0,0,Other,Data Analytics,0,No Offer
CUST_02478,36,Female,Chennai,Large,Real Estate,342.91898503073503,2961,23.09374903633341,7,15,0,1,7,3,1,0,0,0,1,Website,5,1,Other,Cybersecurity,1,Cybersecurity
CUST_02479,28,Male,Surat,Small,Real Estate,3.2082302124313284,26,0.2755233919169702,0,8,0,0,7,2,1,1,0,0,2,Referral,10,1,Other,Data Analytics,1,Data Analytics
CUST_02480,42,Female,Ahmedabad,Small,Real Estate,12.8728335520241,96,0.76942234947458,3,7,0,4,9,2,0,1,0,0,3,Website,0,0,Other,Cloud Services,0,No Offer
CUST_02481,47,Male,Bangalore,Medium,Education,28.06239166620785,245,0.8564931352759221,0,5,0,3,2,4,1,0,0,0,3,Referral,5,0,Other,Cybersecurity,0,No Offer
CUST_02482,35,Female,Bangalore,Small,Logistics,10.173933658635091,63,0.3376412556692683,3,9,0,2,6,1,1,0,0,0,0,Referral,0,0,Other,Cybersecurity,0,No Offer
CUST_02483,58,Female,Bangalore,Small,Logistics,3.193238615790993,25,0.2328793178553384,10,3,1,2,4,3,1,0,0,0,2,LinkedIn,0,1,Other,Cybersecurity,1,Cybersecurity
CUST_02484,42,Male,Vadodara,Small,IT,3.3622691912388984,33,0.1509880816745867,8,5,0,2,5,1,1,0,1,0,0,Email Campaign,5,0,Other,Cybersecurity,0,No Offer
CUST_02485,39,Male,Delhi,Small,Logistics,19.39517777754101,84,0.6339050267909392,5,9,0,5,4,1,1,0,1,0,3,Email Campaign,10,1,Other,Cybersecurity,1,Cybersecurity
CUST_02486,26,Male,Mumbai,Small,Real Estate,3.5734447368969904,32,0.4756694921769079,5,8,0,3,5,4,0,1,0,1,0,LinkedIn,10,0,Other,Cloud Services,0,No Offer
CUST_02487,24,Male,Vadodara,Small,Healthcare,9.48488925468822,50,0.5965661248982697,4,10,0,2,4,1,0,1,1,1,3,LinkedIn,10,1,Other,Cloud Services,1,Cloud Services
CUST_02488,44,Female,Mumbai,Medium,Real Estate,16.1251227996362,135,1.457303284799179,2,5,1,2,7,2,1,1,1,0,0,Email Campaign,20,1,Other,AI Solutions,1,AI Solutions
CUST_02489,47,Female,Pune,Medium,Manufacturing,28.231063459351844,206,1.4547210127003047,1,8,1,3,0,1,1,1,0,0,1,Cold Call,0,1,Other,Data Analytics,1,Data Analytics
CUST_02490,58,Female,Bangalore,Medium,Retail,30.906008088324693,318,1.1004701270608364,8,5,0,2,7,0,1,0,0,0,1,Referral,5,0,Other,Cybersecurity,0,No Offer
CUST_02491,45,Other,Hyderabad,Medium,Healthcare,87.40314281056855,436,10.43453295019468,8,13,1,1,1,2,0,1,0,0,0,Website,10,0,Other,Cloud Services,0,No Offer
CUST_02492,40,Male,Surat,Small,Healthcare,5.330897557701768,27,0.2398627896816089,6,6,0,2,7,1,1,0,1,0,3,Referral,0,0,Other,Cybersecurity,0,No Offer
CUST_02493,46,Male,Kolkata,Small,Real Estate,3.9202552196366423,72,0.1297056750947987,1,10,0,3,2,5,1,1,1,0,1,LinkedIn,0,1,Other,AI Solutions,1,AI Solutions
CUST_02494,42,Male,Surat,Small,IT,5.397376301242479,87,0.5422616558940466,3,7,1,3,1,5,0,0,0,1,1,Referral,10,0,Other,Cybersecurity,0,No Offer
CUST_02495,33,Female,Hyderabad,Large,Retail,378.2086443007176,1613,11.957485605926108,10,7,1,0,3,1,1,0,1,1,1,Referral,15,1,Other,Cybersecurity,1,Cybersecurity
CUST_02496,54,Male,Kolkata,Medium,IT,65.14089566200506,286,5.364633735022767,7,9,0,1,3,4,1,0,1,1,1,Email Campaign,5,0,Other,Cybersecurity,0,No Offer
CUST_02497,25,Female,Pune,Small,Manufacturing,10.585220698899423,70,0.6844438192392664,9,5,0,3,0,5,0,1,0,0,1,Website,10,1,Other,Cloud Services,1,Cloud Services
CUST_02498,28,Male,Hyderabad,Small,Logistics,10.853017916751712,73,0.7415884311180105,5,8,0,1,6,1,0,0,1,1,0,Cold Call,20,1,Other,Cybersecurity,1,Cybersecurity
CUST_02499,43,Female,Bangalore,Large,IT,846.5395821490059,3984,25.792270783893983,4,7,0,0,4,1,1,0,0,1,1,Referral,15,0,Other,Cybersecurity,1,Cybersecurity
CUST_02500,54,Female,Hyderabad,Medium,Finance,30.143731398266613,388,4.392590648591623,10,10,1,7,5,1,0,0,1,1,0,Website,0,1,Other,Cybersecurity,1,Cybersecurity
CUST_02501,38,Male,Bangalore,Large,IT,114.40830876239843,633,10.529634172596438,9,6,1,3,4,0,0,0,0,0,2,Referral,20,1,Other,Cybersecurity,1,Cybersecurity
CUST_02502,45,Male,Hyderabad,Small,Logistics,9.002189131642018,62,0.8885291741653847,1,9,1,1,6,4,0,1,0,1,2,Cold Call,10,0,Other,Cloud Services,0,No Offer
CUST_02503,55,Female,Hyderabad,Small,Finance,18.277290939407465,92,2.009308463144407,0,6,0,4,1,0,0,0,0,0,1,LinkedIn,0,0,Other,Cybersecurity,0,No Offer
CUST_02504,49,Male,Ahmedabad,Medium,Healthcare,15.461674080421874,276,1.9435728630421527,0,8,0,6,9,2,0,1,0,1,1,Website,0,0,Other,Cloud Services,0,No Offer
CUST_02505,60,Male,Surat,Medium,Manufacturing,39.10246550719075,232,4.025563395454085,0,5,0,4,3,1,1,0,0,0,1,Cold Call,10,1,Other,Cybersecurity,1,Cybersecurity
CUST_02506,43,Female,Mumbai,Medium,Logistics,74.38034144287441,461,9.03451688333075,10,11,0,6,4,4,1,1,1,0,4,Cold Call,15,1,Other,AI Solutions,1,AI Solutions
CUST_02507,38,Male,Vadodara,Medium,Education,38.39786120153933,176,3.219592901947491,5,15,0,1,3,1,0,1,0,0,2,Email Campaign,10,0,Other,Cloud Services,0,No Offer
CUST_02508,55,Female,Ahmedabad,Medium,Finance,83.2298995204415,449,6.205040101249651,3,6,0,2,3,3,1,0,0,0,2,Website,10,1,Other,Cybersecurity,1,Cybersecurity
CUST_02509,27,Female,Mumbai,Medium,Manufacturing,35.93909939698128,159,4.628095940072779,10,7,0,2,5,3,1,0,0,0,3,Email Campaign,0,0,Other,Cybersecurity,0,No Offer
CUST_02510,27,Male,Ahmedabad,Small,IT,15.466917174338803,68,2.0700498601271216,8,11,1,4,6,1,1,0,0,0,3,LinkedIn,10,1,Other,Cybersecurity,1,Cybersecurity
CUST_02511,55,Male,Delhi,Small,Education,10.267358414035597,78,0.4778100088867199,8,6,1,1,7,1,1,0,1,0,3,Email Campaign,10,1,Other,Cybersecurity,1,Cybersecurity
CUST_02512,22,Male,Kolkata,Large,IT,131.0302240348632,1691,12.463493025707203,2,10,1,4,1,6,0,0,0,0,2,Referral,5,1,Other,Cybersecurity,1,Cybersecurity
CUST_02513,31,Female,Bangalore,Small,Logistics,16.72538946062157,95,1.8738639920210785,5,9,0,8,3,1,1,1,0,0,2,Referral,0,1,Other,Data Analytics,1,Data Analytics
CUST_02514,42,Male,Vadodara,Medium,Healthcare,95.29366914504168,424,3.8147817162972655,5,9,1,3,5,2,0,0,1,0,3,Website,10,1,Other,Cybersecurity,1,Cybersecurity
CUST_02515,26,Female,Ahmedabad,Medium,Logistics,24.63146348996287,379,3.4866235109370605,9,10,0,1,7,2,0,1,0,0,3,Website,10,0,Other,Cloud Services,0,No Offer
CUST_02516,23,Male,Ahmedabad,Large,Real Estate,295.6999179489871,1830,27.32656759250024,9,7,0,1,6,1,1,0,0,0,1,Referral,10,0,Other,Cybersecurity,1,Cybersecurity
CUST_02517,43,Male,Pune,Small,Logistics,3.065996023942521,42,0.3294562657323601,0,7,0,2,3,3,0,1,1,0,2,Website,20,1,Other,Cloud Services,1,Cloud Services
CUST_02518,23,Male,Hyderabad,Small,Logistics,0.6647903802124847,12,0.034162999119147,8,13,0,2,4,2,0,0,0,0,1,Website,10,1,Other,Cybersecurity,1,Cybersecurity
CUST_02519,31,Male,Delhi,Large,IT,798.370841964388,4294,49.2851587866484,3,5,1,2,6,3,0,0,0,0,1,Referral,15,0,Other,Cybersecurity,0,No Offer
CUST_02520,55,Male,Vadodara,Large,Finance,557.2460678995541,2990,24.80867630178605,5,8,1,4,7,2,0,1,1,0,1,LinkedIn,10,1,Other,Cloud Services,1,Cloud Services
CUST_02521,37,Female,Vadodara,Medium,Healthcare,62.94869532973079,370,3.8826658730221775,9,10,1,2,8,4,1,1,0,0,1,Website,0,1,Other,Data Analytics,1,Data Analytics
CUST_02522,60,Male,Kolkata,Medium,Manufacturing,23.071834321157382,104,2.0554146203250654,7,8,1,4,9,2,0,0,0,0,1,Website,10,1,Other,Cybersecurity,1,Cybersecurity
CUST_02523,43,Male,Vadodara,Small,Healthcare,3.044063246100001,46,0.3958364443312825,0,7,0,4,5,1,0,1,0,0,0,Website,10,0,Other,Cloud Services,0,No Offer
CUST_02524,33,Male,Chennai,Medium,Real Estate,34.60234948945916,487,3.254240581152847,7,7,0,1,4,1,1,0,0,0,3,Email Campaign,10,1,Other,Cybersecurity,1,Cybersecurity
CUST_02525,45,Female,Vadodara,Large,Manufacturing,544.562014996758,2443,32.31193120743277,5,10,1,0,3,1,0,0,0,0,3,Email Campaign,0,1,Other,Cybersecurity,1,Cybersecurity
CUST_02526,59,Female,Ahmedabad,Large,Retail,219.50483617485705,1457,7.760490093305943,0,7,1,14,3,1,0,0,0,0,1,Email Campaign,0,1,Other,Cybersecurity,1,Cybersecurity
CUST_02527,31,Male,Chennai,Small,Finance,2.4060429206558918,23,0.2517596220851433,8,13,1,7,2,3,1,1,1,1,3,Referral,0,1,Other,Advanced IT Solutions,1,Advanced IT Solutions
CUST_02528,56,Female,Mumbai,Small,Real Estate,15.01998606537637,76,1.2078950784025335,8,9,1,5,2,2,1,0,0,0,2,Website,10,1,Other,Cybersecurity,1,Cybersecurity
CUST_02529,53,Male,Hyderabad,Medium,Finance,88.11908664053897,385,13.052416240216523,9,9,0,2,9,5,0,0,0,0,4,Email Campaign,5,0,Other,Cybersecurity,0,No Offer
CUST_02530,28,Female,Chennai,Large,Manufacturing,170.8198774316985,909,21.108414889212632,7,6,0,2,3,1,0,1,1,0,3,Cold Call,15,1,Other,Cloud Services,1,Cloud Services
CUST_02531,42,Male,Mumbai,Medium,IT,65.2249805520709,313,8.283803316496853,6,12,0,5,2,1,1,1,0,0,0,Email Campaign,15,1,Other,Data Analytics,1,Data Analytics
CUST_02532,41,Male,Delhi,Small,Education,3.727480681366348,35,0.1172971178117209,0,7,0,4,6,0,1,0,0,1,3,Website,15,1,Other,Cybersecurity,1,Cybersecurity
CUST_02533,47,Female,Surat,Small,IT,2.047346365760061,19,0.2525103647479528,10,7,0,2,2,2,1,0,0,0,6,Referral,10,0,Other,Cybersecurity,0,No Offer
CUST_02534,25,Male,Bangalore,Medium,Retail,103.16787132083896,463,5.504377058796173,0,5,1,4,9,1,0,0,0,0,2,Website,10,1,Other,Cybersecurity,1,Cybersecurity
CUST_02535,43,Female,Ahmedabad,Small,Manufacturing,13.664833008752405,79,1.37052132290691,7,11,1,1,6,3,0,1,0,1,2,Email Campaign,0,0,Other,Cloud Services,0,No Offer
CUST_02536,36,Male,Chennai,Large,Retail,328.6496758361324,3394,27.5048848395224,9,10,0,2,4,4,1,1,0,0,2,LinkedIn,10,0,Other,Data Analytics,0,No Offer
CUST_02537,42,Female,Surat,Medium,Manufacturing,69.21006630232178,447,6.823590836726892,7,6,0,4,7,3,1,1,1,0,3,Cold Call,5,1,Other,AI Solutions,1,AI Solutions
CUST_02538,36,Female,Hyderabad,Medium,Retail,53.90556315680156,288,2.480368727085386,0,8,0,4,5,2,1,0,1,0,1,Email Campaign,0,0,Other,Cybersecurity,0,No Offer
CUST_02539,43,Male,Pune,Small,Manufacturing,7.590495116262766,81,0.6438789426573697,7,13,1,5,12,2,1,0,0,0,3,Email Campaign,10,1,Other,Cybersecurity,1,Cybersecurity
CUST_02540,49,Female,Delhi,Large,Finance,758.3115700780828,4190,26.11121703954817,7,12,0,1,8,1,1,1,0,1,2,Referral,10,1,Other,Data Analytics,1,Data Analytics
CUST_02541,35,Female,Bangalore,Small,Real Estate,0.7011476395626427,12,0.0244840207291671,9,5,0,2,7,3,1,0,1,0,2,Referral,0,1,Other,Cybersecurity,1,Cybersecurity
CUST_02542,48,Female,Hyderabad,Small,Retail,1.5503365444116517,14,0.1688759516273955,9,5,0,3,5,4,0,1,1,0,1,Email Campaign,20,1,Other,Cloud Services,1,Cloud Services
CUST_02543,49,Male,Delhi,Large,Retail,558.0789742825733,3020,80.47711147972689,2,8,0,2,10,1,0,1,0,0,3,Email Campaign,0,1,Other,Cloud Services,1,Cloud Services
CUST_02544,47,Female,Pune,Large,Real Estate,218.92315770156404,2741,26.990412235569288,0,7,1,4,5,1,1,0,0,0,3,Website,0,1,Other,Cybersecurity,1,Cybersecurity
CUST_02545,23,Male,Mumbai,Large,Manufacturing,408.64104111801856,4327,35.26518802782785,2,5,1,1,2,5,1,0,1,0,0,Referral,10,1,Other,Cybersecurity,1,Cybersecurity
CUST_02546,46,Male,Pune,Small,Healthcare,10.387658271297184,46,0.3812736867921994,7,9,1,3,4,1,0,1,0,0,0,Website,15,0,Other,Cloud Services,0,No Offer
CUST_02547,24,Female,Chennai,Small,Healthcare,17.192372449427918,93,0.608651554746291,7,7,1,3,7,3,1,1,1,1,2,Website,5,1,Other,Advanced IT Solutions,1,Advanced IT Solutions
CUST_02548,29,Female,Bangalore,Small,Finance,9.13680826513142,61,0.4472200059090298,6,2,0,2,5,0,1,0,1,0,2,Website,10,0,Other,Cybersecurity,0,No Offer
CUST_02549,54,Male,Vadodara,Small,IT,6.913400881911785,75,1.016942330274507,1,16,0,4,7,5,1,0,0,0,0,Referral,5,1,Other,Cybersecurity,1,Cybersecurity
CUST_02550,56,Male,Kolkata,Medium,IT,30.28017441701161,256,2.3569884275235817,4,6,0,5,2,3,1,1,0,0,1,Referral,5,1,Other,Data Analytics,1,Data Analytics
CUST_02551,27,Male,Ahmedabad,Small,Finance,2.637857594519549,16,0.3461103274523172,9,6,0,5,5,5,0,1,1,0,1,LinkedIn,15,0,Other,Cloud Services,0,No Offer
CUST_02552,60,Male,Ahmedabad,Medium,IT,37.5319461955723,463,4.301802555327173,7,9,0,6,5,1,0,1,0,0,1,Website,10,0,Other,Cloud Services,0,No Offer
CUST_02553,44,Male,Mumbai,Small,Real Estate,2.1952322396945667,15,0.2253437485763766,2,7,0,2,6,5,1,1,0,1,1,Cold Call,10,1,Other,Data Analytics,1,Data Analytics
CUST_02554,46,Female,Hyderabad,Small,Education,2.108718061241672,16,0.3031053067045354,5,4,1,1,5,3,1,1,0,0,2,Email Campaign,0,0,Other,Data Analytics,0,No Offer
CUST_02555,40,Male,Bangalore,Large,Real Estate,369.8838567866577,2545,21.323578150259955,1,5,0,4,3,2,1,0,1,0,1,Website,5,0,Other,Cybersecurity,0,No Offer
CUST_02556,26,Female,Vadodara,Small,Education,1.920028434913617,27,0.1624089834500924,7,11,0,0,6,1,0,0,0,1,3,Cold Call,15,0,Other,Cybersecurity,0,No Offer
CUST_02557,32,Female,Mumbai,Small,Education,4.49186329676736,63,0.6008619810692852,8,8,0,6,5,0,0,0,0,1,3,Cold Call,10,1,Other,Cybersecurity,1,Cybersecurity
CUST_02558,33,Male,Kolkata,Small,Logistics,9.227243240872044,38,0.887765592808155,0,7,0,0,5,2,1,1,1,0,2,Website,10,0,Other,AI Solutions,0,No Offer
CUST_02559,31,Male,Chennai,Small,Logistics,22.620366300535743,92,1.3475725087755892,3,6,0,3,5,1,0,1,0,0,2,LinkedIn,5,0,Other,Cloud Services,0,No Offer
CUST_02560,29,Male,Chennai,Medium,Education,33.672999964008554,249,1.8543710985375503,5,10,0,1,3,2,0,1,0,0,1,Website,0,0,Other,Cloud Services,0,No Offer
CUST_02561,45,Male,Vadodara,Small,Manufacturing,14.96153453257206,72,1.8005566474985786,1,12,0,8,6,2,1,0,0,0,1,Cold Call,10,1,Other,Cybersecurity,1,Cybersecurity
CUST_02562,49,Female,Vadodara,Medium,Healthcare,46.014204487692304,254,1.451042630065219,5,7,1,5,4,0,1,0,1,0,1,Email Campaign,15,1,Other,Cybersecurity,1,Cybersecurity
CUST_02563,57,Male,Vadodara,Large,Finance,247.37534338371788,3371,34.55908978945704,10,5,0,3,5,0,1,1,0,0,2,Website,10,1,Other,Data Analytics,1,Data Analytics
CUST_02564,58,Female,Pune,Medium,Real Estate,23.507182265392007,215,0.7571700683920682,6,5,1,4,3,1,0,1,1,1,2,Cold Call,5,1,Other,Cloud Services,1,Cloud Services
CUST_02565,42,Male,Ahmedabad,Small,Manufacturing,4.058290142240548,36,0.4290370997253429,5,7,0,4,6,2,0,1,0,0,4,LinkedIn,15,1,Other,Cloud Services,1,Cloud Services
CUST_02566,29,Male,Surat,Medium,Education,52.43801496127188,310,5.378554366825514,9,8,0,2,4,3,0,1,1,0,0,Referral,15,1,Other,Cloud Services,1,Cloud Services
CUST_02567,30,Male,Bangalore,Small,Finance,7.137799725904442,43,0.7095639464321999,9,13,1,2,4,1,1,1,1,0,3,Referral,5,1,Other,AI Solutions,1,AI Solutions
CUST_02568,36,Male,Surat,Medium,Healthcare,89.65606419889052,382,7.793009648463606,10,5,0,1,3,3,0,1,1,0,2,Email Campaign,5,0,Other,Cloud Services,0,No Offer
CUST_02569,39,Male,Pune,Medium,IT,81.33083975294461,391,10.75939016720194,7,7,0,4,5,1,1,0,1,0,0,Email Campaign,10,1,Other,Cybersecurity,1,Cybersecurity
CUST_02570,41,Male,Hyderabad,Small,Manufacturing,17.930932166568173,81,1.956622321681129,4,13,0,3,6,1,1,0,0,0,1,Referral,10,1,Other,Cybersecurity,1,Cybersecurity
CUST_02571,27,Female,Chennai,Large,Healthcare,1027.562243695353,4502,127.23632653945472,2,4,0,4,6,4,0,1,0,0,0,Referral,5,1,Other,Cloud Services,1,Cloud Services
CUST_02572,33,Female,Ahmedabad,Large,Finance,409.7876469619314,1949,17.974358494258535,1,6,0,2,6,3,0,0,0,0,1,Website,0,0,Other,Cybersecurity,0,No Offer
CUST_02573,23,Male,Vadodara,Large,Retail,110.51428709642762,948,3.9771700943759103,1,11,1,1,3,2,1,0,0,0,3,Email Campaign,5,1,Other,Cybersecurity,1,Cybersecurity
CUST_02574,28,Male,Kolkata,Small,Manufacturing,2.0460570738718,22,0.0683862271164886,1,11,0,5,4,1,0,0,0,0,0,Website,5,0,Other,Cybersecurity,0,No Offer
CUST_02575,37,Male,Kolkata,Medium,Real Estate,34.02116779407134,207,1.6216093776727876,9,8,0,5,6,4,1,0,0,0,6,LinkedIn,0,1,Other,Cybersecurity,1,Cybersecurity
CUST_02576,24,Male,Kolkata,Large,Logistics,265.89783355628924,1415,29.25964936472071,4,10,1,3,5,2,0,0,0,0,1,Website,0,0,Other,Cybersecurity,1,Cybersecurity
CUST_02577,24,Male,Bangalore,Small,Finance,5.98373890825376,47,0.5342438314098863,9,7,0,4,10,2,1,1,1,0,5,Referral,10,1,Other,AI Solutions,1,AI Solutions
CUST_02578,48,Male,Vadodara,Large,Real Estate,1059.0181262957808,4821,127.36839676757702,3,14,1,5,7,1,0,1,0,1,2,LinkedIn,10,1,Other,Cloud Services,1,Cloud Services
CUST_02579,59,Male,Ahmedabad,Small,Finance,9.684532742543867,40,0.5133542291464642,1,5,1,4,4,2,0,1,0,0,1,Referral,0,0,Other,Cloud Services,0,No Offer
CUST_02580,54,Male,Chennai,Small,Logistics,8.35783640660099,51,0.6187771408449623,4,4,1,1,5,0,1,0,1,0,3,LinkedIn,15,1,Other,Cybersecurity,1,Cybersecurity
CUST_02581,49,Male,Surat,Medium,Healthcare,48.33089705558933,342,6.602952938038666,6,11,0,5,6,1,0,0,0,1,0,LinkedIn,20,1,Other,Cybersecurity,1,Cybersecurity
CUST_02582,22,Male,Vadodara,Medium,Real Estate,99.01557279499214,453,14.088504593564316,4,8,0,6,6,2,1,1,0,0,0,Website,15,0,Other,Data Analytics,0,No Offer
CUST_02583,29,Female,Vadodara,Medium,Real Estate,26.71385387676626,487,3.756168171543304,10,8,0,3,3,2,1,0,1,0,0,LinkedIn,5,0,Other,Cybersecurity,0,No Offer
CUST_02584,58,Male,Pune,Large,Finance,144.10059654018113,1901,18.47320729874573,7,5,1,3,2,2,1,1,1,0,3,Referral,15,1,Other,AI Solutions,1,AI Solutions
CUST_02585,53,Male,Hyderabad,Small,Manufacturing,11.613971185466438,53,1.3075973351048045,5,7,0,0,7,1,0,1,0,0,0,Referral,10,0,Other,Cloud Services,0,No Offer
CUST_02586,58,Female,Kolkata,Small,Education,14.14121163333109,72,1.974697844696567,8,8,0,8,5,2,0,0,0,0,2,Website,5,1,Other,Cybersecurity,1,Cybersecurity
CUST_02587,25,Female,Mumbai,Large,Logistics,468.69378085656376,3518,54.22870988500076,9,10,1,3,7,1,0,1,1,0,0,Email Campaign,5,0,Other,Cloud Services,1,Cloud Services
CUST_02588,51,Female,Ahmedabad,Small,Manufacturing,22.093726039853458,97,3.191932517854792,4,6,1,1,5,6,0,0,1,0,4,Website,10,1,Other,Cybersecurity,1,Cybersecurity
CUST_02589,27,Female,Pune,Medium,Logistics,23.336581560641022,194,0.7695144386989624,7,11,0,2,7,1,0,1,0,0,1,Website,0,0,Other,Cloud Services,0,No Offer
CUST_02590,40,Male,Hyderabad,Medium,Finance,75.30362449026137,426,10.587467480783015,5,7,0,7,6,1,1,0,1,0,2,Cold Call,15,1,Other,Cybersecurity,1,Cybersecurity
CUST_02591,53,Female,Hyderabad,Small,Healthcare,10.435146749845808,59,1.0089624884296575,6,5,0,4,6,2,1,0,0,0,2,Website,10,1,Other,Cybersecurity,1,Cybersecurity
CUST_02592,30,Female,Delhi,Small,Manufacturing,2.51912497716257,29,0.1093696503950617,7,13,0,2,3,2,1,1,0,0,1,Website,15,1,Other,Data Analytics,1,Data Analytics
CUST_02593,33,Male,Kolkata,Medium,Retail,34.76536285066377,325,1.939537078293584,3,8,1,3,3,2,0,0,0,0,3,Email Campaign,10,1,Other,Cybersecurity,1,Cybersecurity
CUST_02594,32,Male,Delhi,Large,Education,1124.0306734790267,4820,148.66330106160507,3,7,0,2,5,4,1,1,0,0,3,Website,15,1,Other,Data Analytics,1,Data Analytics
CUST_02595,37,Female,Pune,Medium,Logistics,31.8993332391955,368,2.89435520525457,10,12,1,5,6,4,1,0,0,0,1,Referral,10,1,Other,Cybersecurity,1,Cybersecurity
CUST_02596,22,Male,Hyderabad,Medium,IT,9.48807152938679,112,1.4036475291862305,5,14,0,2,4,2,1,0,0,0,2,Cold Call,10,1,Other,Cybersecurity,1,Cybersecurity
CUST_02597,42,Male,Mumbai,Medium,Healthcare,18.09446374860008,124,0.7980334004904556,1,6,0,3,4,3,1,0,1,0,1,Referral,15,0,Other,Cybersecurity,0,No Offer
CUST_02598,51,Male,Ahmedabad,Small,Healthcare,4.5170052607395,66,0.359103795803403,8,10,0,6,5,0,1,0,0,0,2,Website,5,1,Other,Cybersecurity,1,Cybersecurity
CUST_02599,34,Male,Delhi,Small,IT,16.940467596968727,74,1.182867017821661,7,4,0,0,7,0,0,0,0,0,1,Website,0,0,Other,Cybersecurity,0,No Offer
CUST_02600,55,Male,Hyderabad,Small,IT,4.271819487412147,61,0.3927350742934962,1,8,0,2,4,2,1,0,1,0,2,Referral,10,1,Other,Cybersecurity,1,Cybersecurity
CUST_02601,25,Female,Ahmedabad,Small,Manufacturing,16.81121505071141,97,1.7821995788340326,0,5,0,5,3,0,1,0,0,1,1,Email Campaign,10,1,Other,Cybersecurity,1,Cybersecurity
CUST_02602,49,Female,Kolkata,Small,Finance,1.7693455693359543,15,0.193558507503182,9,6,1,3,3,4,1,1,0,1,2,Website,10,1,Other,Data Analytics,1,Data Analytics
CUST_02603,59,Male,Surat,Small,Finance,3.3736732335073087,16,0.1017348220498839,3,9,0,4,5,2,0,0,1,0,2,Cold Call,0,0,Other,Cybersecurity,1,Cybersecurity
CUST_02604,52,Female,Ahmedabad,Small,Retail,3.023318684763139,18,0.1229742495416679,10,4,0,2,7,3,1,0,0,0,4,Referral,10,1,Other,Cybersecurity,1,Cybersecurity
CUST_02605,48,Male,Hyderabad,Small,Education,8.936285975112137,70,0.3056894326453658,3,3,0,3,5,2,0,1,1,1,1,Website,10,0,Other,Cloud Services,0,No Offer
CUST_02606,26,Male,Pune,Medium,Logistics,70.3307601190542,285,9.406872623308775,1,6,1,5,5,0,1,0,0,0,1,Website,10,1,Other,Cybersecurity,1,Cybersecurity
CUST_02607,46,Female,Delhi,Medium,Finance,24.03355512338033,380,1.624549850026283,4,4,0,4,4,1,0,1,0,0,5,Referral,20,1,Other,Cloud Services,1,Cloud Services
CUST_02608,24,Female,Delhi,Small,Real Estate,7.284519468429956,44,0.5394012786725727,2,8,0,2,4,1,0,1,1,0,1,Cold Call,0,0,Other,Cloud Services,0,No Offer
CUST_02609,54,Female,Chennai,Large,Retail,957.938391161238,3864,80.5095008917898,2,10,0,2,8,0,0,0,0,0,2,Referral,0,1,Other,Cybersecurity,1,Cybersecurity
CUST_02610,25,Female,Hyderabad,Small,Retail,12.60876541905443,67,1.6633045522926435,9,8,0,4,5,7,1,1,1,1,1,Website,20,1,Other,Advanced IT Solutions,1,Advanced IT Solutions
CUST_02611,46,Female,Chennai,Large,Healthcare,136.19230131396577,688,4.317289321192654,2,12,0,3,8,3,0,0,1,0,2,LinkedIn,10,1,Other,Cybersecurity,1,Cybersecurity
CUST_02612,41,Female,Mumbai,Small,Healthcare,3.892857795196906,69,0.1721974227445959,3,12,1,4,4,1,0,0,1,1,2,Website,5,1,Other,Cybersecurity,1,Cybersecurity
CUST_02613,55,Male,Mumbai,Large,Education,157.66199775933515,2905,17.69276232811098,10,7,0,3,7,2,1,0,0,0,2,LinkedIn,20,1,Other,Cybersecurity,1,Cybersecurity
CUST_02614,47,Female,Hyderabad,Small,Manufacturing,2.517768985443297,44,0.3667561134401652,4,9,0,3,3,1,0,0,0,0,1,Email Campaign,0,0,Other,Cybersecurity,0,No Offer
CUST_02615,26,Other,Delhi,Medium,Real Estate,40.23185443050992,162,4.310214400698853,3,11,0,2,6,3,1,1,1,0,1,Website,5,1,Other,AI Solutions,1,AI Solutions
CUST_02616,56,Female,Kolkata,Small,IT,13.524717368149366,55,0.8295360541501746,8,14,0,2,9,1,1,0,1,1,0,Website,5,1,Other,Cybersecurity,1,Cybersecurity
CUST_02617,49,Male,Bangalore,Medium,IT,46.76071406114095,400,4.319929250440155,3,6,0,4,9,1,1,0,0,1,2,Cold Call,5,1,Other,Cybersecurity,1,Cybersecurity
CUST_02618,50,Male,Mumbai,Small,Education,1.4065527222911551,13,0.2067599547219096,10,5,0,5,2,0,0,0,0,1,0,Referral,5,0,Other,Cybersecurity,0,No Offer
CUST_02619,30,Female,Delhi,Small,Retail,1.5046432329678083,19,0.1404873132629026,6,5,1,1,3,1,1,0,1,1,2,Website,5,1,Other,Cybersecurity,1,Cybersecurity
CUST_02620,59,Male,Vadodara,Medium,Education,46.91036423234544,405,3.509876401463562,9,15,1,1,9,1,1,0,1,0,0,Website,5,1,Other,Cybersecurity,1,Cybersecurity
CUST_02621,27,Female,Vadodara,Small,IT,6.077469319363249,49,0.4619549250759559,10,7,0,5,2,3,0,1,0,0,4,Email Campaign,10,1,Other,Cloud Services,1,Cloud Services
CUST_02622,40,Male,Chennai,Large,Retail,234.99577506507651,1177,34.319727915801984,4,5,0,7,3,0,1,0,0,0,3,Website,15,1,Other,Cybersecurity,1,Cybersecurity
CUST_02623,32,Male,Ahmedabad,Small,IT,18.30721426788365,82,2.128579495508515,9,5,0,2,8,3,1,0,0,0,2,Referral,15,0,Other,Cybersecurity,0,No Offer
CUST_02624,23,Female,Kolkata,Medium,Manufacturing,27.509889304862316,138,3.0937825821221074,8,7,1,3,6,6,1,0,0,0,1,Website,0,1,Other,Cybersecurity,1,Cybersecurity
CUST_02625,30,Male,Chennai,Medium,Healthcare,52.35414590398144,292,3.0285050749730598,8,8,0,1,4,2,1,0,0,1,1,Email Campaign,0,0,Other,Cybersecurity,0,No Offer
CUST_02626,42,Male,Vadodara,Small,Healthcare,18.28620140559837,90,1.7762878945059069,7,6,1,4,7,3,0,1,1,0,3,Referral,10,1,Other,Cloud Services,1,Cloud Services
CUST_02627,45,Female,Kolkata,Small,Retail,6.326383866571554,32,0.4606203642061581,5,5,1,3,3,0,1,0,0,0,3,Email Campaign,15,1,Other,Cybersecurity,1,Cybersecurity
CUST_02628,55,Female,Bangalore,Medium,Education,39.62593327767956,273,2.330963154732639,10,7,0,5,7,5,0,0,0,0,0,Email Campaign,15,0,Other,Cybersecurity,0,No Offer
CUST_02629,43,Male,Ahmedabad,Medium,IT,34.565232745220115,295,4.751553766547578,5,11,1,1,0,0,1,1,0,0,2,Referral,5,1,Other,Data Analytics,1,Data Analytics
CUST_02630,24,Other,Chennai,Large,Finance,312.20950009027337,2930,23.721271023963396,1,6,0,1,5,2,0,0,0,0,1,Referral,10,1,Other,Cybersecurity,1,Cybersecurity
CUST_02631,33,Male,Vadodara,Small,Manufacturing,5.0185194813690215,27,0.3208563305143238,6,9,1,4,4,1,1,1,0,0,0,Email Campaign,0,0,Other,Data Analytics,0,No Offer
CUST_02632,49,Female,Mumbai,Medium,IT,69.41405674315592,287,9.843360799766156,8,10,0,3,7,3,0,1,0,0,4,Email Campaign,0,1,Other,Cloud Services,1,Cloud Services
CUST_02633,51,Male,Mumbai,Small,Logistics,14.626563053267091,88,0.7851768329300802,8,4,1,5,7,4,0,1,1,0,1,Email Campaign,10,1,Other,Cloud Services,1,Cloud Services
CUST_02634,47,Female,Chennai,Small,Finance,2.7900636059334385,12,0.3333026003244207,1,9,0,4,5,2,1,0,1,0,3,Email Campaign,5,1,Other,Cybersecurity,1,Cybersecurity
CUST_02635,42,Male,Bangalore,Medium,Manufacturing,22.72372590367349,430,2.461653440535581,8,7,0,1,1,4,0,1,0,1,0,Email Campaign,10,0,Other,Cloud Services,0,No Offer
CUST_02636,49,Male,Bangalore,Small,Manufacturing,20.680518805372916,99,2.9047470278819056,6,7,0,2,3,3,1,1,0,0,3,Email Campaign,5,0,Other,Data Analytics,0,No Offer
CUST_02637,47,Male,Hyderabad,Small,Healthcare,19.4234067800974,88,2.522045004985111,4,10,0,3,5,2,1,0,0,1,1,Email Campaign,0,1,Other,Cybersecurity,1,Cybersecurity
CUST_02638,54,Female,Ahmedabad,Small,Retail,10.924323590501826,62,1.252314490227793,4,13,1,2,4,1,0,0,0,0,2,Referral,15,1,Other,Cybersecurity,1,Cybersecurity
CUST_02639,42,Male,Delhi,Medium,IT,63.9392939655334,270,4.331797605350517,5,6,0,3,6,2,1,1,0,0,3,LinkedIn,10,1,Other,Data Analytics,1,Data Analytics
CUST_02640,56,Female,Bangalore,Large,Manufacturing,119.4356275877208,711,10.685700332526542,7,11,1,5,2,3,1,0,0,1,0,Cold Call,5,1,Other,Cybersecurity,1,Cybersecurity
CUST_02641,55,Female,Ahmedabad,Medium,IT,25.311704170380267,258,3.628166801279156,1,8,1,8,7,2,1,0,0,1,2,Website,15,1,Other,Cybersecurity,1,Cybersecurity
CUST_02642,39,Male,Bangalore,Medium,Manufacturing,17.23153748958319,185,0.5649241645341302,2,12,0,3,7,1,1,1,0,0,3,LinkedIn,0,0,Other,Data Analytics,0,No Offer
CUST_02643,32,Male,Hyderabad,Medium,Education,64.62806858875575,401,8.099177848711422,9,6,0,4,6,2,1,0,1,0,0,Website,0,1,Other,Cybersecurity,0,No Offer
CUST_02644,44,Male,Surat,Medium,Real Estate,23.823568968221945,103,1.4345896191606742,6,10,1,0,3,0,0,0,1,0,1,LinkedIn,0,0,Other,Cybersecurity,0,No Offer
CUST_02645,43,Female,Bangalore,Small,Healthcare,2.192102031134524,34,0.1144321829966703,2,11,0,5,6,2,0,1,0,1,2,Email Campaign,5,0,Other,Cloud Services,0,No Offer
CUST_02646,38,Male,Ahmedabad,Small,Retail,13.157613888048031,77,0.7613910340658063,0,9,0,6,4,1,0,0,0,0,1,Email Campaign,15,1,Other,Cybersecurity,1,Cybersecurity
CUST_02647,26,Male,Hyderabad,Small,Finance,3.8752531973316935,19,0.1440436224209783,5,5,0,2,6,2,1,0,0,0,2,Email Campaign,10,0,Other,Cybersecurity,0,No Offer
CUST_02648,32,Female,Hyderabad,Medium,Finance,13.008313678599064,178,1.938727576416698,6,12,1,3,4,3,0,1,1,0,1,Website,5,1,Other,Cloud Services,1,Cloud Services
CUST_02649,51,Female,Ahmedabad,Large,Education,95.8735971521202,1307,12.883905972078905,8,11,0,3,5,6,0,0,1,0,1,Referral,15,1,Other,Cybersecurity,1,Cybersecurity
CUST_02650,36,Male,Ahmedabad,Small,Logistics,11.336755138720422,92,1.0489527257558946,0,8,1,4,6,1,0,0,0,0,1,Referral,5,0,Other,Cybersecurity,0,No Offer
CUST_02651,48,Male,Mumbai,Small,Healthcare,1.8859722247789807,18,0.2184189346565501,10,13,1,3,4,1,1,0,0,0,1,Website,0,1,Other,Cybersecurity,1,Cybersecurity
CUST_02652,56,Female,Surat,Large,Manufacturing,330.85584926354306,3690,32.02401525745114,8,7,0,2,8,2,0,0,0,1,0,Email Campaign,15,0,Other,Cybersecurity,0,No Offer
CUST_02653,54,Female,Hyderabad,Large,Healthcare,407.5937873085461,4542,51.92315789948681,9,10,0,0,4,2,1,1,0,0,1,Referral,15,1,Other,Data Analytics,1,Data Analytics
CUST_02654,41,Female,Mumbai,Medium,Retail,28.55017743186269,375,3.7506888558215774,6,9,1,2,7,5,1,0,0,0,1,Website,10,1,Other,Cybersecurity,1,Cybersecurity
CUST_02655,37,Female,Kolkata,Small,Real Estate,8.092027722970354,47,0.4688104234800517,7,6,0,4,3,1,0,0,1,1,0,Email Campaign,5,0,Other,Cybersecurity,0,No Offer
CUST_02656,55,Male,Chennai,Small,Finance,18.19963670953129,97,1.550058189748105,2,7,1,1,4,1,1,1,0,0,3,Website,5,0,Other,Data Analytics,0,No Offer
CUST_02657,23,Male,Chennai,Small,IT,15.43756687544052,81,1.6391875285360222,4,6,0,4,4,3,1,1,0,1,4,Referral,5,0,Other,Data Analytics,0,No Offer
CUST_02658,56,Male,Hyderabad,Small,Finance,10.640014075485045,68,1.5684753274287098,2,8,0,1,7,2,1,1,1,0,2,LinkedIn,0,1,Other,AI Solutions,1,AI Solutions
CUST_02659,49,Male,Mumbai,Small,Logistics,15.878362759585482,66,1.7771496363961734,6,14,0,7,5,2,0,0,0,1,0,Email Campaign,0,1,Other,Cybersecurity,1,Cybersecurity
CUST_02660,60,Female,Surat,Medium,Logistics,107.62672042657428,476,14.821943094373196,1,13,1,4,8,3,1,0,0,0,1,Referral,0,1,Other,Cybersecurity,1,Cybersecurity
CUST_02661,27,Male,Surat,Small,Logistics,16.665309768794664,69,2.19204562452104,5,13,1,1,6,0,1,1,0,0,0,Website,10,1,Other,Data Analytics,1,Data Analytics
CUST_02662,30,Male,Kolkata,Small,Logistics,4.7270865381411165,37,0.4719880928639273,9,8,1,11,6,2,0,0,0,0,1,LinkedIn,0,1,Other,Cybersecurity,1,Cybersecurity
CUST_02663,41,Other,Hyderabad,Small,Retail,8.345595383667183,37,1.1453381872126476,1,5,1,3,2,2,0,1,1,0,1,Referral,15,1,Other,Cloud Services,1,Cloud Services
CUST_02664,22,Male,Bangalore,Medium,Manufacturing,91.15872294661956,450,6.863395614901185,8,8,0,7,5,2,1,0,0,0,3,Referral,10,1,Other,Cybersecurity,1,Cybersecurity
CUST_02665,29,Male,Kolkata,Medium,Healthcare,27.84672102320542,236,2.1028179500270303,5,8,0,4,5,1,0,0,1,1,1,Website,0,0,Other,Cybersecurity,0,No Offer
CUST_02666,44,Male,Mumbai,Medium,Finance,17.829662925210968,250,2.205812388778811,4,15,1,2,8,1,0,0,1,0,0,Referral,15,1,Other,Cybersecurity,1,Cybersecurity
CUST_02667,24,Female,Bangalore,Small,Logistics,17.71980374803935,95,0.8176845945124869,5,4,0,0,4,4,1,0,1,1,2,LinkedIn,10,0,Other,Cybersecurity,0,No Offer
CUST_02668,25,Female,Chennai,Small,Finance,4.9465897487600685,64,0.3299327187338581,5,8,1,1,7,2,1,1,1,0,1,Website,15,1,Other,AI Solutions,1,AI Solutions
CUST_02669,46,Male,Pune,Small,Logistics,5.111492585810454,47,0.5266304060424238,5,9,0,4,4,1,1,1,0,0,1,LinkedIn,5,0,Other,Data Analytics,0,No Offer
CUST_02670,59,Male,Chennai,Small,IT,4.051968712796452,27,0.3258101810556112,9,6,0,2,4,3,0,0,0,1,0,Cold Call,15,0,Other,Cybersecurity,0,No Offer
CUST_02671,36,Female,Hyderabad,Large,Healthcare,885.8061029824356,4763,126.57003950218557,5,10,0,4,8,3,0,0,0,0,1,Email Campaign,10,1,Other,Cybersecurity,1,Cybersecurity
CUST_02672,42,Female,Ahmedabad,Large,IT,782.6618830990867,3327,113.50219634217471,8,9,1,3,6,4,0,0,0,1,2,Referral,15,1,Other,Cybersecurity,1,Cybersecurity
CUST_02673,56,Female,Chennai,Medium,IT,51.43764273578879,305,4.645321019087523,6,9,0,4,5,2,0,0,0,0,2,Email Campaign,15,0,Other,Cybersecurity,1,Cybersecurity
CUST_02674,35,Female,Vadodara,Large,Logistics,343.1342383178881,1862,32.49049808835611,10,4,0,4,4,2,1,0,0,0,1,LinkedIn,10,1,Other,Cybersecurity,1,Cybersecurity
CUST_02675,57,Female,Chennai,Medium,Real Estate,18.36845428495208,164,2.148287181724888,0,4,0,3,3,5,1,1,0,0,3,Website,0,0,Other,Data Analytics,0,No Offer
CUST_02676,33,Male,Chennai,Small,Manufacturing,4.311546035571279,23,0.3659286341390421,9,11,0,4,2,3,1,0,1,0,2,Email Campaign,5,1,Other,Cybersecurity,1,Cybersecurity
CUST_02677,38,Male,Chennai,Large,Finance,376.9089861600809,2740,19.905248083445997,8,9,0,6,7,0,0,1,1,0,2,Email Campaign,10,1,Other,Cloud Services,1,Cloud Services
CUST_02678,60,Male,Chennai,Small,Real Estate,11.733470538568003,53,1.4037490041477352,5,7,1,0,7,1,1,0,1,0,0,Referral,0,1,Other,Cybersecurity,1,Cybersecurity
CUST_02679,30,Female,Bangalore,Medium,Education,42.14475371193672,328,4.995599163229019,9,7,1,0,1,1,0,0,0,1,1,Website,10,0,Other,Cybersecurity,0,No Offer
CUST_02680,56,Female,Bangalore,Small,Healthcare,2.298470469300982,16,0.1365239338809625,7,10,0,6,5,1,0,0,0,0,2,Website,0,0,Other,Cybersecurity,0,No Offer
CUST_02681,34,Male,Chennai,Small,Real Estate,13.105684932676953,96,1.7030835259969097,2,16,1,3,5,1,1,1,0,1,0,LinkedIn,10,1,Other,Data Analytics,1,Data Analytics
CUST_02682,36,Male,Delhi,Medium,Manufacturing,64.72849289275048,305,6.708325304677445,2,9,0,3,6,1,0,1,0,0,0,Website,0,1,Other,Cloud Services,1,Cloud Services
CUST_02683,39,Male,Delhi,Small,Education,12.999951327728578,54,0.7586276717634937,8,10,1,3,4,3,1,0,1,1,2,LinkedIn,20,1,Other,Cybersecurity,1,Cybersecurity
CUST_02684,54,Female,Bangalore,Small,Manufacturing,2.88638150491637,25,0.3124354922926967,8,10,0,1,3,1,1,0,0,1,2,Website,10,0,Other,Cybersecurity,1,Cybersecurity
CUST_02685,27,Female,Pune,Small,Real Estate,10.585407351126324,73,0.6143044601604984,4,16,0,5,3,4,1,0,0,1,2,Email Campaign,10,0,Other,Cybersecurity,0,No Offer
CUST_02686,48,Female,Ahmedabad,Small,Logistics,8.79452165357777,46,0.5437472845552268,4,8,1,5,9,3,1,1,1,0,1,Cold Call,0,1,Other,AI Solutions,1,AI Solutions
CUST_02687,44,Female,Kolkata,Large,Logistics,855.3709953355371,3734,112.70463763774784,2,3,0,7,3,0,1,1,1,0,4,Referral,15,1,Other,AI Solutions,1,AI Solutions
CUST_02688,48,Female,Vadodara,Medium,Manufacturing,48.63802557372976,327,6.884176933042195,6,3,0,4,3,1,1,1,0,1,3,Cold Call,15,1,Other,Data Analytics,1,Data Analytics
CUST_02689,55,Female,Vadodara,Medium,Real Estate,26.55811960877782,370,1.615422032195116,6,7,1,5,7,4,1,1,0,0,3,Referral,0,1,Other,Data Analytics,1,Data Analytics
CUST_02690,59,Female,Chennai,Small,Retail,4.57816823790978,37,0.6471979008744088,2,11,0,2,5,1,1,0,0,0,3,Referral,0,1,Other,Cybersecurity,0,No Offer
CUST_02691,35,Male,Pune,Large,Retail,544.4061544763649,3401,31.93261204041951,7,15,0,3,8,1,1,1,0,1,2,Cold Call,5,1,Other,Data Analytics,1,Data Analytics
CUST_02692,57,Male,Delhi,Small,Manufacturing,2.8036033450573368,21,0.1235606417478706,5,9,0,4,5,3,1,0,0,0,1,Referral,0,1,Other,Cybersecurity,1,Cybersecurity
CUST_02693,29,Male,Delhi,Small,Retail,2.357400924655579,27,0.0871928706199343,2,8,0,1,9,1,0,0,0,0,0,Referral,0,0,Other,Cybersecurity,0,No Offer
CUST_02694,56,Male,Pune,Small,Healthcare,5.682392007795706,99,0.3355656415965359,5,7,0,2,5,1,1,1,0,0,3,Website,0,0,Other,Data Analytics,0,No Offer
CUST_02695,40,Female,Ahmedabad,Large,Finance,418.2717468048492,2231,31.884681626496587,0,7,0,1,6,2,1,0,0,0,2,Cold Call,5,1,Other,Cybersecurity,1,Cybersecurity
CUST_02696,51,Male,Bangalore,Small,Education,24.606196377387423,99,3.4769984021812803,5,7,0,6,11,2,0,1,1,1,0,Website,15,0,Other,Cloud Services,0,No Offer
CUST_02697,35,Female,Ahmedabad,Small,Logistics,19.40883012268384,83,1.1462653211777034,6,11,0,4,5,1,0,1,0,0,1,LinkedIn,0,0,Other,Cloud Services,0,No Offer
CUST_02698,41,Male,Hyderabad,Medium,Healthcare,92.39382017522055,495,6.823823328656751,3,10,0,2,9,3,0,0,0,0,2,Cold Call,15,0,Other,Cybersecurity,0,No Offer
CUST_02699,46,Male,Hyderabad,Small,Finance,19.64753655329573,90,2.320348622779808,3,5,0,3,3,5,0,0,1,0,1,Website,0,0,Other,Cybersecurity,0,No Offer
CUST_02700,45,Female,Delhi,Medium,Retail,14.666100935548602,145,0.9716129157986892,2,7,0,5,4,3,1,1,1,0,3,Website,10,1,Other,AI Solutions,1,AI Solutions
CUST_02701,35,Male,Kolkata,Medium,Education,83.92819275074655,481,9.410379640118714,4,8,0,3,13,5,0,0,1,0,0,Referral,10,0,Other,Cybersecurity,0,No Offer
CUST_02702,47,Male,Hyderabad,Small,Healthcare,6.02572177873993,97,0.4932013404289366,10,9,0,2,11,1,1,1,0,0,3,Email Campaign,0,1,Other,Data Analytics,1,Data Analytics
CUST_02703,59,Male,Delhi,Small,IT,10.911896771362018,57,0.584587348501499,0,8,0,3,2,3,1,0,0,0,1,Website,15,1,Other,Cybersecurity,0,No Offer
CUST_02704,44,Female,Chennai,Small,Logistics,4.1475659526825135,17,0.4897739031712514,5,6,1,3,5,3,1,0,0,1,2,Email Campaign,10,1,Other,Cybersecurity,1,Cybersecurity
CUST_02705,43,Male,Surat,Large,Manufacturing,328.1295245521556,1477,10.908554480617514,1,12,0,3,2,3,0,0,1,1,1,Referral,15,1,Other,Cybersecurity,1,Cybersecurity
CUST_02706,40,Female,Surat,Large,Logistics,738.9433040348825,4710,48.09056250391285,3,7,1,1,9,1,1,0,0,0,4,Email Campaign,10,1,Other,Cybersecurity,1,Cybersecurity
CUST_02707,24,Female,Mumbai,Small,Finance,6.855685447464326,33,0.4986947947917816,5,8,0,4,5,2,0,0,0,1,3,Cold Call,0,1,Other,Cybersecurity,1,Cybersecurity
CUST_02708,40,Female,Chennai,Small,Finance,8.596071431626786,36,0.730547365086695,10,8,1,5,4,5,1,0,0,0,1,Referral,5,1,Other,Cybersecurity,1,Cybersecurity
CUST_02709,30,Female,Surat,Small,IT,8.20190937173019,88,0.915204380187438,10,5,1,1,8,4,1,1,0,0,2,LinkedIn,10,1,Other,Data Analytics,1,Data Analytics
CUST_02710,49,Male,Ahmedabad,Medium,IT,25.246856014052547,121,2.1492294892637585,5,6,1,1,3,2,1,1,1,0,2,Referral,10,1,Other,AI Solutions,1,AI Solutions
CUST_02711,41,Male,Mumbai,Medium,Manufacturing,20.585939535566595,198,2.0857446148733985,9,11,1,1,4,1,1,0,0,1,2,Referral,10,1,Other,Cybersecurity,1,Cybersecurity
CUST_02712,28,Female,Delhi,Small,Retail,16.904211329095,75,1.7156673935162392,6,8,0,1,2,5,0,0,0,0,0,Referral,10,0,Other,Cybersecurity,0,No Offer
CUST_02713,35,Male,Pune,Medium,Logistics,13.02845851281144,187,0.9744322599458006,0,3,0,2,6,5,0,0,0,1,0,Referral,5,0,Other,Cybersecurity,0,No Offer
CUST_02714,30,Male,Pune,Medium,Healthcare,20.12626568688255,235,2.8594704312256427,5,7,0,5,3,1,1,0,0,0,5,Referral,20,1,Other,Cybersecurity,1,Cybersecurity
CUST_02715,40,Male,Delhi,Large,Real Estate,184.0288814742536,948,26.629431806116266,8,8,0,2,6,0,0,0,1,1,5,Website,10,1,Other,Cybersecurity,1,Cybersecurity
CUST_02716,35,Female,Kolkata,Small,Real Estate,4.587597041723089,54,0.4579435986031808,7,7,0,4,4,1,1,0,0,0,1,Website,10,1,Other,Cybersecurity,1,Cybersecurity
CUST_02717,59,Male,Delhi,Small,Healthcare,7.834642596538453,96,0.3024399688416652,7,5,0,1,5,1,1,1,0,0,1,LinkedIn,0,0,Other,Data Analytics,0,No Offer
CUST_02718,57,Male,Bangalore,Small,Healthcare,6.765921770150526,42,0.6017293345749442,10,11,0,1,3,3,1,0,0,0,2,Website,5,0,Other,Cybersecurity,0,No Offer
CUST_02719,38,Female,Pune,Large,Retail,144.30330261530642,665,7.522577229155197,5,10,0,1,5,4,1,0,0,0,0,Website,15,1,Other,Cybersecurity,1,Cybersecurity
CUST_02720,51,Female,Surat,Medium,Logistics,25.404903838456825,245,2.235269330536946,3,6,1,4,5,1,1,0,0,1,1,Website,5,0,Other,Cybersecurity,0,No Offer
CUST_02721,30,Male,Vadodara,Medium,Logistics,94.9290218953772,435,4.994973236897536,0,8,0,1,4,3,1,0,1,1,3,Cold Call,0,1,Other,Cybersecurity,1,Cybersecurity
CUST_02722,54,Male,Mumbai,Small,Real Estate,6.559311058585044,31,0.7507959913288896,4,8,1,3,4,4,1,0,1,0,0,Referral,5,1,Other,Cybersecurity,1,Cybersecurity
CUST_02723,46,Female,Kolkata,Small,Manufacturing,4.808811325564146,29,0.1906765553845467,4,4,0,5,7,2,1,1,0,0,1,Email Campaign,0,1,Other,Data Analytics,0,No Offer
CUST_02724,35,Other,Hyderabad,Small,Healthcare,2.510375710324357,14,0.3624894390622334,6,3,0,3,5,2,1,0,0,0,1,Website,5,0,Other,Cybersecurity,0,No Offer
CUST_02725,32,Female,Chennai,Medium,Finance,12.547059261634434,216,0.6705789214108107,0,6,1,3,5,1,1,0,1,0,2,Website,10,1,Other,Cybersecurity,1,Cybersecurity
CUST_02726,56,Male,Kolkata,Small,Finance,10.738158714484612,87,1.17345267250174,10,2,0,2,3,4,1,1,0,0,0,Email Campaign,10,1,Other,Data Analytics,1,Data Analytics
CUST_02727,35,Male,Hyderabad,Small,Finance,10.16521963614338,99,1.4234914322730534,5,6,1,2,7,2,0,0,0,0,1,LinkedIn,15,0,Other,Cybersecurity,0,No Offer
CUST_02728,51,Female,Kolkata,Medium,IT,8.880085708149888,111,0.5305527769311961,6,10,0,2,2,2,1,1,0,0,3,Email Campaign,0,1,Other,Data Analytics,1,Data Analytics
CUST_02729,25,Female,Vadodara,Small,IT,4.989342767424456,39,0.7090635801232938,0,9,1,2,4,2,1,0,0,0,1,Referral,10,0,Other,Cybersecurity,0,No Offer
CUST_02730,25,Male,Kolkata,Medium,Retail,53.23156927857409,440,4.079718565387794,2,8,1,3,5,2,1,0,1,0,2,Email Campaign,10,1,Other,Cybersecurity,1,Cybersecurity
CUST_02731,49,Male,Surat,Small,Healthcare,17.815828541961036,91,2.587993138191853,9,6,1,3,4,1,0,0,1,0,5,Email Campaign,10,1,Other,Cybersecurity,1,Cybersecurity
CUST_02732,29,Female,Delhi,Large,IT,637.2595902342324,3757,93.39909981140504,8,8,0,1,2,2,0,0,0,1,3,LinkedIn,5,1,Other,Cybersecurity,1,Cybersecurity
CUST_02733,23,Male,Bangalore,Medium,Finance,85.60416506382862,368,4.500175740563229,7,9,0,4,4,3,1,0,1,0,0,Email Campaign,20,1,Other,Cybersecurity,1,Cybersecurity
CUST_02734,43,Male,Mumbai,Large,IT,386.1550456123323,4883,50.09607958842314,9,10,0,1,6,3,1,0,1,0,3,Referral,0,0,Other,Cybersecurity,0,No Offer
CUST_02735,37,Male,Pune,Medium,Logistics,14.06258668168808,227,0.7482775715344469,5,3,1,2,4,2,1,1,1,0,5,Website,15,1,Other,AI Solutions,1,AI Solutions
CUST_02736,50,Male,Hyderabad,Large,Finance,88.5037584289993,564,5.060014268105355,7,10,0,3,7,0,1,1,0,0,0,Email Campaign,15,1,Other,Data Analytics,1,Data Analytics
CUST_02737,51,Male,Mumbai,Large,Healthcare,238.82721967430092,4757,9.57582047704828,1,7,0,4,3,1,0,0,1,0,1,LinkedIn,20,1,Other,Cybersecurity,1,Cybersecurity
CUST_02738,33,Female,Kolkata,Medium,Logistics,50.84822821361332,245,2.480602011936583,6,5,1,4,2,1,1,0,1,0,2,Website,15,1,Other,Cybersecurity,1,Cybersecurity
CUST_02739,56,Male,Delhi,Large,Retail,603.1151705929005,3989,63.84955722415766,1,4,1,2,2,1,0,0,0,0,4,Email Campaign,15,1,Other,Cybersecurity,1,Cybersecurity
CUST_02740,32,Male,Mumbai,Small,Manufacturing,7.085429530155778,48,0.5945407131061169,2,9,1,1,5,3,1,0,1,1,2,Cold Call,0,1,Other,Cybersecurity,1,Cybersecurity
CUST_02741,42,Male,Delhi,Small,Manufacturing,11.637423595759314,95,1.4536690832997936,1,4,0,1,5,2,1,0,1,0,3,Referral,15,0,Other,Cybersecurity,0,No Offer
CUST_02742,42,Male,Hyderabad,Small,Logistics,6.249738361487625,50,0.4364793383862659,10,8,0,4,6,4,0,0,0,0,0,LinkedIn,0,0,Other,Cybersecurity,0,No Offer
CUST_02743,26,Male,Surat,Medium,Finance,41.9578345802404,308,6.135701761228182,4,7,0,1,6,3,0,1,1,0,2,Email Campaign,10,0,Other,Cloud Services,0,No Offer
CUST_02744,41,Male,Surat,Medium,IT,23.464052778375866,441,0.8443470149485771,9,8,1,5,5,5,1,1,0,1,1,LinkedIn,10,1,Other,Data Analytics,1,Data Analytics
CUST_02745,58,Female,Delhi,Medium,IT,29.21861096013953,438,1.097226468854988,4,6,0,3,2,2,1,0,0,0,2,Referral,5,0,Other,Cybersecurity,0,No Offer
CUST_02746,24,Male,Delhi,Small,Finance,7.55048020011237,50,0.8620004803692296,5,6,0,3,7,0,1,0,0,0,2,Website,5,1,Other,Cybersecurity,1,Cybersecurity
CUST_02747,54,Male,Bangalore,Small,Real Estate,2.9609047626265506,37,0.4041773162626844,5,5,0,1,2,1,0,0,0,1,3,Referral,0,0,Other,Cybersecurity,0,No Offer
CUST_02748,30,Male,Chennai,Small,Healthcare,15.019934081866175,73,1.8844012753108053,6,9,0,5,9,0,1,0,1,0,1,Cold Call,10,1,Other,Cybersecurity,1,Cybersecurity
CUST_02749,30,Male,Bangalore,Medium,Logistics,12.37785010650681,118,1.0988814023818845,7,10,1,4,3,0,0,0,1,1,1,Website,10,1,Other,Cybersecurity,1,Cybersecurity
CUST_02750,25,Female,Mumbai,Small,Finance,6.679673037107023,96,0.4165241268089676,3,11,1,5,6,0,1,1,1,0,1,LinkedIn,0,1,Other,AI Solutions,1,AI Solutions
CUST_02751,56,Male,Ahmedabad,Large,Real Estate,120.42910360923624,1241,3.8072677822379104,8,6,0,3,4,2,0,0,1,0,0,Website,5,0,Other,Cybersecurity,0,No Offer
CUST_02752,38,Female,Bangalore,Small,Healthcare,4.12826796505936,34,0.3762262929881717,2,6,0,4,2,2,1,0,0,0,2,Referral,15,1,Other,Cybersecurity,1,Cybersecurity
CUST_02753,55,Male,Mumbai,Small,Retail,2.681976120791906,47,0.2335366744278867,4,5,1,3,3,1,1,0,1,0,3,LinkedIn,10,1,Other,Cybersecurity,1,Cybersecurity
CUST_02754,45,Female,Pune,Large,Retail,182.5991294689066,2331,13.021054072047985,2,6,0,5,5,2,1,1,1,0,3,Email Campaign,15,1,Other,AI Solutions,1,AI Solutions
CUST_02755,53,Male,Mumbai,Medium,Logistics,40.6283502170084,354,4.037187748190479,1,11,0,5,3,1,0,1,1,0,4,LinkedIn,0,1,Other,Cloud Services,1,Cloud Services
CUST_02756,22,Female,Mumbai,Small,Finance,1.233057042381481,11,0.1448321226950972,10,7,1,4,5,1,0,1,0,0,3,Website,10,1,Other,Cloud Services,1,Cloud Services
CUST_02757,29,Male,Delhi,Medium,Retail,51.679025470744094,246,5.896917285584433,4,6,0,5,7,0,0,0,0,0,2,Referral,15,1,Other,Cybersecurity,1,Cybersecurity
CUST_02758,44,Male,Vadodara,Small,IT,15.305576654377145,70,0.9426756855606256,8,9,1,4,3,1,0,1,0,0,1,Referral,10,0,Other,Cloud Services,0,No Offer
CUST_02759,33,Female,Kolkata,Large,Healthcare,426.4800086562664,4809,42.748838922115546,5,12,0,3,1,2,0,1,1,0,0,Website,0,1,Other,Cloud Services,1,Cloud Services
CUST_02760,33,Female,Delhi,Medium,Manufacturing,25.278336152508487,338,1.209642638242513,3,6,0,2,8,3,1,1,0,1,0,Email Campaign,15,0,Other,Data Analytics,0,No Offer
CUST_02761,36,Male,Delhi,Small,Real Estate,8.311127352621332,47,0.3706116298830031,6,16,1,4,9,0,0,0,1,0,1,Referral,5,1,Other,Cybersecurity,1,Cybersecurity
CUST_02762,40,Male,Vadodara,Medium,Manufacturing,105.04050614726496,498,13.056818560350738,9,3,0,3,7,2,0,0,0,0,1,Email Campaign,10,0,Other,Cybersecurity,0,No Offer
CUST_02763,47,Male,Vadodara,Small,Retail,10.923507875017185,45,1.237081895226694,4,6,0,4,5,2,0,0,1,0,0,Cold Call,15,1,Other,Cybersecurity,1,Cybersecurity
CUST_02764,50,Female,Kolkata,Medium,Real Estate,21.72496568955511,423,2.6537364528754424,6,9,0,2,5,2,1,0,0,0,0,Website,0,0,Other,Cybersecurity,0,No Offer
CUST_02765,43,Male,Ahmedabad,Large,Healthcare,86.5436259908553,652,4.179665344099097,1,6,0,4,2,2,1,1,1,1,3,Email Campaign,15,1,Other,Advanced IT Solutions,1,Advanced IT Solutions
CUST_02766,42,Male,Pune,Large,IT,586.063153986616,2978,81.90480524134745,1,5,0,2,9,1,1,0,0,1,2,LinkedIn,5,0,Other,Cybersecurity,0,No Offer
CUST_02767,59,Female,Bangalore,Small,Manufacturing,6.471355793246127,30,0.2975101869223657,8,7,0,0,7,2,1,0,1,0,3,Referral,15,0,Other,Cybersecurity,0,No Offer
CUST_02768,41,Female,Mumbai,Small,IT,1.873715692098587,30,0.2518357011651132,3,8,0,3,10,3,1,0,1,0,1,Email Campaign,0,1,Other,Cybersecurity,1,Cybersecurity
CUST_02769,50,Female,Bangalore,Small,IT,14.703709407533214,79,1.0628652062973851,0,4,0,2,3,0,0,0,1,1,0,Website,10,0,Other,Cybersecurity,0,No Offer
CUST_02770,25,Female,Surat,Medium,Manufacturing,39.881465087523786,370,1.701027884670805,8,7,0,3,2,5,0,0,0,0,2,LinkedIn,15,1,Other,Cybersecurity,1,Cybersecurity
CUST_02771,28,Female,Hyderabad,Medium,Manufacturing,18.1125103307884,279,1.1666680012187567,0,6,0,0,4,2,1,1,0,0,3,Email Campaign,10,1,Other,Data Analytics,1,Data Analytics
CUST_02772,49,Male,Ahmedabad,Medium,Real Estate,50.85025762472111,344,2.632709120934034,10,10,0,3,10,0,0,0,0,0,2,LinkedIn,15,0,Other,Cybersecurity,0,No Offer
CUST_02773,49,Male,Hyderabad,Large,Retail,403.0922417484146,4938,35.826986076313275,1,8,0,0,9,2,1,0,1,0,0,LinkedIn,15,0,Other,Cybersecurity,0,No Offer
CUST_02774,25,Female,Mumbai,Small,Real Estate,3.9480300722467385,20,0.5683956855718962,8,4,1,6,5,3,1,0,0,0,1,Email Campaign,15,1,Other,Cybersecurity,1,Cybersecurity
CUST_02775,43,Male,Vadodara,Small,Logistics,19.2304789141694,97,1.333528702550304,10,9,1,2,5,0,0,0,0,0,2,Website,5,0,Other,Cybersecurity,0,No Offer
CUST_02776,33,Female,Mumbai,Small,Healthcare,20.09404687577018,92,2.0787668915820383,2,9,1,1,8,4,0,1,0,0,2,Website,0,0,Other,Cloud Services,1,Cloud Services
CUST_02777,24,Male,Pune,Small,Finance,12.04931875483684,96,1.6508350513010743,10,6,0,0,1,1,1,1,1,0,2,Email Campaign,0,1,Other,AI Solutions,1,AI Solutions
CUST_02778,43,Male,Bangalore,Small,Healthcare,2.106478377845149,40,0.2224628044572389,0,7,0,0,4,2,0,0,0,0,2,Website,5,0,Other,Cybersecurity,0,No Offer
CUST_02779,23,Female,Kolkata,Medium,Real Estate,34.76399099713952,341,2.5538982505983645,2,6,0,3,3,2,0,1,1,0,1,Referral,0,1,Other,Cloud Services,0,No Offer
CUST_02780,45,Female,Chennai,Small,Finance,9.905801453448824,69,1.4749807235369992,8,6,0,0,8,2,1,0,1,0,1,Website,15,0,Other,Cybersecurity,0,No Offer
CUST_02781,55,Male,Chennai,Small,Real Estate,13.216157911824704,70,0.6937112675301657,1,7,0,5,7,1,0,0,1,0,1,Website,10,0,Other,Cybersecurity,0,No Offer
CUST_02782,48,Female,Kolkata,Medium,Manufacturing,35.26786468132017,279,3.2725306196822,4,6,1,4,9,3,0,0,0,0,1,Website,15,1,Other,Cybersecurity,1,Cybersecurity
CUST_02783,22,Female,Vadodara,Small,IT,5.973967810110249,38,0.7503581947342826,0,13,1,4,5,3,0,1,1,0,0,Email Campaign,5,1,Other,Cloud Services,1,Cloud Services
CUST_02784,29,Male,Chennai,Medium,Healthcare,59.15373808161677,382,1.779218109770934,9,15,0,4,7,2,0,1,0,0,3,Referral,10,1,Other,Cloud Services,1,Cloud Services
CUST_02785,44,Male,Vadodara,Small,Real Estate,7.303689348706372,88,0.834411379221659,0,9,1,5,3,2,1,0,0,1,0,Email Campaign,10,1,Other,Cybersecurity,1,Cybersecurity
CUST_02786,59,Female,Delhi,Medium,IT,50.46226110462474,289,3.127644262299081,6,15,0,2,3,3,1,1,0,0,3,Website,0,0,Other,Data Analytics,0,No Offer
CUST_02787,27,Female,Pune,Large,Healthcare,108.07467098260638,784,5.443419294903875,9,11,0,2,4,4,0,1,0,1,2,Email Campaign,0,1,Other,Cloud Services,1,Cloud Services
CUST_02788,43,Male,Ahmedabad,Small,Logistics,5.289593508262465,25,0.3327330756600049,9,7,1,0,6,0,1,1,0,0,0,Referral,0,0,Other,Data Analytics,0,No Offer
CUST_02789,46,Female,Bangalore,Medium,Education,22.5746689950936,120,3.296307364935118,2,5,0,5,4,5,0,0,0,0,3,Referral,5,0,Other,Cybersecurity,0,No Offer
CUST_02790,39,Female,Bangalore,Large,Healthcare,226.35200439690877,3131,31.01752017844877,0,10,0,5,1,1,1,1,0,0,1,Email Campaign,10,1,Other,Data Analytics,1,Data Analytics
CUST_02791,38,Male,Ahmedabad,Medium,IT,54.37261897869144,368,3.0258653233165256,0,8,0,3,5,5,0,0,0,1,1,Referral,0,0,Other,Cybersecurity,0,No Offer
CUST_02792,33,Female,Mumbai,Small,Education,10.096440200038389,53,0.4446796639924118,10,12,1,1,6,0,1,0,0,1,1,Website,10,0,Other,Cybersecurity,0,No Offer
CUST_02793,27,Male,Mumbai,Small,Retail,5.864004029047763,87,0.4321672016787619,10,4,1,6,5,4,0,1,1,0,1,Referral,5,0,Other,Cloud Services,1,Cloud Services
CUST_02794,47,Male,Hyderabad,Medium,Logistics,35.02790029390282,168,3.540633388663491,4,9,0,2,7,2,1,0,1,1,1,LinkedIn,5,1,Other,Cybersecurity,1,Cybersecurity
CUST_02795,48,Female,Mumbai,Large,Manufacturing,180.49452640001837,1912,24.19661887872885,2,11,0,4,7,2,1,1,0,0,0,Website,10,1,Other,Data Analytics,1,Data Analytics
CUST_02796,29,Female,Vadodara,Small,Retail,12.651824563957987,84,1.8462910699162556,10,3,0,4,5,2,0,0,0,0,1,Website,0,0,Other,Cybersecurity,0,No Offer
CUST_02797,40,Female,Kolkata,Small,Real Estate,22.144439946991035,93,2.6603976767084387,3,8,0,4,9,2,0,0,1,1,4,Referral,10,1,Other,Cybersecurity,1,Cybersecurity
CUST_02798,22,Male,Delhi,Small,Retail,6.406407031613815,39,0.652690293281128,5,8,0,3,2,2,0,1,0,0,1,LinkedIn,0,0,Other,Cloud Services,0,No Offer
CUST_02799,50,Male,Ahmedabad,Small,Healthcare,8.358275201128947,62,0.3935062853543463,1,12,0,2,7,2,0,0,1,0,1,Referral,5,1,Other,Cybersecurity,1,Cybersecurity
CUST_02800,56,Male,Vadodara,Small,Manufacturing,3.441052027148512,67,0.1337998201647627,6,11,1,4,10,4,0,0,0,0,0,Email Campaign,15,1,Other,Cybersecurity,1,Cybersecurity
CUST_02801,35,Male,Vadodara,Small,Logistics,2.837260808528178,37,0.2880478686494798,4,5,1,2,1,1,1,0,0,0,0,LinkedIn,10,1,Other,Cybersecurity,1,Cybersecurity
CUST_02802,56,Male,Hyderabad,Small,Education,3.977586648470341,24,0.3766285022262861,7,6,0,4,5,0,1,0,0,0,3,Email Campaign,10,0,Other,Cybersecurity,0,No Offer
CUST_02803,41,Female,Vadodara,Small,Healthcare,6.99195538214514,47,0.9196558973012086,3,9,1,1,5,3,0,0,1,0,1,Referral,10,0,Other,Cybersecurity,0,No Offer
CUST_02804,34,Male,Pune,Large,Real Estate,291.4460925971156,2374,20.026048539596008,7,6,0,4,1,4,1,1,0,0,3,Email Campaign,10,1,Other,Data Analytics,1,Data Analytics
CUST_02805,59,Female,Mumbai,Small,Finance,5.1621498957341165,22,0.1794513154876139,3,13,0,0,7,1,1,0,1,1,0,Email Campaign,10,0,Other,Cybersecurity,1,Cybersecurity
CUST_02806,29,Male,Bangalore,Small,Healthcare,5.125846329348279,44,0.4143990069806226,10,8,0,4,3,1,1,0,1,1,1,Referral,15,1,Other,Cybersecurity,1,Cybersecurity
CUST_02807,41,Female,Pune,Small,Education,5.195194992531103,33,0.7600667760479852,4,11,0,2,4,1,1,1,1,0,3,Referral,15,1,Other,AI Solutions,1,AI Solutions
CUST_02808,54,Male,Delhi,Large,IT,757.3099038098203,4625,95.01890768201282,2,5,0,3,9,4,1,1,0,0,1,LinkedIn,0,1,Other,Data Analytics,1,Data Analytics
CUST_02809,47,Male,Delhi,Medium,Real Estate,16.79331722538073,108,0.571857135805262,10,8,0,2,5,3,0,1,0,0,3,Cold Call,10,0,Other,Cloud Services,0,No Offer
CUST_02810,60,Male,Delhi,Medium,Logistics,55.58752391366358,382,7.502173855875932,3,3,0,2,5,3,0,1,0,0,1,Cold Call,0,0,Other,Cloud Services,0,No Offer
CUST_02811,42,Male,Mumbai,Small,Logistics,7.866654062559569,67,0.6812737866523294,8,11,0,3,1,2,0,1,0,0,1,Referral,5,1,Other,Cloud Services,1,Cloud Services
CUST_02812,30,Female,Vadodara,Large,Healthcare,774.9811177768975,3344,57.17203397661391,4,6,0,5,3,2,1,0,0,1,0,LinkedIn,0,1,Other,Cybersecurity,1,Cybersecurity
CUST_02813,45,Male,Delhi,Small,Finance,5.3261047893695,38,0.3813956791531085,3,12,1,5,9,0,0,1,1,0,3,Referral,15,1,Other,Cloud Services,1,Cloud Services
CUST_02814,58,Female,Ahmedabad,Small,Healthcare,12.610871651006429,81,1.278960684199058,3,5,1,0,1,3,1,1,1,0,3,Referral,0,0,Other,AI Solutions,0,No Offer
CUST_02815,38,Other,Bangalore,Medium,Real Estate,77.4132198191027,427,7.251445724450217,6,8,0,6,6,1,1,0,1,1,2,Referral,10,1,Other,Cybersecurity,1,Cybersecurity
CUST_02816,45,Female,Vadodara,Large,Education,166.89648469352835,2627,18.157547997487715,1,5,0,2,5,4,1,1,0,1,2,Referral,0,0,Other,Data Analytics,0,No Offer
CUST_02817,42,Male,Hyderabad,Medium,Logistics,45.78919348096809,222,4.5256654082000045,3,10,0,4,4,4,0,0,1,0,1,Email Campaign,0,0,Other,Cybersecurity,0,No Offer
CUST_02818,60,Female,Mumbai,Large,Finance,165.15908336463528,1083,7.807622985279503,2,9,0,5,8,2,1,0,1,1,1,Website,0,0,Other,Cybersecurity,1,Cybersecurity
CUST_02819,60,Male,Kolkata,Large,Manufacturing,591.2979267837494,3259,35.99131204426288,6,8,0,3,6,2,1,0,0,0,1,Email Campaign,0,1,Other,Cybersecurity,1,Cybersecurity
CUST_02820,34,Male,Pune,Small,Education,9.198108588723224,45,1.2042490173241085,3,13,0,5,9,3,1,1,1,0,0,Referral,20,1,Other,AI Solutions,1,AI Solutions
CUST_02821,32,Female,Surat,Small,Logistics,19.334509521144494,86,2.118888653717872,7,12,0,3,2,5,1,1,0,1,2,LinkedIn,15,1,Other,Data Analytics,1,Data Analytics
CUST_02822,40,Female,Pune,Small,Healthcare,11.55996750515276,90,0.9688186242447326,4,12,0,1,8,1,1,0,0,0,1,Email Campaign,0,0,Other,Cybersecurity,0,No Offer
CUST_02823,32,Male,Delhi,Large,Logistics,482.1014572562803,2271,25.02693368379119,8,6,0,5,3,2,1,0,1,0,1,Email Campaign,20,1,Other,Cybersecurity,1,Cybersecurity
CUST_02824,34,Male,Bangalore,Small,Finance,3.460090889848132,34,0.1069961287176748,8,10,1,1,3,2,0,0,0,0,2,LinkedIn,15,0,Other,Cybersecurity,0,No Offer
CUST_02825,22,Male,Hyderabad,Large,Real Estate,469.1869945034267,2577,31.635631434168342,2,8,0,1,3,2,1,0,1,0,1,Email Campaign,0,1,Other,Cybersecurity,1,Cybersecurity
CUST_02826,40,Male,Vadodara,Small,Education,0.7759560614952067,11,0.028385741286674,8,9,0,6,1,0,0,1,0,1,1,Website,10,0,Other,Cloud Services,0,No Offer
CUST_02827,33,Male,Ahmedabad,Small,Manufacturing,5.23859106802706,97,0.4603364542619858,3,5,0,2,7,2,0,0,0,0,0,LinkedIn,0,0,Other,Cybersecurity,0,No Offer
CUST_02828,29,Female,Chennai,Small,IT,3.111868135013758,45,0.4002365745479667,8,5,1,1,5,1,0,0,1,0,1,Email Campaign,15,0,Other,Cybersecurity,0,No Offer
CUST_02829,29,Female,Pune,Small,Retail,3.8718009086248353,34,0.2487548428339798,1,4,0,3,4,1,1,0,1,0,0,LinkedIn,5,0,Other,Cybersecurity,0,No Offer
CUST_02830,33,Female,Chennai,Large,Finance,109.79555615991389,1953,14.463423443375593,4,6,0,4,2,2,0,0,0,1,0,Website,10,0,Other,Cybersecurity,1,Cybersecurity
CUST_02831,54,Male,Vadodara,Small,IT,3.698063343186503,21,0.4236047522254533,5,7,1,5,6,3,1,1,0,1,2,Referral,0,1,Other,Data Analytics,1,Data Analytics
CUST_02832,47,Female,Bangalore,Small,Manufacturing,3.172649414940683,28,0.1428690971612389,2,6,1,5,5,3,0,1,0,0,2,LinkedIn,5,1,Other,Cloud Services,1,Cloud Services
CUST_02833,60,Female,Chennai,Small,IT,9.074659822971542,46,0.9741413824638628,1,14,1,3,3,2,1,1,1,0,0,Website,0,1,Other,AI Solutions,1,AI Solutions
CUST_02834,49,Female,Pune,Small,Healthcare,0.5918302725392113,10,0.0285271523797365,0,7,0,5,9,2,1,0,0,0,2,Email Campaign,5,1,Other,Cybersecurity,1,Cybersecurity
CUST_02835,26,Male,Kolkata,Small,Retail,6.440481618355475,69,0.6992747148582658,10,7,0,0,8,1,1,0,0,1,3,LinkedIn,15,1,Other,Cybersecurity,1,Cybersecurity
CUST_02836,29,Male,Surat,Small,Finance,10.001652065011418,76,0.4713352364568908,6,8,1,5,3,2,1,1,1,1,1,Website,15,1,Other,Advanced IT Solutions,1,Advanced IT Solutions
CUST_02837,46,Male,Chennai,Large,Education,582.1659676229814,4601,44.88579013262586,3,10,0,1,4,2,1,1,0,0,1,Website,15,1,Other,Data Analytics,1,Data Analytics
CUST_02838,48,Female,Kolkata,Small,Logistics,7.543773722159542,99,0.7392242876986719,7,13,0,4,2,0,1,0,0,0,2,Referral,15,1,Other,Cybersecurity,1,Cybersecurity
CUST_02839,44,Female,Kolkata,Small,Manufacturing,21.896807919037165,88,0.7892682642611993,7,6,0,3,3,0,0,0,0,0,2,Website,5,0,Other,Cybersecurity,0,No Offer
CUST_02840,51,Female,Delhi,Medium,Retail,24.47733280218969,229,1.1846295094685464,7,11,0,6,6,2,1,0,0,0,1,LinkedIn,5,1,Other,Cybersecurity,1,Cybersecurity
CUST_02841,44,Male,Surat,Small,Manufacturing,11.06976576502668,57,0.757715050035894,1,7,1,2,4,0,1,1,0,0,1,Email Campaign,10,0,Other,Data Analytics,0,No Offer
CUST_02842,41,Male,Ahmedabad,Small,Logistics,7.23841113706046,77,0.6187278770403484,4,6,0,5,8,3,0,0,0,0,1,LinkedIn,0,1,Other,Cybersecurity,1,Cybersecurity
CUST_02843,39,Male,Pune,Medium,IT,57.97155223132072,257,7.711287486878617,7,10,0,4,5,2,0,1,0,1,3,Website,15,1,Other,Cloud Services,1,Cloud Services
CUST_02844,39,Male,Hyderabad,Small,Manufacturing,12.372511216904035,97,0.6492199428611897,9,6,0,5,7,1,1,0,1,0,0,Website,10,1,Other,Cybersecurity,1,Cybersecurity
CUST_02845,23,Male,Vadodara,Medium,Real Estate,25.08967425996248,109,1.798842183347824,1,5,1,1,5,0,1,0,0,0,1,Website,20,1,Other,Cybersecurity,1,Cybersecurity
CUST_02846,25,Female,Hyderabad,Medium,Manufacturing,49.71413324925357,420,4.329760382348957,1,9,0,4,4,1,1,0,0,0,5,Email Campaign,0,0,Other,Cybersecurity,1,Cybersecurity
CUST_02847,51,Male,Chennai,Medium,IT,6.259180480225306,121,0.4099351781009053,0,9,0,4,4,0,0,1,1,0,1,Email Campaign,10,1,Other,Cloud Services,0,No Offer
CUST_02848,54,Female,Surat,Large,IT,275.8205470158147,1798,28.98590776496103,5,8,0,3,9,1,0,0,0,0,1,Referral,20,0,Other,Cybersecurity,1,Cybersecurity
CUST_02849,57,Male,Chennai,Small,Logistics,6.818133838129649,44,0.4144899843629892,4,12,1,3,3,3,0,1,1,1,1,Website,5,1,Other,Cloud Services,1,Cloud Services
CUST_02850,39,Male,Surat,Small,Retail,5.991313761175897,81,0.7350266576111698,0,8,0,3,6,1,0,0,1,0,3,Cold Call,10,0,Other,Cybersecurity,0,No Offer
CUST_02851,58,Male,Pune,Small,Finance,6.789490027870095,70,0.6152533435796853,10,14,0,5,6,4,0,0,0,0,0,Referral,10,0,Other,Cybersecurity,0,No Offer
CUST_02852,40,Female,Vadodara,Small,IT,2.8937876547477788,14,0.1167833903989381,7,11,0,3,6,1,0,0,0,0,0,Cold Call,15,0,Other,Cybersecurity,0,No Offer
CUST_02853,49,Male,Vadodara,Large,Real Estate,260.2595864329711,4538,27.38968437302902,7,10,1,4,4,1,1,0,0,0,0,Website,10,1,Other,Cybersecurity,1,Cybersecurity
CUST_02854,41,Female,Pune,Medium,Retail,38.01167169569538,257,3.736897812627544,4,4,0,5,6,2,1,1,1,0,1,LinkedIn,15,1,Other,AI Solutions,1,AI Solutions
CUST_02855,54,Male,Ahmedabad,Medium,Logistics,48.22922202695819,309,3.4065110976616526,10,6,1,1,4,1,1,0,1,1,0,Email Campaign,5,1,Other,Cybersecurity,1,Cybersecurity
CUST_02856,33,Female,Kolkata,Medium,Manufacturing,43.55623961537216,232,1.3650024340275293,2,10,1,2,3,2,0,0,1,0,1,Email Campaign,5,1,Other,Cybersecurity,1,Cybersecurity
CUST_02857,36,Female,Surat,Small,Real Estate,1.1498250696005408,20,0.0621873518519662,7,7,0,2,7,1,1,0,1,1,0,LinkedIn,0,1,Other,Cybersecurity,1,Cybersecurity
CUST_02858,60,Male,Mumbai,Medium,Manufacturing,54.81839905713444,328,4.313393594380611,2,11,1,2,5,1,1,0,0,0,0,Email Campaign,5,1,Other,Cybersecurity,1,Cybersecurity
CUST_02859,23,Female,Mumbai,Medium,Education,14.274729263009531,282,0.7706881228833411,3,11,0,3,5,3,1,0,0,1,3,Website,5,0,Other,Cybersecurity,0,No Offer
CUST_02860,50,Male,Kolkata,Medium,Healthcare,12.570352161856253,122,1.248222576122512,10,9,0,4,6,0,0,1,0,0,2,Website,5,0,Other,Cloud Services,0,No Offer
CUST_02861,31,Female,Chennai,Small,IT,14.39393770207644,96,1.6621973486798227,6,6,0,6,5,3,0,0,1,0,2,Website,10,0,Other,Cybersecurity,0,No Offer
CUST_02862,23,Male,Surat,Medium,Logistics,44.12869082217345,190,5.856853346234686,6,6,0,0,8,5,0,0,0,0,0,Referral,0,0,Other,Cybersecurity,0,No Offer
CUST_02863,32,Male,Bangalore,Small,Real Estate,1.5063592640221417,20,0.1621413692785326,3,8,0,9,5,3,0,1,0,0,0,Referral,0,1,Other,Cloud Services,1,Cloud Services
CUST_02864,34,Female,Vadodara,Medium,Real Estate,19.87430471475524,237,2.23945864718198,8,6,0,1,2,3,1,0,0,0,3,Cold Call,15,0,Other,Cybersecurity,0,No Offer
CUST_02865,31,Female,Hyderabad,Medium,Retail,40.263152820011655,219,4.147629120824695,5,9,0,3,3,2,1,0,0,0,2,Email Campaign,5,0,Other,Cybersecurity,0,No Offer
CUST_02866,35,Male,Bangalore,Small,Education,7.123423309575347,57,1.0561068217744418,7,7,1,4,7,1,0,0,1,0,0,Website,10,1,Other,Cybersecurity,1,Cybersecurity
CUST_02867,39,Female,Hyderabad,Medium,Retail,53.62807407806432,307,3.288477164706041,6,4,1,2,7,1,1,0,1,0,0,Website,10,1,Other,Cybersecurity,1,Cybersecurity
CUST_02868,30,Male,Vadodara,Large,Finance,648.4266760763921,2599,40.17070802405664,3,8,0,5,5,4,1,0,0,0,3,Website,15,1,Other,Cybersecurity,1,Cybersecurity
CUST_02869,60,Male,Mumbai,Small,Education,14.347711271646707,58,0.647943171471392,1,5,1,1,7,0,0,0,0,0,4,Cold Call,10,1,Other,Cybersecurity,1,Cybersecurity
CUST_02870,49,Female,Pune,Large,Logistics,219.7517429359694,1820,19.40014954326041,10,7,0,4,7,3,1,1,1,1,0,Website,5,1,Other,Advanced IT Solutions,1,Advanced IT Solutions
CUST_02871,24,Male,Ahmedabad,Medium,Retail,38.299407974301495,254,1.5909345974927906,1,12,0,4,2,3,1,1,0,0,1,Referral,20,1,Other,Data Analytics,1,Data Analytics
CUST_02872,41,Male,Delhi,Medium,IT,83.59956748476809,362,5.218083663522658,7,5,1,4,2,5,0,0,0,1,0,Referral,0,0,Other,Cybersecurity,0,No Offer
CUST_02873,27,Female,Chennai,Large,Retail,148.09016429042373,2164,13.020340693705874,7,11,0,0,2,2,1,0,0,0,0,Website,15,1,Other,Cybersecurity,1,Cybersecurity
CUST_02874,48,Male,Kolkata,Medium,Healthcare,35.677038314911826,254,5.170012207014573,0,15,0,4,6,3,0,1,0,0,2,Website,10,1,Other,Cloud Services,1,Cloud Services
CUST_02875,23,Female,Mumbai,Large,Manufacturing,533.4407460689902,4250,77.69967708268001,0,9,1,3,7,2,0,1,0,0,0,Website,0,0,Other,Cloud Services,0,No Offer
CUST_02876,50,Male,Pune,Small,Manufacturing,6.1026870538031694,56,0.7277382794050187,3,7,0,5,6,2,0,1,0,0,1,Cold Call,5,0,Other,Cloud Services,0,No Offer
CUST_02877,59,Male,Pune,Small,Real Estate,3.4837717933825747,14,0.2672402018175149,0,6,0,3,7,3,1,1,0,0,2,Email Campaign,20,0,Other,Data Analytics,0,No Offer
CUST_02878,24,Male,Hyderabad,Medium,Education,75.7332956358731,385,10.13458060779632,9,14,0,3,4,1,0,1,0,0,1,Email Campaign,10,0,Other,Cloud Services,0,No Offer
CUST_02879,37,Female,Pune,Large,Retail,459.6423357259467,3598,62.076856025417534,0,10,0,4,5,3,1,0,0,0,3,Email Campaign,15,1,Other,Cybersecurity,1,Cybersecurity
CUST_02880,51,Female,Surat,Large,Retail,807.1083749657337,3740,112.36860271850468,9,10,1,4,4,1,1,1,0,0,1,Website,0,1,Other,Data Analytics,1,Data Analytics
CUST_02881,23,Male,Chennai,Medium,Retail,16.716453876092487,113,1.7853675200467918,10,6,0,1,6,5,1,0,0,0,1,Cold Call,0,0,Other,Cybersecurity,0,No Offer
CUST_02882,38,Male,Delhi,Medium,Retail,39.52341931534863,176,2.142767532535663,4,6,0,1,2,0,1,0,0,0,2,Referral,20,1,Other,Cybersecurity,1,Cybersecurity
CUST_02883,33,Female,Mumbai,Small,Real Estate,1.0327596912611567,10,0.0422705368298119,0,5,0,4,8,0,1,0,0,0,0,Website,10,1,Other,Cybersecurity,1,Cybersecurity
CUST_02884,56,Male,Surat,Large,Healthcare,127.58790125807542,1347,17.833351439675653,9,7,0,1,4,2,1,0,0,0,5,LinkedIn,0,0,Other,Cybersecurity,0,No Offer
CUST_02885,22,Female,Mumbai,Small,IT,6.26581218371784,63,0.229739343234709,5,12,1,0,9,0,0,0,0,0,2,Website,10,0,Other,Cybersecurity,0,No Offer
CUST_02886,36,Male,Ahmedabad,Medium,Healthcare,50.305060756778346,319,3.295323912785961,3,10,0,2,7,0,0,0,1,0,0,Referral,15,0,Other,Cybersecurity,0,No Offer
CUST_02887,47,Female,Delhi,Medium,Logistics,35.83494649446992,331,3.169078258832078,9,3,1,2,3,1,1,1,0,0,2,Referral,0,0,Other,Data Analytics,1,Data Analytics
CUST_02888,58,Male,Pune,Medium,Logistics,31.213607173905796,393,1.0187248382172838,10,6,0,4,7,1,1,0,1,0,0,LinkedIn,0,1,Other,Cybersecurity,0,No Offer
CUST_02889,42,Female,Ahmedabad,Small,Healthcare,18.17156761018369,73,2.522749119314644,10,14,1,3,9,5,1,1,0,0,1,Website,15,1,Other,Data Analytics,1,Data Analytics
CUST_02890,52,Female,Hyderabad,Large,Healthcare,803.9227393360574,3494,51.81645378631147,4,8,0,3,6,2,1,0,0,1,0,Email Campaign,10,1,Other,Cybersecurity,1,Cybersecurity
CUST_02891,46,Male,Ahmedabad,Medium,Manufacturing,69.91598256195331,395,2.33663239977015,8,3,0,3,4,3,1,1,1,0,0,Email Campaign,0,1,Other,AI Solutions,1,AI Solutions
CUST_02892,44,Male,Bangalore,Large,Logistics,671.6838270168499,2942,100.2359146292378,1,10,0,2,11,1,1,1,1,0,3,Cold Call,0,1,Other,AI Solutions,1,AI Solutions
CUST_02893,45,Female,Hyderabad,Small,Healthcare,9.48370190006255,40,0.6388902690721475,2,10,0,4,3,1,0,1,1,0,1,Website,10,0,Other,Cloud Services,0,No Offer
CUST_02894,59,Female,Delhi,Medium,Retail,42.2305381090821,228,5.710066603864489,2,4,0,1,5,0,1,0,0,0,1,LinkedIn,20,1,Other,Cybersecurity,0,No Offer
CUST_02895,49,Male,Chennai,Medium,Healthcare,65.03030927728467,423,5.48965935685726,10,5,0,3,4,2,0,0,0,0,0,Referral,0,0,Other,Cybersecurity,0,No Offer
CUST_02896,42,Male,Bangalore,Medium,Retail,91.46574481094592,404,10.02236887753939,8,9,1,1,3,0,0,0,0,1,2,Referral,0,1,Other,Cybersecurity,1,Cybersecurity
CUST_02897,39,Female,Mumbai,Large,Education,804.2215667641552,4917,47.39343473800497,2,11,1,2,5,1,0,1,0,1,0,Website,10,1,Other,Cloud Services,1,Cloud Services
CUST_02898,57,Male,Kolkata,Small,Logistics,3.315844777114091,44,0.2995701264929786,9,9,0,1,4,2,0,0,0,1,2,Website,15,1,Other,Cybersecurity,1,Cybersecurity
CUST_02899,56,Female,Kolkata,Small,IT,11.596892808601108,94,0.7064611755253888,4,8,0,4,8,3,1,0,0,1,3,Cold Call,20,1,Other,Cybersecurity,1,Cybersecurity
CUST_02900,30,Male,Bangalore,Medium,Manufacturing,58.3181757554246,419,8.4054025061551,5,9,0,4,5,0,0,1,0,1,3,Email Campaign,0,1,Other,Cloud Services,1,Cloud Services
CUST_02901,59,Female,Chennai,Small,IT,17.306387635579696,73,0.6457610208936905,5,11,0,0,6,0,1,0,0,1,1,Email Campaign,10,0,Other,Cybersecurity,0,No Offer
CUST_02902,51,Female,Surat,Large,Real Estate,243.8435436724216,1341,15.352601970637105,5,8,0,2,9,2,1,1,1,0,3,Website,0,0,Other,AI Solutions,0,No Offer
CUST_02903,55,Other,Kolkata,Small,Real Estate,6.076498839097811,27,0.8335319713581288,0,11,1,2,6,3,0,1,1,1,1,Cold Call,5,1,Other,Cloud Services,1,Cloud Services
CUST_02904,53,Male,Bangalore,Medium,Education,24.98827418083042,124,2.189080640166849,5,9,0,4,6,2,1,1,0,0,6,Referral,0,1,Other,Data Analytics,1,Data Analytics
CUST_02905,24,Female,Delhi,Small,IT,7.278191524794879,65,0.7424489974348454,0,4,0,3,6,3,0,0,0,0,0,Referral,5,0,Other,Cybersecurity,0,No Offer
CUST_02906,24,Male,Vadodara,Medium,Manufacturing,50.37286763933753,260,5.45050570243416,5,5,1,3,9,3,1,0,0,0,0,LinkedIn,10,1,Other,Cybersecurity,1,Cybersecurity
CUST_02907,49,Female,Chennai,Small,Retail,5.521716725456046,62,0.2126484971302892,9,10,0,1,7,0,0,0,0,0,1,Referral,0,0,Other,Cybersecurity,0,No Offer
CUST_02908,36,Male,Chennai,Small,Education,10.003816338105509,76,0.3214091028774121,5,10,1,5,8,1,1,1,1,0,2,Referral,5,1,Other,AI Solutions,1,AI Solutions
CUST_02909,44,Male,Surat,Small,Education,15.841377857338983,75,2.258044672154129,2,9,1,3,2,3,1,1,1,0,1,Referral,5,1,Other,AI Solutions,1,AI Solutions
CUST_02910,32,Female,Hyderabad,Small,Retail,12.584165763962334,73,0.7875213901912742,2,12,1,3,5,3,1,1,0,0,1,Website,0,1,Other,Data Analytics,1,Data Analytics
CUST_02911,53,Male,Pune,Large,Retail,513.4019303417784,2387,38.83247611407973,5,9,0,2,5,3,1,0,0,0,0,Website,10,1,Other,Cybersecurity,1,Cybersecurity
CUST_02912,57,Female,Kolkata,Small,Manufacturing,9.084664482300925,90,1.016130446672098,1,8,0,0,4,1,0,1,1,0,0,Website,15,0,Other,Cloud Services,0,No Offer
CUST_02913,54,Female,Pune,Medium,Logistics,85.7784498222619,429,5.005727126142461,4,9,0,2,4,2,1,0,0,1,0,Referral,15,1,Other,Cybersecurity,1,Cybersecurity
CUST_02914,45,Female,Pune,Large,Healthcare,444.7253121696137,4916,52.46360663793113,9,8,1,2,7,0,0,1,0,0,1,Referral,10,1,Other,Cloud Services,1,Cloud Services
CUST_02915,60,Male,Delhi,Medium,Logistics,17.019509289317355,107,1.4464721278097,2,9,1,0,8,1,1,0,1,0,3,LinkedIn,15,1,Other,Cybersecurity,1,Cybersecurity
CUST_02916,55,Male,Mumbai,Large,Finance,500.4840300595346,3661,66.46086420643564,4,12,0,1,7,0,0,1,0,0,0,Email Campaign,10,1,Other,Cloud Services,1,Cloud Services
CUST_02917,49,Female,Pune,Large,Healthcare,439.36804731353567,2724,27.866864047456165,2,6,0,0,7,1,0,1,0,0,1,Website,0,0,Other,Cloud Services,0,No Offer
CUST_02918,58,Male,Chennai,Medium,Logistics,15.4213369611309,200,0.8398259270112926,1,9,1,3,9,1,0,1,1,0,2,Website,5,0,Other,Cloud Services,0,No Offer
CUST_02919,28,Male,Surat,Medium,Healthcare,12.224557510260237,100,1.5867793788146518,3,6,0,3,7,2,0,0,0,0,0,Website,5,0,Other,Cybersecurity,0,No Offer
CUST_02920,25,Male,Surat,Small,Real Estate,4.217757621984399,23,0.291696438404616,4,7,0,2,5,1,0,0,0,0,2,Website,0,0,Other,Cybersecurity,0,No Offer
CUST_02921,58,Male,Vadodara,Small,IT,9.378957211339918,58,0.7449165252439467,5,7,0,2,5,1,1,0,0,1,1,Website,5,1,Other,Cybersecurity,1,Cybersecurity
CUST_02922,22,Female,Mumbai,Large,Real Estate,90.92275856416508,569,11.387615433962209,1,4,0,0,9,3,0,0,1,0,2,Email Campaign,10,1,Other,Cybersecurity,1,Cybersecurity
CUST_02923,22,Male,Hyderabad,Medium,Finance,31.954864709512684,210,3.3958174130067897,2,12,1,5,6,2,1,0,1,0,1,Email Campaign,0,1,Other,Cybersecurity,1,Cybersecurity
CUST_02924,41,Female,Chennai,Medium,Retail,105.53942604743686,442,8.760522415004866,2,6,0,2,10,0,1,0,0,0,5,Email Campaign,0,1,Other,Cybersecurity,1,Cybersecurity
CUST_02925,40,Male,Chennai,Medium,Healthcare,67.52047278256487,285,4.050341220090325,5,5,1,5,7,1,1,1,0,1,1,Email Campaign,10,1,Other,Data Analytics,1,Data Analytics
CUST_02926,50,Male,Vadodara,Small,Logistics,1.708405923835224,14,0.2079200331774933,0,9,1,7,7,3,1,0,0,0,1,Website,10,1,Other,Cybersecurity,0,No Offer
CUST_02927,31,Male,Ahmedabad,Large,Manufacturing,295.04893467857715,2451,15.239786181466709,6,7,0,5,6,5,1,0,1,0,2,Website,5,1,Other,Cybersecurity,1,Cybersecurity
CUST_02928,39,Male,Vadodara,Medium,Healthcare,35.73749147184392,222,5.053050861288615,7,8,0,2,3,3,0,0,1,1,1,Email Campaign,5,0,Other,Cybersecurity,0,No Offer
CUST_02929,49,Male,Pune,Small,Retail,2.281001475318772,33,0.1095745853116041,6,8,0,3,5,0,1,0,1,0,2,Email Campaign,15,0,Other,Cybersecurity,0,No Offer
CUST_02930,56,Female,Bangalore,Large,Logistics,332.57822984158406,3007,42.10175758416945,3,10,1,3,4,2,1,0,1,0,2,Website,10,1,Other,Cybersecurity,1,Cybersecurity
CUST_02931,52,Male,Surat,Small,Healthcare,5.674237276453838,59,0.4591017663834639,6,9,1,4,8,2,1,0,0,0,4,Referral,10,1,Other,Cybersecurity,1,Cybersecurity
CUST_02932,48,Male,Vadodara,Medium,Education,22.24931441181214,235,1.1641007714457012,0,4,0,4,6,0,1,0,0,0,0,Referral,5,1,Other,Cybersecurity,1,Cybersecurity
CUST_02933,32,Male,Pune,Medium,Real Estate,86.36273711702003,486,6.76094768923475,7,10,0,1,10,4,0,1,1,0,0,Website,10,0,Other,Cloud Services,1,Cloud Services
CUST_02934,59,Male,Kolkata,Small,IT,1.268700668688299,10,0.0717909725440845,9,12,1,5,3,1,0,1,1,0,1,Cold Call,15,1,Other,Cloud Services,1,Cloud Services
CUST_02935,26,Female,Mumbai,Large,IT,116.40983318319589,1382,5.392014780428849,9,4,0,5,3,1,0,0,0,0,3,Email Campaign,10,1,Other,Cybersecurity,1,Cybersecurity
CUST_02936,29,Male,Chennai,Medium,Healthcare,51.41824739344673,226,3.0181815979261897,2,11,0,1,11,1,1,1,0,0,1,LinkedIn,10,0,Other,Data Analytics,0,No Offer
CUST_02937,55,Male,Ahmedabad,Small,IT,4.271765014163618,19,0.5727916442242528,8,8,0,2,3,2,1,0,0,0,2,Referral,10,1,Other,Cybersecurity,1,Cybersecurity
CUST_02938,33,Male,Mumbai,Small,Manufacturing,2.4474184317709176,11,0.1045367951720001,0,12,1,8,4,0,1,1,1,0,1,Cold Call,10,1,Other,AI Solutions,1,AI Solutions
CUST_02939,59,Other,Pune,Large,Finance,97.26508223473294,759,14.269249624735249,5,5,0,6,5,1,1,1,0,0,0,Referral,10,1,Other,Data Analytics,1,Data Analytics
CUST_02940,22,Male,Hyderabad,Small,Healthcare,1.534912267552262,25,0.0469680305726486,0,8,1,5,4,2,1,0,1,1,0,LinkedIn,0,1,Other,Cybersecurity,1,Cybersecurity
CUST_02941,52,Female,Kolkata,Large,Manufacturing,57.93490370605642,812,6.314242802018769,7,8,0,1,6,4,0,0,0,0,0,LinkedIn,15,0,Other,Cybersecurity,1,Cybersecurity
CUST_02942,25,Male,Pune,Small,Education,2.630240398856496,25,0.3492471029208024,2,10,0,4,6,0,0,0,0,0,0,Website,15,1,Other,Cybersecurity,1,Cybersecurity
CUST_02943,26,Female,Bangalore,Medium,Manufacturing,37.6915943295141,401,5.355030165182352,3,7,0,3,2,1,0,0,1,0,6,LinkedIn,15,0,Other,Cybersecurity,0,No Offer
CUST_02944,51,Female,Delhi,Large,Manufacturing,693.2743305078017,3084,32.77681182401405,5,7,0,2,4,3,1,1,1,0,3,Website,0,1,Other,AI Solutions,1,AI Solutions
CUST_02945,45,Female,Pune,Small,Education,22.00717561092882,89,2.504086907664171,3,6,1,3,4,2,1,0,1,0,1,Email Campaign,0,0,Other,Cybersecurity,0,No Offer
CUST_02946,24,Male,Vadodara,Medium,Retail,64.42708920484087,302,2.762756379184782,7,10,0,2,7,1,0,0,0,1,4,Website,0,1,Other,Cybersecurity,1,Cybersecurity
CUST_02947,32,Male,Pune,Medium,Healthcare,50.168263820758455,256,3.6278366887336735,8,12,0,1,3,1,1,1,0,1,2,LinkedIn,10,1,Other,Data Analytics,1,Data Analytics
CUST_02948,25,Male,Vadodara,Medium,Real Estate,74.63754845353097,445,8.794629130347289,4,8,0,2,3,2,0,0,0,0,0,Website,5,0,Other,Cybersecurity,0,No Offer
CUST_02949,47,Male,Hyderabad,Medium,Healthcare,64.8661678278399,318,4.639019917103122,0,10,0,5,6,4,0,0,0,0,1,Referral,20,1,Other,Cybersecurity,0,No Offer
CUST_02950,48,Male,Chennai,Medium,Healthcare,91.93215837637564,384,6.215070569469925,7,6,0,4,2,0,1,0,0,0,2,Website,15,1,Other,Cybersecurity,1,Cybersecurity
CUST_02951,48,Male,Surat,Medium,Real Estate,66.06434638478949,388,2.9019790958777243,1,9,0,6,5,3,0,1,0,0,1,Referral,10,1,Other,Cloud Services,1,Cloud Services
CUST_02952,27,Female,Delhi,Large,Finance,66.92303056088053,827,2.541239550881452,5,13,0,5,5,3,1,1,1,0,0,LinkedIn,0,1,Other,AI Solutions,1,AI Solutions
CUST_02953,36,Male,Hyderabad,Medium,Manufacturing,37.24724855418477,450,1.6326720159173933,5,8,0,7,2,1,1,1,0,0,2,Website,5,0,Other,Data Analytics,0,No Offer
CUST_02954,51,Male,Vadodara,Small,Healthcare,4.002541455017214,24,0.5405711331953316,10,7,0,1,5,4,0,1,0,1,1,Referral,15,1,Other,Cloud Services,1,Cloud Services
CUST_02955,58,Male,Surat,Large,Real Estate,396.0584448059276,3394,12.413985809756504,6,8,0,2,6,3,1,0,0,0,3,Cold Call,10,1,Other,Cybersecurity,1,Cybersecurity
CUST_02956,58,Other,Bangalore,Small,Real Estate,13.22682007779265,57,1.4965340656601744,8,10,0,5,4,1,1,1,1,1,0,LinkedIn,0,1,Other,Advanced IT Solutions,1,Advanced IT Solutions
CUST_02957,58,Male,Mumbai,Small,IT,15.6818904758147,91,1.9168744330943253,0,6,0,3,3,0,1,0,0,1,1,Website,5,0,Other,Cybersecurity,0,No Offer
CUST_02958,56,Female,Delhi,Small,Retail,15.750374428197125,85,1.5458456436540202,9,9,0,1,8,1,1,1,1,1,2,Referral,10,1,Other,Advanced IT Solutions,1,Advanced IT Solutions
CUST_02959,44,Male,Ahmedabad,Small,Education,3.530325799392456,69,0.4154947873191987,7,4,1,1,2,2,0,0,0,0,2,Website,10,0,Other,Cybersecurity,0,No Offer
CUST_02960,27,Male,Hyderabad,Small,Education,11.532267701764397,77,1.248625843485578,10,7,1,1,5,3,1,1,1,0,2,Cold Call,20,1,Other,AI Solutions,1,AI Solutions
CUST_02961,25,Male,Mumbai,Small,Finance,8.991374322333636,66,0.7612728578100643,4,8,0,8,1,3,1,1,0,0,5,Referral,10,1,Other,Data Analytics,1,Data Analytics
CUST_02962,39,Male,Mumbai,Small,Real Estate,13.955729108805984,73,1.059592240290949,5,10,1,1,6,2,1,1,1,0,6,Website,10,1,Other,AI Solutions,1,AI Solutions
CUST_02963,30,Female,Pune,Medium,Logistics,39.60318013686869,313,5.661664240754886,7,8,1,3,6,1,1,0,0,0,4,Referral,15,1,Other,Cybersecurity,1,Cybersecurity
CUST_02964,50,Female,Pune,Small,Education,21.83303556759149,89,3.2014338783818848,7,6,0,3,6,2,1,1,1,0,3,Website,5,0,Other,AI Solutions,0,No Offer
CUST_02965,34,Male,Ahmedabad,Small,Retail,17.667901085882917,96,1.9108288812938257,10,11,0,2,3,2,1,1,1,1,0,Website,15,1,Other,Advanced IT Solutions,1,Advanced IT Solutions
CUST_02966,38,Female,Ahmedabad,Small,Logistics,15.286627996795502,84,0.8205229162711353,6,9,0,1,4,1,1,1,1,0,2,Website,0,0,Other,AI Solutions,0,No Offer
CUST_02967,53,Male,Vadodara,Small,Real Estate,14.733698423950582,63,1.2339162947623272,6,9,0,4,6,3,1,0,0,0,3,Referral,20,0,Other,Cybersecurity,0,No Offer
CUST_02968,43,Other,Ahmedabad,Small,Real Estate,16.9347857410175,68,1.5170942930623112,0,8,0,4,5,5,0,1,1,0,2,Email Campaign,10,0,Other,Cloud Services,0,No Offer
CUST_02969,25,Other,Mumbai,Medium,Manufacturing,30.18311445626644,337,3.650841055429084,7,7,1,1,5,0,0,1,1,0,4,Website,0,1,Other,Cloud Services,1,Cloud Services
CUST_02970,26,Male,Vadodara,Large,Education,596.2317331153201,2811,65.66494195462958,2,3,0,1,3,1,0,0,0,0,2,Cold Call,10,1,Other,Cybersecurity,1,Cybersecurity
CUST_02971,58,Male,Surat,Large,Logistics,247.1443054960233,2997,22.68234371931533,4,6,0,2,4,2,0,0,1,0,1,Website,0,0,Other,Cybersecurity,0,No Offer
CUST_02972,34,Male,Chennai,Large,Logistics,562.6651799405403,3979,62.81804895811342,3,5,0,2,1,1,1,0,1,0,1,Website,15,1,Other,Cybersecurity,1,Cybersecurity
CUST_02973,55,Female,Chennai,Small,Education,6.163263116251475,88,0.2026901346276543,9,7,0,6,7,5,0,1,1,0,1,Website,5,1,Other,Cloud Services,1,Cloud Services
CUST_02974,43,Male,Chennai,Small,IT,14.497958242554937,83,1.7860939232413742,2,10,0,4,3,3,1,0,0,0,1,Website,10,0,Other,Cybersecurity,0,No Offer
CUST_02975,44,Female,Delhi,Small,Manufacturing,5.3170344091975545,37,0.2945417367131592,9,8,0,7,6,3,1,0,1,1,3,Cold Call,15,1,Other,Cybersecurity,1,Cybersecurity
CUST_02976,24,Female,Delhi,Medium,Healthcare,66.6053802830892,379,7.244607051904561,4,12,0,2,4,2,1,0,0,0,3,Website,0,0,Other,Cybersecurity,0,No Offer
CUST_02977,55,Male,Ahmedabad,Small,Real Estate,11.692305482954204,63,0.510682374193227,2,6,0,4,4,3,0,0,1,1,2,Cold Call,0,1,Other,Cybersecurity,1,Cybersecurity
CUST_02978,53,Male,Chennai,Medium,Retail,21.21414690076221,122,0.9278070855457452,8,1,0,6,9,5,0,0,0,0,2,Email Campaign,0,1,Other,Cybersecurity,1,Cybersecurity
CUST_02979,42,Female,Bangalore,Small,Education,10.33655332954009,95,0.3543258563410607,10,10,0,3,4,3,1,0,1,0,1,LinkedIn,0,1,Other,Cybersecurity,1,Cybersecurity
CUST_02980,42,Male,Pune,Small,IT,20.86961581907844,96,2.905633561031228,8,9,1,2,6,1,1,0,0,1,1,Email Campaign,10,0,Other,Cybersecurity,0,No Offer
CUST_02981,32,Female,Bangalore,Large,Real Estate,369.4170006720572,2304,37.882623979745816,5,5,0,3,9,0,0,0,0,0,2,Referral,0,1,Other,Cybersecurity,1,Cybersecurity
CUST_02982,60,Male,Chennai,Medium,Retail,72.20947450595999,488,5.302733979930792,2,10,1,3,2,3,1,0,0,0,1,Website,5,1,Other,Cybersecurity,1,Cybersecurity
CUST_02983,25,Male,Chennai,Large,Logistics,991.8777582355224,4009,123.52183911707476,4,4,0,3,6,0,1,0,0,0,2,LinkedIn,0,1,Other,Cybersecurity,1,Cybersecurity
CUST_02984,22,Male,Pune,Medium,Finance,14.29801189973358,134,1.5031480475611496,10,8,0,2,6,1,1,1,0,0,1,Website,10,1,Other,Data Analytics,1,Data Analytics
CUST_02985,49,Female,Chennai,Large,IT,726.6803047720916,4670,75.87244511198818,7,16,0,6,1,1,0,0,1,0,0,Email Campaign,0,0,Other,Cybersecurity,1,Cybersecurity
CUST_02986,45,Male,Hyderabad,Medium,Real Estate,50.90492199199633,273,4.502292714217423,8,8,0,2,3,5,0,1,1,0,0,Website,5,1,Other,Cloud Services,1,Cloud Services
CUST_02987,56,Female,Mumbai,Large,Logistics,269.4122198460617,3590,8.338635119849512,2,13,0,3,4,4,0,0,1,1,0,Referral,15,1,Other,Cybersecurity,1,Cybersecurity
CUST_02988,34,Male,Vadodara,Small,Finance,2.779502731074063,23,0.169592751030826,4,7,1,3,5,3,0,0,0,0,2,Website,5,0,Other,Cybersecurity,0,No Offer
CUST_02989,55,Female,Pune,Medium,Education,101.38279222214224,482,4.36850375045446,1,15,1,1,3,2,1,1,0,1,1,Email Campaign,15,1,Other,Data Analytics,1,Data Analytics
CUST_02990,32,Female,Chennai,Medium,IT,24.435263376911468,251,2.6753970059914787,1,5,0,3,5,1,1,0,0,0,5,Referral,0,1,Other,Cybersecurity,1,Cybersecurity
CUST_02991,57,Male,Delhi,Small,Healthcare,6.392297138171018,43,0.3824798942569807,1,7,1,2,6,2,0,0,0,0,3,LinkedIn,5,1,Other,Cybersecurity,1,Cybersecurity
CUST_02992,38,Female,Delhi,Large,Logistics,113.07296980821349,642,9.50039088779756,5,5,1,0,9,2,1,1,0,0,1,LinkedIn,10,0,Other,Data Analytics,0,No Offer
CUST_02993,56,Male,Mumbai,Large,Real Estate,866.4453095211287,4703,62.74072218914456,2,9,0,5,3,3,1,0,0,0,2,Cold Call,0,1,Other,Cybersecurity,1,Cybersecurity
CUST_02994,39,Male,Delhi,Medium,Retail,21.13150554823304,108,0.9970657574433668,9,7,1,8,5,3,0,0,1,0,0,Referral,15,1,Other,Cybersecurity,1,Cybersecurity
CUST_02995,43,Male,Vadodara,Small,Retail,16.962855219052756,76,2.459689117368315,4,5,1,3,7,4,1,0,0,1,2,Website,20,1,Other,Cybersecurity,1,Cybersecurity
CUST_02996,45,Female,Kolkata,Medium,Logistics,54.51448076925247,424,7.741618716679663,7,8,0,3,8,3,0,1,0,0,1,Website,0,0,Other,Cloud Services,0,No Offer
CUST_02997,40,Female,Kolkata,Large,Logistics,880.1013718867476,4600,35.33869482904601,4,10,0,6,3,1,0,0,1,0,5,Email Campaign,0,1,Other,Cybersecurity,1,Cybersecurity
CUST_02998,58,Female,Kolkata,Medium,Manufacturing,70.71657463945812,360,9.142510492407448,1,7,0,4,3,3,1,0,1,0,3,Website,10,1,Other,Cybersecurity,1,Cybersecurity
CUST_02999,60,Male,Mumbai,Small,IT,3.4116996067873395,31,0.3022931043582684,5,5,0,3,3,4,0,1,0,0,1,Referral,0,0,Other,Cloud Services,0,No Offer
CUST_03000,42,Female,Mumbai,Medium,Real Estate,57.984318430074126,238,7.123275302379564,1,2,0,1,8,0,0,1,1,0,0,Website,10,1,Other,Cloud Services,1,Cloud Services
CUST_03001,29,Male,Vadodara,Small,Real Estate,17.174375272239757,77,0.8267547731337654,7,10,0,2,7,1,0,1,0,0,1,Cold Call,10,0,Other,Cloud Services,0,No Offer
CUST_03002,49,Female,Pune,Medium,Real Estate,44.808490282063815,415,2.055495238522727,1,6,0,6,5,3,0,1,1,0,1,Referral,10,0,Other,Cloud Services,1,Cloud Services
CUST_03003,26,Male,Ahmedabad,Small,Real Estate,7.030521942821105,38,0.9624144769777798,6,8,0,0,3,1,1,0,0,0,1,Referral,0,0,Other,Cybersecurity,0,No Offer
CUST_03004,38,Other,Kolkata,Medium,IT,61.939240605394815,320,8.531408121204658,3,13,0,5,6,1,1,1,1,0,4,Referral,15,1,Other,AI Solutions,1,AI Solutions
CUST_03005,58,Female,Delhi,Medium,Logistics,31.89343417768775,234,2.7399476927745963,3,8,0,4,7,2,0,1,0,0,1,Email Campaign,5,1,Other,Cloud Services,1,Cloud Services
CUST_03006,57,Female,Bangalore,Small,Finance,4.232224486575673,19,0.5688911111873338,7,8,0,5,3,5,0,1,0,0,1,Website,10,1,Other,Cloud Services,1,Cloud Services
CUST_03007,40,Female,Ahmedabad,Small,IT,16.171944880355483,86,1.780451471244653,3,7,1,1,7,2,1,0,1,1,3,LinkedIn,0,0,Other,Cybersecurity,1,Cybersecurity
CUST_03008,48,Male,Vadodara,Small,Retail,9.808070599649357,54,0.5119927520476685,7,7,1,3,8,4,1,0,1,0,2,Referral,15,1,Other,Cybersecurity,1,Cybersecurity
CUST_03009,55,Female,Pune,Small,IT,2.4483699358805344,26,0.1700993059077113,8,8,1,0,3,0,0,0,0,0,3,Website,10,1,Other,Cybersecurity,0,No Offer
CUST_03010,32,Male,Delhi,Small,Manufacturing,1.4472530849690814,11,0.0670472960920611,7,10,0,3,2,1,0,0,0,0,2,Email Campaign,15,0,Other,Cybersecurity,0,No Offer
CUST_03011,33,Female,Chennai,Large,Manufacturing,619.7705596517355,4531,76.15358875175689,3,10,0,2,4,1,0,0,0,0,3,Website,5,1,Other,Cybersecurity,1,Cybersecurity
CUST_03012,42,Female,Pune,Large,Logistics,338.3794172231831,1720,50.15801044164749,4,8,1,3,4,3,1,1,0,0,2,Email Campaign,0,1,Other,Data Analytics,1,Data Analytics
CUST_03013,32,Female,Kolkata,Large,Retail,201.4675344997522,1160,19.25332535787514,5,4,0,3,3,2,0,0,1,0,0,Website,10,1,Other,Cybersecurity,1,Cybersecurity
CUST_03014,60,Male,Kolkata,Large,Retail,263.0460145784924,3916,28.594082865768428,8,7,1,2,6,1,1,0,0,0,2,Referral,5,1,Other,Cybersecurity,1,Cybersecurity
CUST_03015,49,Male,Chennai,Small,Real Estate,8.030850507176257,72,0.959936460718862,4,6,0,2,1,0,0,1,1,0,2,Website,15,1,Other,Cloud Services,1,Cloud Services
CUST_03016,26,Male,Vadodara,Small,Retail,2.0245330124923275,14,0.1152183851214609,1,10,0,3,8,2,0,1,0,0,1,Website,0,0,Other,Cloud Services,0,No Offer
CUST_03017,38,Female,Surat,Small,IT,6.709784031827554,34,0.4718330176802209,6,9,1,2,8,1,1,0,0,0,2,Website,10,0,Other,Cybersecurity,0,No Offer
CUST_03018,41,Male,Pune,Large,IT,130.95241134450106,659,10.407907164902328,5,6,0,4,10,1,1,0,0,0,2,Referral,0,1,Other,Cybersecurity,1,Cybersecurity
CUST_03019,33,Male,Chennai,Medium,Healthcare,65.16781115430403,440,6.604796595483422,10,6,0,3,5,1,1,0,0,0,2,Website,15,0,Other,Cybersecurity,1,Cybersecurity
CUST_03020,27,Female,Vadodara,Small,Education,5.283826304553758,72,0.697777395886642,2,2,1,5,3,1,0,0,1,0,1,Website,10,0,Other,Cybersecurity,0,No Offer
CUST_03021,38,Female,Vadodara,Small,Logistics,4.777549949680984,44,0.2890629142901376,7,8,0,1,4,1,1,0,0,0,2,Email Campaign,10,0,Other,Cybersecurity,0,No Offer
CUST_03022,40,Male,Mumbai,Medium,Education,41.38477534425968,410,3.5800585279574797,2,6,1,3,5,0,1,0,0,0,1,Website,0,1,Other,Cybersecurity,1,Cybersecurity
CUST_03023,47,Male,Pune,Medium,Real Estate,83.92554979909083,407,10.086514096834708,9,12,0,3,6,1,0,1,1,0,4,Cold Call,15,0,Other,Cloud Services,1,Cloud Services
CUST_03024,53,Female,Delhi,Large,Real Estate,218.1750557264686,2537,8.833078928183518,10,6,1,1,3,1,0,1,1,0,3,Website,5,1,Other,Cloud Services,1,Cloud Services
CUST_03025,27,Male,Surat,Small,Finance,6.863243734993846,48,0.628310849798992,3,7,1,2,9,1,1,1,0,0,0,Email Campaign,5,0,Other,Data Analytics,0,No Offer
CUST_03026,57,Female,Hyderabad,Large,IT,317.4638434517617,1724,15.024155569181849,8,6,0,3,6,1,1,0,0,0,1,Email Campaign,0,0,Other,Cybersecurity,0,No Offer
CUST_03027,59,Male,Bangalore,Small,Healthcare,9.961246454190304,41,0.9433087979224198,3,7,0,4,6,2,1,0,1,1,2,Referral,0,0,Other,Cybersecurity,1,Cybersecurity
CUST_03028,32,Female,Pune,Medium,Healthcare,109.68332294370585,439,13.396581915457856,1,6,0,3,3,1,0,0,0,0,0,Email Campaign,0,0,Other,Cybersecurity,0,No Offer
CUST_03029,54,Male,Ahmedabad,Large,Manufacturing,214.12014155286812,890,12.51182982980942,8,8,0,3,5,1,0,0,0,1,0,Website,0,1,Other,Cybersecurity,1,Cybersecurity
CUST_03030,45,Male,Vadodara,Large,IT,369.481278948749,1908,48.74840426571254,9,5,1,4,6,1,1,1,1,0,0,Email Campaign,0,1,Other,AI Solutions,1,AI Solutions
CUST_03031,44,Female,Mumbai,Small,Healthcare,5.181492331714876,26,0.3636189614332716,7,6,0,3,9,0,0,1,0,1,3,Email Campaign,5,0,Other,Cloud Services,0,No Offer
CUST_03032,36,Female,Chennai,Small,Manufacturing,17.762097717918707,88,0.9395116582911092,3,7,0,1,3,2,1,0,0,1,1,Website,15,1,Other,Cybersecurity,1,Cybersecurity
CUST_03033,48,Male,Kolkata,Medium,Finance,74.54452672860144,335,6.398813273214367,10,9,1,5,3,4,1,0,0,0,3,Referral,0,1,Other,Cybersecurity,1,Cybersecurity
CUST_03034,32,Female,Chennai,Small,Manufacturing,9.854640795388107,41,1.331647853134076,5,9,0,2,6,0,1,0,0,0,2,Cold Call,5,0,Other,Cybersecurity,0,No Offer
CUST_03035,38,Male,Chennai,Medium,Real Estate,68.45748462080023,492,2.6200026156469063,5,9,0,3,5,3,1,0,0,0,2,Referral,10,1,Other,Cybersecurity,1,Cybersecurity
CUST_03036,35,Female,Surat,Large,Finance,557.0697918676098,4179,38.60971397687721,10,8,1,3,4,1,0,0,0,0,1,LinkedIn,5,1,Other,Cybersecurity,1,Cybersecurity
CUST_03037,48,Female,Pune,Small,Real Estate,9.804409580825103,69,1.0625977952266965,1,8,1,4,3,1,1,0,0,0,0,Email Campaign,20,1,Other,Cybersecurity,1,Cybersecurity
CUST_03038,39,Male,Chennai,Medium,Education,60.77578705330049,334,4.431144659220268,8,4,1,1,2,0,0,0,0,1,0,Email Campaign,0,1,Other,Cybersecurity,1,Cybersecurity
CUST_03039,49,Female,Surat,Small,Real Estate,18.663106212255315,91,0.7185086746961812,5,11,0,5,4,2,1,0,0,0,2,Referral,5,1,Other,Cybersecurity,1,Cybersecurity
CUST_03040,25,Male,Hyderabad,Large,Education,844.666361861422,3769,58.991394188028245,4,10,0,5,5,1,0,0,0,0,0,Email Campaign,15,1,Other,Cybersecurity,1,Cybersecurity
CUST_03041,28,Male,Delhi,Large,Retail,132.76762180512986,940,17.062647689667465,1,12,0,2,3,3,0,0,0,1,4,LinkedIn,5,1,Other,Cybersecurity,1,Cybersecurity
CUST_03042,56,Female,Hyderabad,Medium,Retail,23.553508845316973,192,3.442686907230012,9,6,1,2,5,2,1,1,1,1,0,Email Campaign,0,1,Other,Advanced IT Solutions,1,Advanced IT Solutions
CUST_03043,30,Female,Pune,Small,Logistics,17.513607128771614,71,0.6090094820777278,0,13,0,3,2,4,1,1,0,0,1,Referral,15,1,Other,Data Analytics,1,Data Analytics
CUST_03044,29,Male,Kolkata,Medium,Manufacturing,30.4552976476567,316,2.9941839028781434,6,8,0,3,3,3,0,0,0,0,1,LinkedIn,10,0,Other,Cybersecurity,0,No Offer
CUST_03045,38,Male,Hyderabad,Medium,Logistics,31.81312589601697,337,1.356397541540418,3,4,0,3,3,5,1,0,1,0,2,Referral,10,0,Other,Cybersecurity,1,Cybersecurity
CUST_03046,38,Male,Surat,Small,Retail,7.916341129577264,41,0.8838403572688346,10,4,1,7,9,1,1,1,0,1,1,Email Campaign,0,1,Other,Data Analytics,1,Data Analytics
CUST_03047,54,Other,Surat,Large,Real Estate,396.83147821860047,4618,12.28077039214323,6,8,0,5,3,3,1,1,0,0,0,Referral,0,1,Other,Data Analytics,1,Data Analytics
CUST_03048,53,Male,Bangalore,Large,IT,221.1887053135293,1703,7.026942891937543,4,8,1,2,2,0,0,1,1,1,2,Website,15,0,Other,Cloud Services,0,No Offer
CUST_03049,29,Male,Vadodara,Medium,Manufacturing,47.29613090580277,436,5.828093123446615,0,11,1,0,0,3,1,0,0,1,0,Referral,0,1,Other,Cybersecurity,1,Cybersecurity
CUST_03050,40,Male,Ahmedabad,Medium,Healthcare,10.886471875680664,130,0.4238347219225816,4,10,0,2,7,0,1,0,0,0,0,Cold Call,10,0,Other,Cybersecurity,1,Cybersecurity
CUST_03051,59,Male,Ahmedabad,Small,Real Estate,16.096320438499134,97,1.072365855708845,3,11,1,1,3,2,1,0,1,0,3,Referral,15,1,Other,Cybersecurity,1,Cybersecurity
CUST_03052,24,Male,Pune,Medium,IT,25.06516192833608,201,3.6335674615365994,0,12,1,5,5,0,1,0,1,0,1,Website,10,0,Other,Cybersecurity,0,No Offer
CUST_03053,26,Male,Vadodara,Small,Logistics,3.2762771951028515,23,0.485641435345162,9,8,1,1,5,2,1,0,1,0,1,Referral,10,0,Other,Cybersecurity,0,No Offer
CUST_03054,34,Male,Bangalore,Small,Manufacturing,4.101939644394748,46,0.2025059650785497,1,12,1,2,5,1,0,0,0,0,0,Website,0,0,Other,Cybersecurity,0,No Offer
CUST_03055,52,Male,Mumbai,Small,Logistics,7.328640979236647,36,0.7131370861891809,8,8,1,3,7,3,1,1,0,1,2,Referral,10,1,Other,Data Analytics,1,Data Analytics
CUST_03056,37,Female,Chennai,Small,Education,3.727099750774922,33,0.361893407640722,0,7,0,0,6,1,0,1,1,0,3,Referral,0,0,Other,Cloud Services,0,No Offer
CUST_03057,53,Male,Hyderabad,Small,Finance,8.653685413792724,73,0.7293817843910084,9,9,0,1,5,2,1,0,0,0,1,LinkedIn,10,0,Other,Cybersecurity,0,No Offer
CUST_03058,43,Female,Vadodara,Medium,Logistics,44.28997945722994,441,6.243293505350056,3,8,1,8,6,1,0,0,0,0,0,Cold Call,10,1,Other,Cybersecurity,1,Cybersecurity
CUST_03059,50,Female,Chennai,Medium,Retail,32.166967889594595,235,3.87560718178332,7,15,0,3,3,3,0,0,0,0,0,Website,5,0,Other,Cybersecurity,0,No Offer
CUST_03060,43,Female,Mumbai,Medium,Retail,54.65996964648228,383,6.654481381189648,4,14,1,4,2,0,1,0,0,0,0,LinkedIn,10,1,Other,Cybersecurity,1,Cybersecurity
CUST_03061,24,Female,Kolkata,Small,Retail,3.742401198381673,24,0.2333324716915289,9,7,0,0,3,0,1,0,0,0,1,Referral,5,0,Other,Cybersecurity,0,No Offer
CUST_03062,31,Male,Bangalore,Small,Manufacturing,9.253518943062742,38,0.7598839170216293,6,7,0,4,9,3,1,1,1,0,2,Cold Call,20,1,Other,AI Solutions,1,AI Solutions
CUST_03063,42,Male,Chennai,Large,IT,766.7153605423472,3320,67.84728922188937,10,13,0,4,4,4,1,1,0,0,2,Website,15,1,Other,Data Analytics,1,Data Analytics
CUST_03064,37,Male,Bangalore,Medium,Finance,53.96985722598697,314,3.5549645392112925,1,7,0,1,4,3,1,0,0,0,2,LinkedIn,0,0,Other,Cybersecurity,0,No Offer
CUST_03065,33,Male,Bangalore,Large,Retail,171.43531777062205,2967,7.093673382943959,3,15,1,5,5,2,1,1,1,0,2,Cold Call,0,1,Other,AI Solutions,1,AI Solutions
CUST_03066,23,Female,Vadodara,Small,IT,14.141069590378446,82,0.6386546389575604,3,7,0,2,5,1,0,1,0,0,2,LinkedIn,10,0,Other,Cloud Services,0,No Offer
CUST_03067,45,Female,Surat,Medium,Logistics,23.30126642401838,343,1.2042219238651477,0,10,0,5,4,1,0,1,1,0,6,Website,5,0,Other,Cloud Services,1,Cloud Services
CUST_03068,56,Female,Delhi,Small,Healthcare,3.64930810637124,19,0.1986624948696418,7,10,0,1,5,3,1,1,0,0,2,Website,15,0,Other,Data Analytics,0,No Offer
CUST_03069,51,Male,Pune,Medium,Education,28.16341644956095,220,1.6636529202013042,10,9,0,1,5,3,1,1,0,0,0,Email Campaign,0,0,Other,Data Analytics,0,No Offer
CUST_03070,51,Female,Ahmedabad,Large,Healthcare,505.12625068442,2322,30.638535516140195,2,5,0,0,6,1,1,0,0,0,2,Referral,5,1,Other,Cybersecurity,1,Cybersecurity
CUST_03071,56,Male,Bangalore,Large,Finance,1030.8222796071789,4322,87.2961758413811,3,11,0,6,6,3,0,0,1,0,0,Referral,5,0,Other,Cybersecurity,0,No Offer
CUST_03072,40,Male,Vadodara,Large,Retail,414.008677913557,3103,37.73638710149656,1,4,0,0,3,5,1,1,1,1,3,Email Campaign,0,0,Other,Advanced IT Solutions,0,No Offer
CUST_03073,29,Male,Vadodara,Small,Real Estate,14.068994850380175,99,0.9435442441337102,9,9,1,2,4,0,1,0,1,0,3,Referral,10,0,Other,Cybersecurity,0,No Offer
CUST_03074,47,Female,Chennai,Medium,Real Estate,33.94196227291916,202,4.713709370824051,4,7,0,5,1,2,0,1,1,1,3,LinkedIn,5,0,Other,Cloud Services,0,No Offer
CUST_03075,28,Male,Chennai,Medium,Healthcare,18.15358850743685,203,1.7495841661766471,4,2,0,4,7,2,0,1,0,0,1,Email Campaign,5,0,Other,Cloud Services,0,No Offer
CUST_03076,51,Female,Hyderabad,Medium,Education,91.8319615846122,390,11.432824968010234,2,9,1,2,13,2,0,1,0,0,3,Referral,10,0,Other,Cloud Services,0,No Offer
CUST_03077,28,Female,Bangalore,Small,IT,6.420199309112904,47,0.9046609104531038,7,12,0,2,7,2,1,0,0,0,0,Referral,10,0,Other,Cybersecurity,0,No Offer
CUST_03078,24,Female,Delhi,Large,Real Estate,192.2375389244626,2306,9.53040932031944,0,4,1,0,1,1,0,0,0,0,3,Website,5,0,Other,Cybersecurity,0,No Offer
CUST_03079,22,Male,Pune,Large,IT,983.9702493497877,4858,80.04099897234377,1,4,0,0,7,2,1,1,1,0,2,Referral,0,1,Other,AI Solutions,1,AI Solutions
CUST_03080,57,Female,Pune,Small,Healthcare,6.943440312170981,74,0.5692596773951694,0,6,0,2,3,1,0,1,1,0,1,Website,10,1,Other,Cloud Services,1,Cloud Services
CUST_03081,46,Female,Kolkata,Small,Logistics,7.240938661322131,92,0.5252335785474567,5,10,0,3,6,2,0,0,1,0,2,Cold Call,0,0,Other,Cybersecurity,0,No Offer
CUST_03082,58,Male,Kolkata,Small,Logistics,9.591890490829284,59,0.2980076063275909,3,12,0,1,3,3,1,1,0,0,0,Referral,10,1,Other,Data Analytics,1,Data Analytics
CUST_03083,22,Male,Hyderabad,Medium,Retail,77.03700334237699,418,9.85431561957381,9,12,1,5,4,2,1,1,1,1,2,Email Campaign,10,1,Other,Advanced IT Solutions,1,Advanced IT Solutions
CUST_03084,36,Male,Ahmedabad,Small,Education,6.064764280920381,37,0.2631326470552699,0,11,0,5,6,1,0,0,0,1,1,Email Campaign,5,0,Other,Cybersecurity,0,No Offer
CUST_03085,58,Male,Kolkata,Large,Finance,841.604486482732,4642,125.78424708457774,6,8,0,2,8,3,0,1,0,0,1,Email Campaign,0,1,Other,Cloud Services,1,Cloud Services
CUST_03086,34,Male,Mumbai,Medium,Retail,28.218453750157877,386,3.463956827079231,8,5,0,4,7,7,1,0,0,0,4,Website,15,0,Other,Cybersecurity,1,Cybersecurity
CUST_03087,29,Other,Hyderabad,Medium,Real Estate,19.74769063044772,136,1.9668937257439096,4,6,0,3,6,0,0,1,0,1,1,Website,0,0,Other,Cloud Services,0,No Offer
CUST_03088,26,Male,Pune,Medium,Manufacturing,37.87796339112497,312,1.8390800494836528,6,13,0,2,3,3,1,1,0,0,2,Website,15,0,Other,Data Analytics,0,No Offer
CUST_03089,30,Male,Pune,Small,Healthcare,19.818571583089977,81,1.8202794471301205,3,2,0,4,4,1,1,0,1,0,0,Website,0,0,Other,Cybersecurity,0,No Offer
CUST_03090,22,Female,Delhi,Large,Manufacturing,280.02852888413025,4673,17.175003456267884,3,13,0,3,3,3,1,0,0,0,2,Referral,0,1,Other,Cybersecurity,1,Cybersecurity
CUST_03091,57,Male,Vadodara,Medium,Real Estate,52.19760813130468,476,3.1464041149952178,3,5,0,2,5,2,0,1,0,1,1,Referral,10,0,Other,Cloud Services,0,No Offer
CUST_03092,56,Female,Mumbai,Large,Healthcare,740.3847949697778,3106,95.91204503615154,4,8,0,3,3,3,0,0,0,1,1,Website,20,1,Other,Cybersecurity,1,Cybersecurity
CUST_03093,23,Male,Ahmedabad,Medium,Finance,56.98752366311603,231,4.312663684008054,7,12,1,4,2,1,0,0,1,0,1,Referral,0,0,Other,Cybersecurity,0,No Offer
CUST_03094,44,Female,Chennai,Medium,Retail,101.68569209098683,473,8.5504301894907,3,10,0,3,6,3,0,0,0,0,3,Email Campaign,10,1,Other,Cybersecurity,1,Cybersecurity
CUST_03095,30,Male,Hyderabad,Small,Education,4.433576118623167,68,0.5814890831902997,6,4,0,3,5,1,1,0,0,0,5,Referral,15,0,Other,Cybersecurity,0,No Offer
CUST_03096,55,Female,Kolkata,Medium,Real Estate,63.77250522780226,393,2.5850105333468982,8,5,0,2,6,5,0,0,0,0,3,Referral,5,1,Other,Cybersecurity,0,No Offer
CUST_03097,35,Male,Surat,Medium,Logistics,60.46143831835344,465,6.128017227269352,5,9,0,3,8,2,0,1,1,0,4,Email Campaign,10,1,Other,Cloud Services,1,Cloud Services
CUST_03098,25,Female,Delhi,Medium,Logistics,59.37263430448158,281,5.900801613047809,3,15,0,2,4,2,0,0,1,0,4,Website,0,1,Other,Cybersecurity,1,Cybersecurity
CUST_03099,51,Male,Pune,Medium,Retail,15.007192390109598,246,1.2159689934707971,4,5,0,1,5,0,0,0,1,0,0,Referral,0,0,Other,Cybersecurity,0,No Offer
CUST_03100,52,Female,Surat,Small,Healthcare,2.2356437582235107,25,0.2896789724865363,7,11,0,3,6,3,1,1,0,1,1,Website,20,1,Other,Data Analytics,1,Data Analytics
CUST_03101,59,Male,Hyderabad,Large,Logistics,116.94065947641998,791,16.739682054655557,3,8,0,6,7,2,1,0,0,0,1,Email Campaign,10,1,Other,Cybersecurity,1,Cybersecurity
CUST_03102,32,Male,Bangalore,Large,IT,139.57855979333593,1712,11.981465924931168,3,6,0,1,4,0,1,1,1,0,1,LinkedIn,10,0,Other,AI Solutions,0,No Offer
CUST_03103,56,Female,Ahmedabad,Small,Manufacturing,10.181323541098422,54,0.8627413912568682,6,8,1,4,5,2,0,0,0,0,3,Website,0,0,Other,Cybersecurity,0,No Offer
CUST_03104,29,Male,Bangalore,Large,Education,808.8575588490037,3777,72.99749189764267,5,8,1,4,7,3,1,0,1,0,6,LinkedIn,0,1,Other,Cybersecurity,1,Cybersecurity
CUST_03105,24,Female,Hyderabad,Small,Education,11.454238723531724,60,1.33756739481208,0,9,0,2,4,1,1,0,0,0,4,Website,15,1,Other,Cybersecurity,1,Cybersecurity
CUST_03106,35,Female,Bangalore,Medium,Logistics,22.08907883647943,160,2.433492736546872,8,4,0,4,5,1,1,0,0,0,2,Referral,10,1,Other,Cybersecurity,1,Cybersecurity
CUST_03107,34,Female,Ahmedabad,Small,Real Estate,11.058199129275934,49,0.6274443628332994,4,8,1,3,3,2,1,0,0,0,1,Email Campaign,10,0,Other,Cybersecurity,1,Cybersecurity
CUST_03108,53,Male,Vadodara,Large,Retail,374.1171171097438,4825,14.092034747057324,9,9,0,2,5,2,1,1,0,0,2,Email Campaign,15,1,Other,Data Analytics,1,Data Analytics
CUST_03109,55,Female,Hyderabad,Small,Retail,7.757146475264935,76,1.116334793526627,10,8,0,2,5,2,1,0,0,0,2,Website,15,0,Other,Cybersecurity,0,No Offer
CUST_03110,40,Female,Surat,Medium,Healthcare,73.06652090292758,494,4.481050713892425,1,8,0,3,8,2,0,1,0,1,0,Email Campaign,0,0,Other,Cloud Services,0,No Offer
CUST_03111,59,Female,Bangalore,Small,IT,5.292756180947284,85,0.5643750714318472,4,9,1,6,5,1,1,1,0,1,0,Website,10,1,Other,Data Analytics,1,Data Analytics
CUST_03112,37,Male,Ahmedabad,Small,Real Estate,1.6592917515194272,24,0.2147331938973292,7,10,0,5,4,2,1,1,0,0,2,Website,10,0,Other,Data Analytics,0,No Offer
CUST_03113,23,Male,Kolkata,Medium,Real Estate,37.29273821120863,288,2.4625592162244923,5,4,1,2,9,2,0,0,0,0,1,Email Campaign,20,0,Other,Cybersecurity,0,No Offer
CUST_03114,38,Male,Chennai,Small,Real Estate,3.10410437150984,13,0.3298173276016024,7,6,0,3,6,2,1,0,1,0,0,LinkedIn,10,0,Other,Cybersecurity,0,No Offer
CUST_03115,55,Male,Ahmedabad,Medium,Manufacturing,47.726644163012416,206,2.049765294622247,4,10,1,2,5,3,0,0,0,0,1,Email Campaign,10,0,Other,Cybersecurity,1,Cybersecurity
CUST_03116,37,Male,Delhi,Large,IT,650.3915612601087,4542,95.21197400853424,3,9,1,2,1,3,0,0,0,0,0,Website,10,1,Other,Cybersecurity,1,Cybersecurity
CUST_03117,59,Male,Chennai,Large,Education,268.2364444453394,3420,9.919113603118657,9,6,1,3,5,1,1,0,1,0,1,Email Campaign,15,1,Other,Cybersecurity,1,Cybersecurity
CUST_03118,23,Female,Kolkata,Large,IT,43.067630189418615,503,3.556566283044833,2,7,0,4,8,3,0,0,0,0,2,Email Campaign,10,0,Other,Cybersecurity,0,No Offer
CUST_03119,23,Female,Mumbai,Small,Logistics,6.526478967934924,52,0.6162191081845487,1,7,0,3,7,1,0,0,0,0,1,Website,10,0,Other,Cybersecurity,0,No Offer
CUST_03120,47,Female,Surat,Small,Healthcare,4.232682594798389,46,0.5284834937703948,8,10,0,1,7,1,0,0,0,0,2,Cold Call,15,0,Other,Cybersecurity,0,No Offer
CUST_03121,34,Male,Pune,Medium,IT,27.50378409664521,413,1.2248926326801572,0,9,0,5,5,1,0,0,1,0,2,Referral,15,1,Other,Cybersecurity,1,Cybersecurity
CUST_03122,52,Male,Kolkata,Small,Real Estate,7.020708874751978,38,0.5819954007353365,9,10,0,5,4,2,1,0,0,0,2,Website,0,0,Other,Cybersecurity,0,No Offer
CUST_03123,55,Other,Vadodara,Large,Manufacturing,411.89965516250106,2477,27.171120712054236,1,3,1,0,7,1,1,1,0,0,3,Cold Call,15,1,Other,Data Analytics,1,Data Analytics
CUST_03124,60,Other,Chennai,Small,Education,6.279042392545787,58,0.4234666930684176,5,4,0,3,6,0,1,1,0,0,0,Email Campaign,10,0,Other,Data Analytics,0,No Offer
CUST_03125,24,Female,Vadodara,Large,Finance,335.4371727120511,1630,41.41124518623008,5,8,1,6,11,0,0,1,0,0,2,Referral,10,1,Other,Cloud Services,1,Cloud Services
CUST_03126,29,Female,Chennai,Small,Education,12.311386652470016,60,0.3774094162670744,0,6,0,4,4,1,0,0,0,1,0,LinkedIn,15,0,Other,Cybersecurity,0,No Offer
CUST_03127,44,Male,Delhi,Large,Real Estate,281.72894907489206,1901,33.77649411737978,7,7,0,5,5,2,1,0,0,0,2,Cold Call,15,1,Other,Cybersecurity,1,Cybersecurity
CUST_03128,35,Female,Mumbai,Small,Finance,2.5643409107880157,37,0.326306769132008,10,6,1,3,6,1,1,0,0,0,0,Referral,15,0,Other,Cybersecurity,0,No Offer
CUST_03129,48,Male,Pune,Small,Manufacturing,19.39659204168254,83,2.679900448320099,3,8,0,5,8,1,1,1,1,1,1,LinkedIn,10,1,Other,Advanced IT Solutions,1,Advanced IT Solutions
CUST_03130,50,Male,Delhi,Medium,Education,29.397136753311088,160,3.0933377143267857,6,8,0,4,8,0,0,1,1,0,0,Referral,15,1,Other,Cloud Services,1,Cloud Services
CUST_03131,60,Female,Kolkata,Small,Education,6.4616606489753625,65,0.4524108402158092,9,10,0,7,6,2,0,1,1,0,0,Cold Call,5,1,Other,Cloud Services,1,Cloud Services
CUST_03132,60,Male,Vadodara,Medium,Education,25.46945459221311,148,2.069855912270766,8,6,1,5,8,0,0,1,1,0,5,Cold Call,5,1,Other,Cloud Services,1,Cloud Services
CUST_03133,22,Male,Chennai,Medium,Education,64.8471280869354,495,9.491565835241964,1,9,0,2,4,1,1,0,0,0,1,Cold Call,20,0,Other,Cybersecurity,0,No Offer
CUST_03134,38,Male,Kolkata,Small,Healthcare,4.603818126626982,26,0.6249334099376431,6,6,0,6,8,5,1,0,1,0,0,Website,15,1,Other,Cybersecurity,1,Cybersecurity
CUST_03135,51,Male,Ahmedabad,Large,Retail,413.0407331041205,2853,35.36583174998611,0,9,1,5,6,3,0,0,0,0,2,Referral,0,1,Other,Cybersecurity,1,Cybersecurity
CUST_03136,34,Female,Mumbai,Medium,Education,15.444915155034405,105,2.211210830332608,2,8,1,2,5,3,1,1,1,0,2,LinkedIn,0,1,Other,AI Solutions,1,AI Solutions
CUST_03137,42,Male,Surat,Medium,Healthcare,78.67339093420728,399,10.12955980411392,3,7,0,4,5,1,1,0,1,0,3,Email Campaign,10,1,Other,Cybersecurity,1,Cybersecurity
CUST_03138,40,Male,Ahmedabad,Medium,Manufacturing,47.332170884305874,274,6.53802984423281,2,9,0,2,6,1,1,0,0,0,2,Cold Call,10,0,Other,Cybersecurity,1,Cybersecurity
CUST_03139,40,Male,Vadodara,Medium,Education,24.94442345806346,378,2.7927095059193734,7,7,1,4,6,1,0,0,0,0,3,Referral,10,0,Other,Cybersecurity,0,No Offer
CUST_03140,46,Male,Mumbai,Small,IT,5.172126555319381,82,0.6874712270756008,10,5,0,4,4,5,1,1,0,0,0,Website,5,1,Other,Data Analytics,1,Data Analytics
CUST_03141,43,Male,Mumbai,Small,Education,9.768162579942365,88,1.3383548756192576,6,10,0,6,3,2,1,0,0,0,1,LinkedIn,15,1,Other,Cybersecurity,1,Cybersecurity
CUST_03142,52,Female,Kolkata,Medium,Logistics,62.99077927948792,463,2.58526694240709,2,7,0,5,7,0,1,0,0,0,0,Cold Call,10,1,Other,Cybersecurity,1,Cybersecurity
CUST_03143,38,Male,Ahmedabad,Small,Education,2.6261127958964305,25,0.3829556222638954,6,10,1,1,4,2,1,1,0,1,3,Website,20,1,Other,Data Analytics,1,Data Analytics
CUST_03144,44,Female,Kolkata,Small,Real Estate,3.96642337550764,22,0.2777827964628275,1,8,0,5,5,2,0,1,0,1,1,Website,0,0,Other,Cloud Services,0,No Offer
CUST_03145,53,Other,Kolkata,Medium,Finance,33.91722439749239,381,2.807937177391034,10,3,1,4,3,3,0,0,0,0,3,Cold Call,20,1,Other,Cybersecurity,1,Cybersecurity
CUST_03146,31,Female,Kolkata,Medium,IT,44.65380331134074,234,5.582995863881099,10,11,1,5,5,2,0,1,0,0,1,Website,15,1,Other,Cloud Services,1,Cloud Services
CUST_03147,31,Male,Vadodara,Small,Education,19.235233947511887,94,2.1117893370481577,2,7,0,4,5,0,0,0,1,0,1,Referral,10,0,Other,Cybersecurity,0,No Offer
CUST_03148,57,Male,Chennai,Small,Education,6.13883664456867,82,0.8420469692879908,6,3,0,0,4,4,1,1,0,0,2,LinkedIn,15,0,Other,Data Analytics,0,No Offer
CUST_03149,29,Female,Chennai,Small,Education,12.971609904427028,72,1.012678669096346,9,6,0,3,2,3,1,0,0,0,3,Email Campaign,5,0,Other,Cybersecurity,1,Cybersecurity
CUST_03150,41,Male,Vadodara,Small,Healthcare,12.11435975900114,50,0.9060884457960208,4,11,1,3,6,2,0,0,1,0,1,LinkedIn,10,0,Other,Cybersecurity,0,No Offer
CUST_03151,53,Female,Pune,Small,Real Estate,5.4910153340655,62,0.1856109350719987,8,6,0,4,2,2,0,0,0,0,2,Referral,5,0,Other,Cybersecurity,0,No Offer
CUST_03152,35,Female,Surat,Small,Manufacturing,17.853263599188782,77,1.5269368828217424,7,7,0,1,5,1,1,0,1,0,1,Email Campaign,15,0,Other,Cybersecurity,0,No Offer
CUST_03153,49,Female,Delhi,Large,Finance,794.9261256958519,4643,92.91771643335508,5,9,1,2,6,3,0,0,0,0,0,Email Campaign,10,1,Other,Cybersecurity,1,Cybersecurity
CUST_03154,45,Female,Surat,Medium,Education,48.77480230523929,290,3.22603595844888,3,11,1,1,7,0,1,0,0,0,0,LinkedIn,10,1,Other,Cybersecurity,1,Cybersecurity
CUST_03155,36,Female,Vadodara,Small,Manufacturing,3.6230721878504064,60,0.3098711531082332,2,5,1,4,3,0,1,0,0,1,0,Email Campaign,10,0,Other,Cybersecurity,0,No Offer
CUST_03156,43,Male,Bangalore,Small,Real Estate,11.380623173604942,57,0.6410446945994402,5,13,0,2,3,1,1,0,0,0,1,Website,5,0,Other,Cybersecurity,0,No Offer
CUST_03157,51,Female,Delhi,Medium,Finance,60.155354148729614,413,7.3831395217439795,8,8,0,6,5,1,1,0,1,0,0,Referral,5,1,Other,Cybersecurity,1,Cybersecurity
CUST_03158,25,Male,Pune,Small,Finance,11.265622945287555,58,0.4197727404266269,4,10,0,4,3,2,1,1,1,0,2,Referral,5,1,Other,AI Solutions,1,AI Solutions
CUST_03159,34,Male,Hyderabad,Medium,Logistics,28.17421735167972,133,3.230060381483498,6,6,0,5,3,2,1,0,0,0,0,Cold Call,0,0,Other,Cybersecurity,0,No Offer
CUST_03160,44,Female,Delhi,Large,Real Estate,682.7979198636987,4412,51.53267180862299,6,7,0,0,3,3,1,1,0,0,1,Referral,10,1,Other,Data Analytics,1,Data Analytics
CUST_03161,29,Female,Mumbai,Medium,Finance,22.49762092159016,219,0.7872261397556575,6,3,0,1,3,2,0,0,1,0,4,Website,15,0,Other,Cybersecurity,0,No Offer
CUST_03162,39,Female,Vadodara,Small,Real Estate,4.933813391549449,63,0.6533175632337307,8,10,0,4,4,2,1,0,0,1,1,Referral,10,0,Other,Cybersecurity,0,No Offer
CUST_03163,33,Female,Hyderabad,Medium,Real Estate,38.25889152330101,466,3.386930488537885,1,8,1,4,4,2,0,0,0,0,1,Referral,0,1,Other,Cybersecurity,1,Cybersecurity
CUST_03164,52,Male,Surat,Large,Education,423.0948469146686,1894,43.12109753177522,7,6,0,1,4,3,1,0,0,1,0,Email Campaign,10,1,Other,Cybersecurity,1,Cybersecurity
CUST_03165,35,Female,Hyderabad,Medium,Healthcare,28.46665088703562,381,3.354614982717706,1,7,0,4,3,0,1,0,0,1,0,Email Campaign,0,0,Other,Cybersecurity,0,No Offer
CUST_03166,55,Female,Vadodara,Medium,Education,16.628984713820095,131,1.8060562693495388,10,6,1,5,5,3,1,1,1,0,3,Referral,15,1,Other,AI Solutions,1,AI Solutions
CUST_03167,39,Female,Surat,Small,Education,6.543876038437145,56,0.770232692887221,0,8,1,5,6,4,1,0,0,1,2,Referral,10,1,Other,Cybersecurity,1,Cybersecurity
CUST_03168,55,Male,Vadodara,Small,Manufacturing,6.469642867086028,29,0.7858921176133159,9,8,0,4,9,1,1,0,0,0,1,Website,10,0,Other,Cybersecurity,0,No Offer
CUST_03169,32,Male,Ahmedabad,Medium,Retail,16.154795715413275,111,1.62675858606572,5,7,1,3,4,3,1,0,0,1,2,Website,10,1,Other,Cybersecurity,1,Cybersecurity
CUST_03170,33,Female,Bangalore,Large,Retail,312.6087614709129,1254,23.09445358016557,1,8,0,1,4,1,1,0,0,0,3,Website,10,0,Other,Cybersecurity,0,No Offer
CUST_03171,36,Male,Pune,Medium,Logistics,87.255639573198,442,5.163532040880148,4,14,0,4,1,1,1,1,0,0,1,Cold Call,10,1,Other,Data Analytics,1,Data Analytics
CUST_03172,52,Male,Pune,Medium,Real Estate,38.97269456931171,177,5.3918094852047975,0,13,0,4,12,5,0,0,0,1,1,Email Campaign,0,1,Other,Cybersecurity,1,Cybersecurity
CUST_03173,50,Female,Mumbai,Small,Retail,0.9762823448746898,14,0.1429189305473152,6,6,1,5,2,0,0,0,1,0,1,Referral,10,0,Other,Cybersecurity,0,No Offer
CUST_03174,47,Male,Bangalore,Small,Manufacturing,7.44591337792046,74,0.5429525084939709,0,10,1,2,6,2,1,0,0,0,1,Website,10,0,Other,Cybersecurity,0,No Offer
CUST_03175,39,Male,Bangalore,Medium,IT,32.7629266236054,425,1.4244431797848898,7,7,0,1,5,2,0,0,0,0,1,Cold Call,0,0,Other,Cybersecurity,0,No Offer
CUST_03176,53,Male,Mumbai,Small,Logistics,11.84612474184929,83,0.6717283346641545,4,15,0,1,4,3,0,1,0,1,1,Website,10,1,Other,Cloud Services,1,Cloud Services
CUST_03177,43,Male,Surat,Medium,Manufacturing,62.74502923289177,324,6.93207594452821,4,6,0,1,3,3,1,0,0,0,1,LinkedIn,20,0,Other,Cybersecurity,0,No Offer
CUST_03178,59,Female,Mumbai,Small,Finance,5.866889954842002,70,0.2977564247731208,2,9,0,2,3,1,0,0,0,0,0,Website,15,1,Other,Cybersecurity,1,Cybersecurity
CUST_03179,38,Male,Surat,Medium,Education,20.833236242421687,274,2.575293680791199,1,6,1,4,6,2,1,0,0,0,2,Email Campaign,0,1,Other,Cybersecurity,1,Cybersecurity
CUST_03180,44,Male,Mumbai,Large,IT,676.8157285453289,3914,95.27103796878072,5,5,0,4,4,0,0,0,0,0,3,Referral,10,0,Other,Cybersecurity,0,No Offer
CUST_03181,45,Female,Delhi,Medium,Finance,36.59983183677291,381,5.330332963239655,3,4,0,5,7,1,1,0,1,1,2,Email Campaign,0,0,Other,Cybersecurity,0,No Offer
CUST_03182,29,Other,Delhi,Small,Logistics,4.667680459223942,32,0.145253831618083,9,0,0,0,9,2,1,0,1,0,1,Referral,15,0,Other,Cybersecurity,0,No Offer
CUST_03183,27,Female,Ahmedabad,Medium,Education,14.09230965765719,234,2.043081912807106,3,16,0,3,8,6,1,0,0,0,3,Website,15,1,Other,Cybersecurity,1,Cybersecurity
CUST_03184,26,Male,Chennai,Large,Education,323.48101347465075,1738,38.437091308439015,5,6,0,5,2,1,0,0,1,0,1,Website,20,1,Other,Cybersecurity,1,Cybersecurity
CUST_03185,50,Male,Mumbai,Medium,Logistics,50.0111953197778,316,2.0047501694834584,1,11,0,2,3,3,0,0,0,0,3,Website,5,1,Other,Cybersecurity,0,No Offer
CUST_03186,49,Female,Bangalore,Small,Finance,1.974330377708992,11,0.1576085359189452,1,4,0,0,10,0,1,0,0,0,1,Website,10,1,Other,Cybersecurity,0,No Offer
CUST_03187,32,Male,Delhi,Small,Manufacturing,8.301420804943989,79,0.9464072721980664,9,9,1,4,8,5,0,0,0,1,0,Email Campaign,15,1,Other,Cybersecurity,1,Cybersecurity
CUST_03188,22,Female,Kolkata,Small,Retail,6.554676894482986,62,0.949132022118384,9,5,0,4,6,5,1,0,1,0,1,Website,10,1,Other,Cybersecurity,1,Cybersecurity
CUST_03189,40,Male,Surat,Small,IT,4.205442132363033,20,0.2089977198538671,3,6,0,4,4,3,1,1,0,1,0,Website,0,0,Other,Data Analytics,0,No Offer
CUST_03190,30,Male,Delhi,Large,Real Estate,394.20486138482426,2035,17.868515525093958,5,5,0,3,6,1,1,0,1,1,3,Website,0,1,Other,Cybersecurity,1,Cybersecurity
CUST_03191,48,Female,Delhi,Large,Logistics,144.0408938480795,868,12.485701826444071,1,5,0,1,6,1,1,1,0,0,1,Referral,0,1,Other,Data Analytics,1,Data Analytics
CUST_03192,55,Female,Vadodara,Small,Logistics,3.688202598284738,21,0.5391114605824873,6,9,0,5,6,4,0,0,1,0,2,LinkedIn,15,0,Other,Cybersecurity,0,No Offer
CUST_03193,25,Female,Surat,Small,Education,3.0963976155099493,45,0.453825082770998,10,9,0,5,5,0,1,0,0,1,2,Website,0,0,Other,Cybersecurity,0,No Offer
CUST_03194,57,Male,Pune,Small,Healthcare,7.079496348488023,32,0.4060074797007205,7,6,1,3,5,0,0,1,0,0,2,Referral,0,1,Other,Cloud Services,1,Cloud Services
CUST_03195,39,Male,Hyderabad,Large,Education,667.2231809962298,3271,45.585793819277626,8,9,0,3,3,2,1,0,0,1,1,Email Campaign,15,1,Other,Cybersecurity,1,Cybersecurity
CUST_03196,36,Female,Surat,Medium,Real Estate,44.04175637234866,262,6.120211509977883,5,8,0,3,5,1,0,1,0,0,1,Website,10,1,Other,Cloud Services,1,Cloud Services
CUST_03197,34,Female,Ahmedabad,Medium,Retail,64.74017026299026,277,7.651056695978376,1,9,0,2,3,1,1,1,0,1,3,Referral,15,0,Other,Data Analytics,0,No Offer
CUST_03198,40,Male,Vadodara,Small,Education,5.274837637012438,63,0.77370248426662,5,9,0,2,7,2,0,0,0,0,1,Website,10,0,Other,Cybersecurity,0,No Offer
CUST_03199,27,Male,Surat,Medium,Healthcare,72.12261872463084,385,9.893622423774804,7,16,0,5,4,2,0,0,0,0,0,Email Campaign,15,0,Other,Cybersecurity,0,No Offer
CUST_03200,33,Male,Surat,Small,Logistics,7.277890665912966,30,0.4061901843997656,9,8,0,1,5,3,1,0,1,1,1,Cold Call,5,0,Other,Cybersecurity,0,No Offer
CUST_03201,58,Other,Chennai,Small,Manufacturing,6.4961039890110825,58,0.7871148815090837,0,7,0,1,5,1,1,0,0,0,4,Website,0,0,Other,Cybersecurity,0,No Offer
CUST_03202,38,Female,Vadodara,Medium,Education,8.807704827041317,166,0.3155609317438497,10,6,1,2,1,3,1,1,0,0,2,LinkedIn,10,1,Other,Data Analytics,1,Data Analytics
CUST_03203,44,Female,Surat,Medium,IT,25.80352763459129,131,3.3064623138453637,5,9,0,1,5,2,1,1,1,0,0,Website,5,0,Other,AI Solutions,0,No Offer
CUST_03204,47,Male,Hyderabad,Small,Manufacturing,4.163081256189259,81,0.4254119995577229,10,14,0,4,4,2,1,0,0,0,1,Cold Call,15,0,Other,Cybersecurity,0,No Offer
CUST_03205,50,Female,Hyderabad,Small,Healthcare,11.898856681330972,53,1.7221466997151893,0,9,0,2,6,2,0,0,0,1,1,Website,10,1,Other,Cybersecurity,1,Cybersecurity
CUST_03206,54,Male,Kolkata,Small,Finance,3.2467932722978405,53,0.4714470282814848,5,4,0,3,11,0,0,0,0,0,2,Referral,15,0,Other,Cybersecurity,0,No Offer
CUST_03207,48,Male,Vadodara,Small,Education,12.63870621820628,70,0.4562296546747823,9,9,0,6,5,4,0,1,0,0,1,Email Campaign,0,0,Other,Cloud Services,0,No Offer
CUST_03208,46,Female,Pune,Medium,Real Estate,22.453192370348788,179,1.106102146481402,3,7,1,5,5,2,0,0,0,0,1,LinkedIn,5,0,Other,Cybersecurity,0,No Offer
CUST_03209,31,Male,Surat,Large,Logistics,224.76629611275607,2479,19.80299983268464,2,6,0,3,4,2,1,1,1,0,1,Referral,15,1,Other,AI Solutions,1,AI Solutions
CUST_03210,44,Male,Chennai,Small,Logistics,18.8314377576028,82,2.552398441516654,2,4,0,8,7,1,1,0,0,0,0,Referral,20,1,Other,Cybersecurity,1,Cybersecurity
CUST_03211,42,Male,Chennai,Small,Manufacturing,1.9924917038537244,10,0.2545077738278747,3,10,0,4,5,1,0,1,0,0,2,Website,15,0,Other,Cloud Services,0,No Offer
CUST_03212,42,Male,Bangalore,Small,Education,5.313965095289341,45,0.774374391935874,2,13,1,3,5,4,1,0,0,0,2,Website,0,1,Other,Cybersecurity,1,Cybersecurity
CUST_03213,34,Female,Pune,Medium,Real Estate,25.10519536428957,235,2.6152105623260447,8,6,1,2,7,3,1,0,0,0,4,Email Campaign,15,1,Other,Cybersecurity,1,Cybersecurity
CUST_03214,58,Female,Chennai,Small,IT,4.930061470805697,25,0.2996867148367768,3,10,0,4,5,4,0,0,0,0,1,Referral,15,1,Other,Cybersecurity,1,Cybersecurity
CUST_03215,54,Female,Hyderabad,Medium,Education,82.57937795808112,380,2.726176219497073,0,7,0,2,3,2,1,0,1,1,2,Referral,15,1,Other,Cybersecurity,1,Cybersecurity
CUST_03216,45,Female,Bangalore,Small,Manufacturing,5.215592507197372,27,0.2959910233748691,3,6,0,2,1,4,0,1,1,0,3,Website,15,0,Other,Cloud Services,0,No Offer
CUST_03217,32,Female,Mumbai,Medium,Retail,48.23741599693718,271,5.355934579260647,0,6,0,4,6,3,1,0,0,0,2,Email Campaign,0,0,Other,Cybersecurity,0,No Offer
CUST_03218,38,Male,Chennai,Large,Manufacturing,167.75157854121574,1755,23.67863500968961,9,10,1,2,1,0,1,0,0,0,2,Referral,5,1,Other,Cybersecurity,1,Cybersecurity
CUST_03219,25,Male,Ahmedabad,Large,Healthcare,923.7086163923732,4188,63.28183639471788,9,9,0,3,7,3,0,0,1,0,2,LinkedIn,0,1,Other,Cybersecurity,1,Cybersecurity
CUST_03220,46,Other,Vadodara,Large,Manufacturing,428.05526131687617,2141,57.823639352102816,2,14,0,1,4,1,0,0,1,0,0,Referral,0,1,Other,Cybersecurity,1,Cybersecurity
CUST_03221,51,Male,Chennai,Medium,Logistics,17.186944090767685,112,1.3300596166168164,3,5,0,4,4,4,1,0,0,0,1,Website,15,0,Other,Cybersecurity,1,Cybersecurity
CUST_03222,30,Female,Delhi,Large,IT,539.5087707897875,3542,36.14306826169266,3,8,0,3,5,2,1,0,0,0,1,LinkedIn,10,1,Other,Cybersecurity,1,Cybersecurity
CUST_03223,42,Male,Pune,Small,Manufacturing,14.253610683847828,87,1.2979524487960108,8,9,1,3,7,2,0,0,1,0,1,Referral,5,1,Other,Cybersecurity,1,Cybersecurity
CUST_03224,41,Female,Delhi,Small,Manufacturing,8.41055587459357,39,0.6986885866093314,5,4,0,5,2,1,1,0,1,0,3,Website,10,1,Other,Cybersecurity,1,Cybersecurity
CUST_03225,40,Female,Kolkata,Small,IT,18.8529314279136,95,2.6329246940359443,2,7,1,3,6,2,1,0,1,0,1,Website,0,0,Other,Cybersecurity,0,No Offer
CUST_03226,40,Male,Chennai,Medium,Manufacturing,97.79205746481608,442,8.428778961052666,6,5,0,4,3,1,1,0,1,0,0,Cold Call,10,0,Other,Cybersecurity,1,Cybersecurity
CUST_03227,33,Male,Mumbai,Large,Logistics,497.3833244254489,3284,31.47453935810336,10,9,0,5,7,1,0,0,0,0,3,Referral,0,1,Other,Cybersecurity,1,Cybersecurity
CUST_03228,58,Female,Delhi,Small,IT,9.096350213789876,52,1.192603094938668,3,8,0,2,4,0,0,0,0,0,2,Cold Call,10,0,Other,Cybersecurity,1,Cybersecurity
CUST_03229,38,Male,Delhi,Medium,Logistics,30.70709623170823,139,4.601456570859477,6,12,0,3,3,2,0,0,0,0,2,LinkedIn,15,0,Other,Cybersecurity,0,No Offer
CUST_03230,58,Male,Pune,Medium,Logistics,11.768609468311857,122,1.268427440153331,1,7,0,2,3,3,0,1,0,1,1,Website,15,1,Other,Cloud Services,1,Cloud Services
CUST_03231,60,Female,Bangalore,Large,Logistics,215.9792356957369,1556,12.970711674974034,6,9,1,3,7,2,1,0,1,0,0,Referral,10,1,Other,Cybersecurity,1,Cybersecurity
CUST_03232,49,Male,Mumbai,Medium,Healthcare,73.83130969585203,424,4.330782880195415,7,10,0,6,4,1,1,0,0,0,5,Email Campaign,15,1,Other,Cybersecurity,1,Cybersecurity
CUST_03233,56,Female,Delhi,Large,IT,652.4819041205368,2800,24.092766126860678,6,7,0,5,2,1,0,1,0,0,2,Cold Call,15,0,Other,Cloud Services,0,No Offer
CUST_03234,39,Male,Surat,Small,Healthcare,4.572379389993349,86,0.1795809532548121,5,10,1,2,8,1,1,1,1,0,2,Cold Call,15,1,Other,AI Solutions,1,AI Solutions
CUST_03235,35,Male,Mumbai,Small,Healthcare,7.678714425675578,83,1.0734686998377674,3,8,1,1,8,4,1,1,0,0,4,Website,15,0,Other,Data Analytics,0,No Offer
CUST_03236,56,Female,Surat,Medium,Real Estate,14.921075639047745,154,0.6203952398689412,8,11,0,6,4,1,1,0,1,1,2,Website,10,1,Other,Cybersecurity,1,Cybersecurity
CUST_03237,28,Male,Chennai,Small,IT,9.225802884188708,80,0.8129893912101768,0,9,0,7,8,2,1,0,1,0,2,LinkedIn,5,0,Other,Cybersecurity,0,No Offer
CUST_03238,34,Male,Delhi,Small,Manufacturing,2.3398611298509877,22,0.266216795840305,4,11,1,6,4,1,1,0,1,0,5,Website,15,1,Other,Cybersecurity,1,Cybersecurity
CUST_03239,39,Male,Delhi,Medium,Education,50.24029937662187,299,6.633858444845225,10,6,1,1,7,2,0,0,0,0,1,LinkedIn,15,1,Other,Cybersecurity,0,No Offer
CUST_03240,58,Male,Hyderabad,Medium,Real Estate,96.52772246165335,425,4.879719044069852,0,4,0,1,1,1,0,0,1,0,2,LinkedIn,0,0,Other,Cybersecurity,0,No Offer
CUST_03241,34,Male,Hyderabad,Medium,Retail,56.05699955577501,316,4.626577093224198,10,10,1,2,4,1,0,0,0,0,5,Referral,0,1,Other,Cybersecurity,1,Cybersecurity
CUST_03242,57,Male,Pune,Small,Education,4.030517783425745,41,0.2425469812846609,9,5,0,5,4,2,1,0,0,0,0,Website,10,0,Other,Cybersecurity,0,No Offer
CUST_03243,52,Male,Vadodara,Medium,Logistics,104.47001733657396,469,6.341201637366033,10,4,0,0,6,4,1,1,0,0,3,Cold Call,15,1,Other,Data Analytics,1,Data Analytics
CUST_03244,23,Male,Vadodara,Small,IT,15.524005888996236,88,1.0317365605176905,0,4,0,2,7,4,0,1,1,1,1,Referral,0,0,Other,Cloud Services,0,No Offer
CUST_03245,37,Female,Bangalore,Small,Manufacturing,5.908922774847561,63,0.5935746077485746,5,11,0,7,4,2,1,1,0,0,0,LinkedIn,10,1,Other,Data Analytics,1,Data Analytics
CUST_03246,30,Female,Pune,Medium,Healthcare,38.0456586117565,311,1.2170538577602088,5,7,0,1,5,0,0,0,0,1,2,Email Campaign,5,0,Other,Cybersecurity,0,No Offer
CUST_03247,30,Male,Vadodara,Small,Finance,9.567676222006,46,0.7563435040128327,10,9,0,4,4,0,1,0,0,0,1,Cold Call,5,0,Other,Cybersecurity,0,No Offer
CUST_03248,59,Female,Pune,Small,Retail,18.196333739362903,92,0.9538448313728306,6,10,0,6,6,1,0,1,0,0,2,Email Campaign,0,1,Other,Cloud Services,0,No Offer
CUST_03249,32,Female,Delhi,Medium,Real Estate,41.32911847528213,250,6.036292204413283,9,11,1,6,5,2,1,0,0,0,2,Email Campaign,0,0,Other,Cybersecurity,1,Cybersecurity
CUST_03250,43,Female,Hyderabad,Small,Real Estate,0.7895350054811237,10,0.0788962585575582,8,7,0,1,6,2,1,0,0,1,3,Referral,5,1,Other,Cybersecurity,1,Cybersecurity
CUST_03251,54,Female,Hyderabad,Large,Education,406.1483530444728,1928,54.49351598543079,5,5,1,2,4,2,0,1,1,0,1,Website,10,1,Other,Cloud Services,1,Cloud Services
CUST_03252,57,Male,Hyderabad,Medium,Real Estate,52.18598067253723,468,2.791052284260281,1,8,1,5,3,1,1,0,0,0,2,Referral,10,0,Other,Cybersecurity,0,No Offer
CUST_03253,44,Female,Vadodara,Large,Manufacturing,981.959938965995,4806,124.90715416931798,3,5,0,2,4,5,1,1,1,0,3,Email Campaign,10,1,Other,AI Solutions,1,AI Solutions
CUST_03254,55,Male,Mumbai,Small,Logistics,14.181548579043689,79,1.1313173723395675,8,8,0,2,5,1,1,0,0,0,0,Referral,10,0,Other,Cybersecurity,1,Cybersecurity
CUST_03255,30,Male,Ahmedabad,Medium,Retail,13.162759210074066,128,0.675557064570268,1,8,0,3,6,2,1,1,1,1,1,LinkedIn,15,0,Other,Advanced IT Solutions,1,Advanced IT Solutions
CUST_03256,45,Female,Delhi,Small,Logistics,4.901113818206161,53,0.5947473402023584,6,9,1,3,3,1,0,0,0,0,1,Referral,0,0,Other,Cybersecurity,0,No Offer
CUST_03257,29,Male,Chennai,Large,Finance,114.7300688852249,1506,13.932972353041588,3,6,0,3,7,2,1,0,1,1,0,Website,5,1,Other,Cybersecurity,1,Cybersecurity
CUST_03258,28,Male,Pune,Small,Finance,5.509797849786898,56,0.8237508612378122,9,14,0,3,4,3,0,1,1,0,3,Referral,20,1,Other,Cloud Services,1,Cloud Services
CUST_03259,57,Female,Hyderabad,Small,Real Estate,1.794447698776216,22,0.2219955596419642,10,9,0,2,6,1,0,1,1,0,1,LinkedIn,0,1,Other,Cloud Services,1,Cloud Services
CUST_03260,39,Female,Hyderabad,Large,Finance,865.8373760408485,4993,41.06845881361343,5,11,0,4,5,2,1,1,1,0,1,Referral,0,1,Other,AI Solutions,1,AI Solutions
CUST_03261,24,Female,Hyderabad,Small,Education,6.620508328022577,39,0.454864467738954,0,5,0,3,1,4,0,0,0,0,0,Cold Call,10,0,Other,Cybersecurity,0,No Offer
CUST_03262,49,Female,Delhi,Small,Logistics,15.720034730496588,94,1.3237405813369347,10,9,0,3,5,1,1,1,0,0,0,Website,10,0,Other,Data Analytics,0,No Offer
CUST_03263,27,Male,Hyderabad,Small,IT,13.378347138372575,75,0.6046790382513166,7,11,1,1,7,3,1,0,0,1,4,Email Campaign,0,0,Other,Cybersecurity,0,No Offer
CUST_03264,42,Male,Bangalore,Medium,Real Estate,75.59970191148422,355,9.417052444890905,5,10,0,3,5,0,1,1,0,1,3,Email Campaign,0,1,Other,Data Analytics,1,Data Analytics
CUST_03265,49,Female,Pune,Small,Retail,6.283184642368939,27,0.5856168390195327,10,7,0,4,10,2,1,1,0,0,0,LinkedIn,5,0,Other,Data Analytics,0,No Offer
CUST_03266,22,Male,Delhi,Small,IT,3.55477898047304,37,0.5095205065747997,6,6,1,1,4,3,1,0,0,0,2,Website,15,1,Other,Cybersecurity,1,Cybersecurity
CUST_03267,57,Female,Pune,Small,Logistics,2.178213674439207,13,0.2193830972969208,5,11,1,7,5,1,1,0,0,0,3,Website,5,1,Other,Cybersecurity,1,Cybersecurity
CUST_03268,42,Male,Surat,Medium,Finance,28.105580538766443,428,2.606733293561314,6,8,1,6,4,3,0,1,1,0,1,Email Campaign,10,1,Other,Cloud Services,1,Cloud Services
CUST_03269,56,Male,Kolkata,Medium,Manufacturing,35.311588619123775,477,1.36200393266451,4,13,0,3,7,4,0,1,1,1,3,Website,10,1,Other,Cloud Services,1,Cloud Services
CUST_03270,34,Male,Bangalore,Small,Finance,3.255621526661006,18,0.1560142949665784,2,5,0,2,7,2,0,0,0,0,0,LinkedIn,15,0,Other,Cybersecurity,0,No Offer
CUST_03271,31,Female,Mumbai,Small,IT,4.272167257804615,29,0.5636831165105004,5,7,0,2,5,3,1,1,0,0,1,Referral,15,0,Other,Data Analytics,0,No Offer
CUST_03272,31,Male,Mumbai,Small,Finance,9.47832161624368,47,1.4111431127256746,9,9,0,1,7,0,1,0,0,0,3,Email Campaign,10,0,Other,Cybersecurity,0,No Offer
CUST_03273,34,Male,Ahmedabad,Small,Logistics,10.4054332072548,77,0.8305772483338687,8,10,0,6,3,4,0,0,0,0,2,Referral,15,0,Other,Cybersecurity,0,No Offer
CUST_03274,58,Male,Bangalore,Small,Finance,4.45566120062867,59,0.5668061319095475,5,7,1,4,4,3,1,1,1,0,2,Referral,5,1,Other,AI Solutions,1,AI Solutions
CUST_03275,59,Male,Pune,Medium,IT,41.29157446097437,184,4.348427761960004,8,6,1,4,9,1,0,0,0,0,3,Referral,5,1,Other,Cybersecurity,1,Cybersecurity
CUST_03276,45,Male,Mumbai,Medium,IT,23.16903759171443,348,3.361528771477305,1,6,0,2,5,3,1,0,0,1,1,Website,10,0,Other,Cybersecurity,0,No Offer
CUST_03277,23,Male,Kolkata,Large,Logistics,236.6019423265709,2695,13.859306163359417,10,10,0,2,3,1,1,0,1,0,2,Cold Call,20,1,Other,Cybersecurity,1,Cybersecurity
CUST_03278,43,Male,Mumbai,Small,Real Estate,8.115443735812505,77,0.7740533701912427,0,6,0,4,8,6,0,0,0,1,1,LinkedIn,0,0,Other,Cybersecurity,0,No Offer
CUST_03279,38,Male,Hyderabad,Medium,Real Estate,82.68663230914434,332,6.536832911771525,3,13,0,3,3,3,1,0,1,0,2,Website,0,1,Other,Cybersecurity,1,Cybersecurity
CUST_03280,57,Male,Ahmedabad,Medium,Manufacturing,54.2823893623251,407,5.157148184461436,4,7,1,2,8,3,0,1,1,0,1,Referral,0,1,Other,Cloud Services,1,Cloud Services
CUST_03281,35,Female,Delhi,Medium,IT,24.054672975299678,160,1.4977153820677584,9,7,0,2,4,1,0,0,1,0,3,Referral,10,0,Other,Cybersecurity,0,No Offer
CUST_03282,31,Female,Chennai,Large,Logistics,803.5210397674084,3940,72.09957289769332,6,9,0,4,3,3,1,1,0,0,1,Website,15,1,Other,Data Analytics,1,Data Analytics
CUST_03283,56,Male,Chennai,Small,Real Estate,15.60091430196312,88,1.6377293428866038,7,1,0,2,5,4,0,0,0,0,2,LinkedIn,5,0,Other,Cybersecurity,0,No Offer
CUST_03284,46,Male,Mumbai,Small,Real Estate,15.27988968717867,70,0.6073130604184327,0,10,1,6,7,5,1,1,0,0,1,Referral,0,1,Other,Data Analytics,1,Data Analytics
CUST_03285,24,Male,Pune,Medium,Manufacturing,51.2557687177174,348,6.107559008647278,5,6,0,3,6,4,1,0,0,0,1,Cold Call,0,1,Other,Cybersecurity,1,Cybersecurity
CUST_03286,59,Female,Pune,Small,Healthcare,8.555243812452554,35,0.981994459445633,0,7,1,7,3,0,0,0,1,0,1,Website,0,0,Other,Cybersecurity,0,No Offer
CUST_03287,38,Male,Hyderabad,Small,Logistics,14.655373062208314,70,1.988073345633686,7,10,0,2,6,1,1,1,1,0,1,Email Campaign,10,1,Other,AI Solutions,1,AI Solutions
CUST_03288,33,Male,Mumbai,Small,Healthcare,2.475188475590408,19,0.2007446817830638,0,13,0,5,5,2,0,1,0,0,0,Email Campaign,0,1,Other,Cloud Services,1,Cloud Services
CUST_03289,45,Female,Mumbai,Small,IT,2.6513416563700414,21,0.0991609625167343,3,5,0,5,6,3,0,1,0,0,2,Email Campaign,20,1,Other,Cloud Services,0,No Offer
CUST_03290,50,Male,Chennai,Medium,Real Estate,42.22578467518299,179,3.60504053265988,2,6,0,3,5,1,1,1,1,0,3,Referral,15,1,Other,AI Solutions,1,AI Solutions
CUST_03291,46,Female,Surat,Small,Finance,11.586753884102496,62,0.5389358495883221,1,10,1,3,3,0,0,0,0,0,1,Website,10,0,Other,Cybersecurity,0,No Offer
CUST_03292,57,Male,Mumbai,Small,Retail,5.228601807153832,30,0.563087043720555,7,9,1,2,6,0,1,0,1,1,1,Email Campaign,10,1,Other,Cybersecurity,1,Cybersecurity
CUST_03293,47,Female,Delhi,Medium,Finance,62.8886317758698,312,2.2423434012116,5,11,0,2,5,1,0,0,1,0,2,Referral,10,0,Other,Cybersecurity,0,No Offer
CUST_03294,59,Male,Ahmedabad,Medium,IT,69.08304215511781,426,5.172908404328385,3,6,0,3,6,2,0,1,0,0,1,Referral,20,1,Other,Cloud Services,1,Cloud Services
CUST_03295,22,Female,Ahmedabad,Large,Manufacturing,387.31726740294886,4733,15.469896229998456,2,4,0,0,2,4,1,1,0,1,1,Website,0,1,Other,Data Analytics,1,Data Analytics
CUST_03296,41,Female,Delhi,Small,Logistics,4.098351326964704,36,0.1246061593542804,5,11,0,4,5,4,1,1,0,0,0,Email Campaign,15,0,Other,Data Analytics,1,Data Analytics
CUST_03297,49,Male,Surat,Large,Finance,446.14715374009313,2761,64.81039918598445,5,11,0,2,2,0,0,0,1,0,0,Email Campaign,10,1,Other,Cybersecurity,1,Cybersecurity
CUST_03298,37,Male,Pune,Medium,Healthcare,12.442986891020547,232,1.8606655507239844,4,6,1,3,5,1,1,1,0,1,1,Website,10,1,Other,Data Analytics,1,Data Analytics
CUST_03299,38,Male,Chennai,Medium,Real Estate,36.42958736305108,265,3.5212968172828414,2,10,0,7,4,5,1,0,0,1,4,Email Campaign,5,1,Other,Cybersecurity,1,Cybersecurity
CUST_03300,49,Female,Ahmedabad,Small,Education,4.827853820524497,24,0.2832728841872529,10,8,1,3,2,6,0,0,0,0,3,Website,20,0,Other,Cybersecurity,0,No Offer
CUST_03301,33,Female,Bangalore,Medium,Real Estate,18.226296198715985,220,2.5395041953102107,9,7,1,2,6,2,1,1,1,0,2,Email Campaign,15,1,Other,AI Solutions,1,AI Solutions
CUST_03302,48,Male,Kolkata,Large,IT,203.77128791164355,3239,28.68374137844279,8,10,0,4,7,2,0,1,1,0,2,Website,0,1,Other,Cloud Services,1,Cloud Services
CUST_03303,51,Female,Chennai,Large,Real Estate,476.3323811231687,2193,63.13360201236637,5,7,1,2,6,1,0,0,0,0,2,Referral,0,0,Other,Cybersecurity,0,No Offer
CUST_03304,55,Male,Surat,Small,Finance,16.825113048189223,97,1.6038437750921437,4,9,0,4,9,2,0,0,0,1,3,Website,15,0,Other,Cybersecurity,0,No Offer
CUST_03305,58,Male,Bangalore,Small,Education,2.8154212184304623,33,0.1097008024148277,10,7,1,0,7,1,1,0,0,0,4,LinkedIn,10,1,Other,Cybersecurity,1,Cybersecurity
CUST_03306,27,Female,Mumbai,Medium,Finance,50.06885607964338,237,2.033429994550654,6,10,0,3,5,2,0,0,0,0,4,LinkedIn,10,0,Other,Cybersecurity,0,No Offer
CUST_03307,28,Female,Delhi,Large,Manufacturing,677.282959835163,3729,93.1903252353112,0,7,0,2,6,2,1,0,1,0,1,Email Campaign,5,1,Other,Cybersecurity,1,Cybersecurity
CUST_03308,53,Male,Mumbai,Small,Manufacturing,5.0234257189765685,43,0.6786609048757147,6,4,1,3,1,3,1,1,0,1,3,Referral,15,1,Other,Data Analytics,1,Data Analytics
CUST_03309,53,Female,Hyderabad,Medium,Manufacturing,50.97237653768557,407,4.186242514394549,0,5,0,4,4,2,1,0,0,0,3,Referral,0,1,Other,Cybersecurity,1,Cybersecurity
CUST_03310,46,Female,Vadodara,Medium,Education,34.82520440144875,429,2.4161223358690003,8,6,1,2,8,3,0,0,0,0,2,Cold Call,10,0,Other,Cybersecurity,0,No Offer
CUST_03311,54,Female,Delhi,Medium,Retail,73.1462270496691,337,7.848214952808083,5,4,1,1,5,4,1,0,0,0,2,Referral,0,0,Other,Cybersecurity,0,No Offer
CUST_03312,28,Female,Bangalore,Medium,Education,17.760755648463565,117,2.252748560680468,6,13,1,5,2,2,1,0,1,0,4,Email Campaign,5,1,Other,Cybersecurity,1,Cybersecurity
CUST_03313,33,Female,Kolkata,Small,IT,1.614038153287321,10,0.190137234117515,6,9,0,3,7,1,1,1,0,0,2,Referral,15,1,Other,Data Analytics,1,Data Analytics
CUST_03314,37,Male,Vadodara,Large,IT,1132.811820048629,4997,117.66782876311936,0,9,0,4,3,7,1,0,1,1,3,LinkedIn,5,1,Other,Cybersecurity,1,Cybersecurity
CUST_03315,37,Female,Hyderabad,Medium,Healthcare,11.00538752115809,207,0.6359058767799535,1,6,0,3,6,1,0,0,0,0,1,Website,10,0,Other,Cybersecurity,0,No Offer
CUST_03316,57,Male,Pune,Medium,Healthcare,15.972922351173922,252,0.9823440576793234,9,8,0,3,9,7,0,1,1,0,2,Referral,5,1,Other,Cloud Services,1,Cloud Services
CUST_03317,34,Female,Hyderabad,Small,IT,2.8810528730187053,35,0.3367607898953931,2,6,0,3,1,3,1,1,0,0,2,Cold Call,10,0,Other,Data Analytics,1,Data Analytics
CUST_03318,28,Male,Vadodara,Medium,Finance,7.61702851599756,136,0.9621402519149576,7,7,0,2,5,2,0,1,1,0,1,Referral,0,0,Other,Cloud Services,0,No Offer
CUST_03319,57,Female,Ahmedabad,Small,IT,10.171348954193274,56,0.4468906515084145,8,9,1,4,2,3,0,1,0,0,1,Website,5,1,Other,Cloud Services,1,Cloud Services
CUST_03320,30,Male,Chennai,Small,Logistics,3.181966085477955,18,0.1669757250116413,10,10,1,3,8,5,1,0,1,1,2,Email Campaign,15,1,Other,Cybersecurity,1,Cybersecurity
CUST_03321,53,Male,Surat,Medium,Retail,20.73608563180435,225,2.31531732412289,7,4,0,1,8,1,1,0,1,0,2,Referral,0,0,Other,Cybersecurity,0,No Offer
CUST_03322,32,Male,Mumbai,Medium,Healthcare,30.67441496729816,384,2.3520647691162626,5,11,1,4,5,0,0,0,0,0,3,Website,0,1,Other,Cybersecurity,1,Cybersecurity
CUST_03323,29,Other,Pune,Medium,Healthcare,16.38134663740552,207,1.5987398851795431,1,7,0,2,3,2,0,1,1,0,2,LinkedIn,10,1,Other,Cloud Services,1,Cloud Services
CUST_03324,54,Female,Surat,Small,Logistics,12.754358981177608,53,1.323619243015212,1,8,0,4,4,3,1,1,0,0,1,Email Campaign,15,1,Other,Data Analytics,1,Data Analytics
CUST_03325,44,Male,Hyderabad,Medium,Real Estate,63.969607040757474,339,7.877499905394485,9,9,1,4,10,2,1,0,0,0,2,Referral,0,1,Other,Cybersecurity,1,Cybersecurity
CUST_03326,46,Other,Kolkata,Small,Logistics,10.860574770046032,65,1.3758831455119171,6,9,1,0,5,2,1,1,0,0,2,Website,15,1,Other,Data Analytics,1,Data Analytics
CUST_03327,29,Female,Mumbai,Medium,Education,23.01397224656479,201,1.4639544331746437,8,9,1,3,4,1,0,0,0,0,2,Cold Call,0,1,Other,Cybersecurity,1,Cybersecurity
CUST_03328,43,Female,Pune,Small,Logistics,3.415215989543949,25,0.3242939089306587,5,8,1,1,5,2,1,1,0,0,1,Website,10,1,Other,Data Analytics,1,Data Analytics
CUST_03329,25,Male,Surat,Medium,Real Estate,7.195404681423203,106,0.3225187075900212,0,3,0,2,3,3,0,0,0,0,1,LinkedIn,5,0,Other,Cybersecurity,0,No Offer
CUST_03330,24,Female,Mumbai,Large,Healthcare,633.5618983767188,2538,83.023104400343,8,7,1,2,6,1,1,0,0,0,2,Email Campaign,0,1,Other,Cybersecurity,1,Cybersecurity
CUST_03331,50,Female,Mumbai,Small,IT,6.834581152287116,34,0.8984313399172607,6,8,0,2,2,5,0,1,0,0,1,Referral,5,0,Other,Cloud Services,0,No Offer
CUST_03332,50,Female,Pune,Small,Healthcare,16.034738085639397,92,1.0573416336860693,2,10,1,2,6,2,0,1,0,1,4,Email Campaign,15,1,Other,Cloud Services,1,Cloud Services
CUST_03333,55,Female,Bangalore,Medium,Logistics,65.68094810586597,392,3.2363909441888508,1,8,0,4,4,2,1,0,0,0,1,Referral,0,1,Other,Cybersecurity,1,Cybersecurity
CUST_03334,55,Female,Chennai,Medium,Logistics,19.00872217523595,126,0.7301442818863336,2,12,1,3,10,1,0,1,1,0,0,Website,20,1,Other,Cloud Services,1,Cloud Services
CUST_03335,49,Female,Bangalore,Medium,Real Estate,38.15854256113713,376,3.777587840474247,1,7,1,3,2,3,1,0,1,0,0,Email Campaign,10,0,Other,Cybersecurity,0,No Offer
CUST_03336,34,Male,Mumbai,Medium,Logistics,13.52948745825644,142,0.5543216642707793,10,6,0,2,8,2,0,0,0,1,0,Referral,5,1,Other,Cybersecurity,1,Cybersecurity
CUST_03337,36,Male,Vadodara,Small,Real Estate,7.835418080454399,49,0.8749919605341482,9,16,0,7,6,1,0,0,0,0,0,Email Campaign,5,1,Other,Cybersecurity,1,Cybersecurity
CUST_03338,44,Male,Delhi,Small,Healthcare,1.0886827694970358,17,0.1212522264865405,1,7,0,3,4,1,1,0,0,1,1,Referral,5,1,Other,Cybersecurity,1,Cybersecurity
CUST_03339,47,Male,Vadodara,Small,Logistics,0.9734123966056072,15,0.1009219263135671,3,8,1,3,6,3,0,1,1,1,1,Email Campaign,0,1,Other,Cloud Services,1,Cloud Services
CUST_03340,25,Female,Pune,Small,Education,8.756786914131782,54,1.1838060312830974,5,9,1,1,5,1,1,0,1,0,0,Cold Call,0,1,Other,Cybersecurity,1,Cybersecurity
CUST_03341,47,Female,Mumbai,Medium,IT,48.66418120554595,208,3.668971857469968,2,8,0,1,6,3,1,1,1,0,2,LinkedIn,5,1,Other,AI Solutions,1,AI Solutions
CUST_03342,30,Female,Mumbai,Small,Finance,6.985631106779128,30,0.9659196287733182,8,7,1,1,3,3,1,0,1,0,1,Email Campaign,0,1,Other,Cybersecurity,1,Cybersecurity
CUST_03343,26,Male,Kolkata,Large,Real Estate,223.9471789473563,4293,7.710735230582482,4,6,1,6,5,3,1,0,0,0,2,Website,15,1,Other,Cybersecurity,1,Cybersecurity
CUST_03344,53,Male,Chennai,Large,Logistics,50.10666903377246,701,2.18118532001594,4,10,0,2,7,3,0,0,0,0,1,Website,0,0,Other,Cybersecurity,0,No Offer
CUST_03345,41,Male,Kolkata,Large,Healthcare,382.2160458964893,2294,30.37267100117518,6,9,0,3,3,3,0,0,0,0,3,Website,5,0,Other,Cybersecurity,0,No Offer
CUST_03346,32,Male,Pune,Large,Healthcare,419.17833544123226,1908,42.45403064374764,8,10,0,1,6,0,1,0,0,0,3,LinkedIn,20,1,Other,Cybersecurity,1,Cybersecurity
CUST_03347,36,Male,Ahmedabad,Small,Logistics,3.613347259970487,15,0.1224385479519928,0,3,0,4,9,5,0,1,0,0,3,Website,15,0,Other,Cloud Services,0,No Offer
CUST_03348,53,Female,Bangalore,Large,Healthcare,1095.2561913263476,4931,107.43601989972066,8,7,0,3,5,3,1,1,1,0,0,Referral,15,1,Other,AI Solutions,1,AI Solutions
CUST_03349,49,Male,Kolkata,Small,Logistics,2.4117941517707853,13,0.1613195999880787,1,6,0,3,2,2,0,1,1,1,1,Referral,15,1,Other,Cloud Services,1,Cloud Services
CUST_03350,43,Female,Pune,Small,Retail,1.6218902793212489,18,0.2213192824501432,2,5,0,3,1,1,0,0,0,0,0,Referral,10,0,Other,Cybersecurity,0,No Offer
CUST_03351,38,Male,Bangalore,Medium,IT,16.582743762518664,257,1.558680921212595,4,10,1,2,8,1,0,1,1,0,0,Email Campaign,10,1,Other,Cloud Services,1,Cloud Services
CUST_03352,47,Female,Pune,Small,Logistics,4.938761992581703,83,0.4965790305264003,9,10,0,2,4,1,1,1,0,0,0,Referral,15,0,Other,Data Analytics,0,No Offer
CUST_03353,28,Female,Ahmedabad,Large,Healthcare,715.5237312390915,4150,102.6594935327714,3,6,0,2,6,1,1,0,0,0,0,Website,5,1,Other,Cybersecurity,1,Cybersecurity
CUST_03354,47,Female,Chennai,Medium,Retail,27.302392823065126,477,3.322715491139396,4,7,0,1,9,1,1,0,0,0,0,Website,10,0,Other,Cybersecurity,1,Cybersecurity
CUST_03355,46,Female,Chennai,Medium,Finance,87.05311616896847,440,7.189959911264369,9,10,1,3,11,1,1,0,0,0,4,Website,15,1,Other,Cybersecurity,1,Cybersecurity
CUST_03356,31,Female,Pune,Small,Finance,12.897107880502986,67,1.1249573772271504,4,10,1,4,3,1,0,0,0,1,4,LinkedIn,0,1,Other,Cybersecurity,1,Cybersecurity
CUST_03357,40,Female,Kolkata,Medium,Real Estate,31.18118402387383,473,3.3597995261975173,4,12,1,1,3,2,1,0,0,0,1,Email Campaign,0,1,Other,Cybersecurity,1,Cybersecurity
CUST_03358,32,Female,Chennai,Small,Education,18.505957840588717,80,0.9997641267840552,9,4,0,7,3,0,1,0,0,0,3,Website,15,1,Other,Cybersecurity,1,Cybersecurity
CUST_03359,34,Male,Delhi,Large,Logistics,291.32611352718914,1887,11.838939984464254,9,8,0,2,10,0,0,1,1,0,0,Cold Call,10,0,Other,Cloud Services,0,No Offer
CUST_03360,29,Male,Kolkata,Small,Education,13.85326280805278,60,0.9329948343444666,9,9,0,3,5,1,0,0,0,0,2,Website,10,0,Other,Cybersecurity,0,No Offer
CUST_03361,25,Male,Surat,Medium,Education,106.17844718056332,461,13.103050631048632,4,11,0,5,5,0,0,0,1,0,2,Referral,0,0,Other,Cybersecurity,1,Cybersecurity
CUST_03362,52,Female,Hyderabad,Small,Retail,5.275001953867997,59,0.3211360835706271,10,10,1,1,6,3,0,0,0,0,4,Referral,20,1,Other,Cybersecurity,1,Cybersecurity
CUST_03363,49,Male,Pune,Small,Finance,2.9006570885069105,23,0.132534224816233,1,7,1,6,5,4,1,0,0,0,1,Website,5,0,Other,Cybersecurity,0,No Offer
CUST_03364,32,Female,Pune,Medium,Education,21.46214940951295,279,1.2079479701562037,10,7,0,4,2,1,0,0,0,0,2,Cold Call,0,1,Other,Cybersecurity,1,Cybersecurity
CUST_03365,22,Female,Pune,Small,Manufacturing,3.8949164385180186,19,0.4341926239090773,0,8,0,1,6,1,1,0,1,0,3,Referral,5,1,Other,Cybersecurity,1,Cybersecurity
CUST_03366,59,Male,Ahmedabad,Medium,Education,36.49964591203256,242,3.784055778684248,9,8,0,3,4,1,0,1,0,0,1,LinkedIn,0,0,Other,Cloud Services,0,No Offer
CUST_03367,45,Male,Pune,Small,Finance,21.21853635710968,90,2.389160506146684,10,8,0,3,3,1,1,1,0,0,2,Website,10,0,Other,Data Analytics,0,No Offer
CUST_03368,52,Other,Chennai,Small,Real Estate,2.0161469454556205,22,0.13837819463647,7,7,0,0,5,3,0,0,0,0,2,Email Campaign,5,0,Other,Cybersecurity,0,No Offer
CUST_03369,47,Male,Chennai,Medium,Manufacturing,33.78123581469214,180,4.665281065525934,2,4,0,3,8,5,1,1,1,0,0,Email Campaign,10,1,Other,AI Solutions,1,AI Solutions
CUST_03370,26,Female,Hyderabad,Small,Real Estate,17.10146822326338,69,1.440156415905056,6,12,0,4,6,0,1,0,0,0,0,Website,10,0,Other,Cybersecurity,0,No Offer
CUST_03371,41,Male,Hyderabad,Small,Real Estate,10.984575141851897,60,1.006687582321566,7,6,1,2,2,0,1,0,0,1,1,LinkedIn,10,1,Other,Cybersecurity,1,Cybersecurity
CUST_03372,32,Female,Vadodara,Large,Retail,161.7458935183036,2537,23.268272068239973,10,7,1,1,4,1,1,0,1,0,0,Website,5,1,Other,Cybersecurity,1,Cybersecurity
CUST_03373,54,Male,Kolkata,Small,Logistics,13.917844204940163,83,2.0530667399919187,5,4,0,1,7,4,1,1,0,0,1,Cold Call,0,1,Other,Data Analytics,1,Data Analytics
CUST_03374,59,Female,Chennai,Small,Logistics,3.5247105473861406,41,0.385550911251742,5,9,0,2,6,0,1,0,1,0,2,Referral,10,0,Other,Cybersecurity,0,No Offer
CUST_03375,48,Female,Chennai,Small,Manufacturing,1.1781116651611248,21,0.1689148031834333,10,9,0,1,4,1,1,1,1,0,2,Website,15,0,Other,AI Solutions,0,No Offer
CUST_03376,55,Male,Ahmedabad,Small,Finance,7.136520507123613,61,0.6778330432990063,2,7,0,0,4,2,0,1,0,0,3,Referral,5,0,Other,Cloud Services,0,No Offer
CUST_03377,36,Male,Chennai,Medium,Healthcare,23.431125370654588,227,1.5669319877403245,8,12,0,1,4,1,1,0,0,0,0,Referral,0,0,Other,Cybersecurity,0,No Offer
CUST_03378,53,Male,Chennai,Small,Manufacturing,19.52889289773618,94,1.3242765433735733,2,8,0,4,5,3,0,0,1,1,0,Referral,5,1,Other,Cybersecurity,1,Cybersecurity
CUST_03379,42,Female,Vadodara,Medium,Finance,37.17136024825479,298,3.6083306503142873,4,11,0,2,3,2,0,0,0,1,4,Referral,0,0,Other,Cybersecurity,0,No Offer
CUST_03380,26,Female,Delhi,Small,Education,12.385280632853478,63,1.2707834766649198,5,13,1,3,1,1,1,0,1,0,0,LinkedIn,15,1,Other,Cybersecurity,1,Cybersecurity
CUST_03381,27,Male,Vadodara,Small,Real Estate,2.6623899194933145,50,0.2203235442317827,0,10,1,3,5,3,0,1,1,0,3,LinkedIn,0,0,Other,Cloud Services,0,No Offer
CUST_03382,59,Male,Delhi,Small,Healthcare,3.0188583211406583,57,0.4107234572726062,10,10,0,4,4,6,0,1,0,0,3,Website,0,0,Other,Cloud Services,0,No Offer
CUST_03383,43,Male,Vadodara,Medium,Retail,19.551942028329,350,1.5876867940659092,8,6,1,0,7,0,0,1,0,0,2,Website,10,1,Other,Cloud Services,1,Cloud Services
CUST_03384,39,Female,Chennai,Large,Logistics,357.2756458849003,3806,22.44078258630262,6,6,0,2,5,4,1,1,0,0,2,Website,5,1,Other,Data Analytics,1,Data Analytics
CUST_03385,35,Female,Vadodara,Medium,Retail,32.69695993549663,262,1.0122267768339464,10,8,0,3,6,0,0,0,0,0,2,Cold Call,15,1,Other,Cybersecurity,1,Cybersecurity
CUST_03386,31,Male,Chennai,Large,IT,377.6237225320394,2201,55.309909731135726,0,7,0,4,7,2,0,1,1,0,2,Email Campaign,15,1,Other,Cloud Services,1,Cloud Services
CUST_03387,34,Female,Chennai,Small,Retail,13.5950527440967,55,1.7526414897614424,5,7,0,2,6,0,1,1,1,0,0,Email Campaign,5,0,Other,AI Solutions,0,No Offer
CUST_03388,52,Female,Hyderabad,Small,IT,5.681449929934726,47,0.5901160130117752,6,10,0,0,5,0,1,1,0,0,1,Website,15,0,Other,Data Analytics,0,No Offer
CUST_03389,51,Female,Mumbai,Small,Retail,1.3448991897315314,22,0.1743864482094537,4,13,0,2,8,2,0,1,1,0,1,Referral,0,1,Other,Cloud Services,1,Cloud Services
CUST_03390,24,Female,Delhi,Small,Retail,7.563302748319428,85,0.9623146139004546,4,9,1,3,8,3,0,1,1,1,2,Referral,10,1,Other,Cloud Services,1,Cloud Services
CUST_03391,51,Female,Surat,Small,Retail,7.116681369652145,31,1.009302651521038,6,11,0,3,2,2,1,0,0,0,1,Referral,5,0,Other,Cybersecurity,0,No Offer
CUST_03392,27,Female,Kolkata,Small,IT,2.08863421832496,11,0.1594215274364597,2,13,0,5,2,0,1,0,0,0,1,Cold Call,20,1,Other,Cybersecurity,1,Cybersecurity
CUST_03393,50,Male,Kolkata,Small,Education,17.89145417346323,86,1.7279972406827693,2,9,0,7,9,0,0,0,1,0,2,Email Campaign,15,0,Other,Cybersecurity,1,Cybersecurity
CUST_03394,29,Female,Vadodara,Small,IT,1.646340104960288,22,0.0688752356596424,0,6,1,3,4,3,1,0,0,0,0,Referral,0,0,Other,Cybersecurity,0,No Offer
CUST_03395,54,Male,Mumbai,Small,Real Estate,5.081828250939105,66,0.7411229117064916,7,8,1,3,2,1,1,0,0,0,1,Website,5,1,Other,Cybersecurity,1,Cybersecurity
CUST_03396,38,Male,Ahmedabad,Small,Manufacturing,3.115315664886106,43,0.4617372848472766,1,6,1,2,7,3,1,1,0,1,1,Referral,10,0,Other,Data Analytics,0,No Offer
CUST_03397,32,Male,Surat,Large,Finance,1067.7539420601058,4822,133.13835622333212,2,5,0,1,4,3,0,1,0,0,0,Website,15,0,Other,Cloud Services,0,No Offer
CUST_03398,34,Female,Kolkata,Small,Finance,1.655883391296976,18,0.1399130689750834,6,6,0,4,6,4,0,1,0,0,1,Email Campaign,10,1,Other,Cloud Services,1,Cloud Services
CUST_03399,32,Male,Bangalore,Medium,Education,65.73596845994751,368,5.889154606962205,9,8,0,3,2,0,1,0,0,0,1,Website,10,1,Other,Cybersecurity,1,Cybersecurity
CUST_03400,52,Male,Pune,Medium,Finance,50.72021344133175,331,4.171434855213002,9,9,0,2,4,2,1,1,0,1,1,Website,0,0,Other,Data Analytics,0,No Offer
CUST_03401,49,Male,Bangalore,Small,Retail,8.57941104823762,54,0.5593542333124605,10,8,1,3,6,2,1,1,0,1,1,Referral,20,1,Other,Data Analytics,1,Data Analytics
CUST_03402,27,Male,Ahmedabad,Small,Education,0.9799577884607902,11,0.0914643294798454,7,6,1,2,6,2,0,0,1,1,1,LinkedIn,15,1,Other,Cybersecurity,1,Cybersecurity
CUST_03403,37,Male,Surat,Small,Finance,15.580331244790218,88,0.5673329636900664,8,11,1,2,5,2,1,0,0,0,2,Website,5,1,Other,Cybersecurity,1,Cybersecurity
CUST_03404,25,Female,Kolkata,Medium,IT,17.937752708849867,306,2.673199561121885,7,7,0,1,3,3,1,0,1,0,2,Referral,0,1,Other,Cybersecurity,1,Cybersecurity
CUST_03405,56,Female,Vadodara,Small,Manufacturing,16.413834046600698,66,1.327649646920757,6,6,0,3,5,3,1,0,0,0,0,Website,0,0,Other,Cybersecurity,0,No Offer
CUST_03406,47,Male,Pune,Small,Healthcare,3.653217565704024,66,0.5161411543292759,9,5,1,1,5,3,1,1,1,0,1,Email Campaign,10,1,Other,AI Solutions,1,AI Solutions
CUST_03407,33,Female,Delhi,Small,Manufacturing,1.5007827035793109,25,0.1754603708099381,0,6,1,2,8,4,1,1,0,1,0,Referral,10,1,Other,Data Analytics,1,Data Analytics
CUST_03408,32,Female,Kolkata,Large,Finance,360.5337912400409,3137,23.36012002441924,0,7,0,3,8,6,0,0,1,0,4,Referral,0,1,Other,Cybersecurity,1,Cybersecurity
CUST_03409,58,Male,Kolkata,Small,Education,3.244876067308616,15,0.1838102691870167,10,9,0,2,6,4,0,0,0,0,1,Email Campaign,10,0,Other,Cybersecurity,0,No Offer
CUST_03410,46,Female,Ahmedabad,Medium,Logistics,34.18455287375247,337,5.109942927478057,7,10,0,2,1,1,0,1,0,0,0,Referral,10,1,Other,Cloud Services,0,No Offer
CUST_03411,39,Female,Kolkata,Medium,Finance,29.743722568202728,206,3.6482211281250616,6,7,1,1,3,2,1,0,0,1,0,Referral,10,1,Other,Cybersecurity,1,Cybersecurity
CUST_03412,40,Male,Surat,Large,IT,124.01990886834209,2314,7.436156458682728,1,9,0,5,5,0,0,0,0,0,2,Website,10,0,Other,Cybersecurity,0,No Offer
CUST_03413,44,Male,Mumbai,Medium,Manufacturing,30.45422470638546,463,1.1601051394943582,8,7,1,6,5,3,1,1,0,0,1,Referral,5,1,Other,Data Analytics,1,Data Analytics
CUST_03414,59,Female,Surat,Medium,Logistics,39.29484502316439,229,4.465072667698547,9,8,0,6,5,5,0,1,0,0,1,Email Campaign,10,1,Other,Cloud Services,1,Cloud Services
CUST_03415,39,Female,Delhi,Large,IT,324.8260411675323,3655,21.556097563972507,6,4,0,3,7,3,1,1,0,0,0,LinkedIn,5,1,Other,Data Analytics,1,Data Analytics
CUST_03416,47,Male,Mumbai,Medium,Real Estate,26.81682958975452,142,1.5167517699165616,8,8,0,0,3,3,0,0,1,0,5,Website,10,0,Other,Cybersecurity,0,No Offer
CUST_03417,27,Female,Kolkata,Small,Real Estate,20.500745265340107,99,2.423034126033489,10,4,1,3,7,0,1,1,0,1,2,Email Campaign,20,1,Other,Data Analytics,1,Data Analytics
CUST_03418,25,Male,Kolkata,Small,IT,3.961203118100221,18,0.4417191418594003,0,5,0,3,1,1,1,0,0,1,2,Email Campaign,5,0,Other,Cybersecurity,0,No Offer
CUST_03419,50,Female,Pune,Medium,Healthcare,21.87656226596139,285,1.9200953905805624,10,8,0,8,2,1,0,0,0,0,0,Referral,15,0,Other,Cybersecurity,1,Cybersecurity
CUST_03420,55,Male,Kolkata,Large,IT,234.7932451178246,1664,33.603306811701835,2,9,0,3,10,2,0,0,0,0,2,LinkedIn,15,1,Other,Cybersecurity,1,Cybersecurity
CUST_03421,38,Male,Chennai,Medium,Logistics,96.48476486224996,403,10.763512698717992,9,9,0,4,3,0,0,1,1,1,0,Website,10,0,Other,Cloud Services,0,No Offer
CUST_03422,37,Female,Delhi,Medium,IT,21.259337682841604,104,2.917001106286203,1,4,1,2,2,1,1,0,0,1,1,Email Campaign,10,0,Other,Cybersecurity,0,No Offer
CUST_03423,23,Male,Hyderabad,Medium,Healthcare,12.843613364615193,175,0.6789949989820078,5,9,1,1,4,1,0,1,0,0,2,Website,0,1,Other,Cloud Services,1,Cloud Services
CUST_03424,55,Male,Vadodara,Small,Real Estate,4.063501323099329,27,0.2665555654656633,9,12,1,5,8,4,1,0,0,0,2,Email Campaign,5,1,Other,Cybersecurity,1,Cybersecurity
CUST_03425,29,Female,Pune,Medium,Retail,105.04530013275996,448,4.468880861635665,3,6,0,1,5,2,1,0,0,0,3,Website,15,0,Other,Cybersecurity,0,No Offer
CUST_03426,34,Female,Bangalore,Small,Logistics,9.384527755115329,68,0.6245365658954299,1,9,0,2,4,0,1,0,0,0,2,Email Campaign,15,1,Other,Cybersecurity,0,No Offer
CUST_03427,29,Male,Mumbai,Large,Retail,843.6185809388237,3879,123.68578803682723,1,7,0,2,6,4,1,0,0,0,2,Website,5,1,Other,Cybersecurity,1,Cybersecurity
CUST_03428,51,Female,Hyderabad,Medium,Logistics,23.71783033379612,159,3.4519582396922472,5,7,0,3,9,5,0,0,0,0,1,Cold Call,0,1,Other,Cybersecurity,1,Cybersecurity
CUST_03429,53,Male,Vadodara,Medium,Education,14.700641102525053,206,1.7823992607771295,8,3,0,2,6,0,1,0,0,0,3,Referral,0,0,Other,Cybersecurity,0,No Offer
CUST_03430,57,Male,Kolkata,Small,Healthcare,7.718385565554444,97,0.7141497338171767,5,6,1,3,5,2,0,0,0,0,3,LinkedIn,0,1,Other,Cybersecurity,1,Cybersecurity
CUST_03431,51,Male,Surat,Small,Education,0.7713569573012673,13,0.0954119003092798,3,10,0,4,13,4,0,1,0,1,2,Email Campaign,15,1,Other,Cloud Services,1,Cloud Services
CUST_03432,22,Male,Chennai,Small,Education,8.371917122820614,94,0.8072071397794888,8,8,1,1,5,6,1,0,1,0,2,Website,10,0,Other,Cybersecurity,0,No Offer
CUST_03433,60,Female,Mumbai,Medium,Real Estate,102.01037770844272,446,3.103259797660374,1,4,0,1,4,5,1,0,0,0,2,Email Campaign,15,0,Other,Cybersecurity,0,No Offer
CUST_03434,38,Male,Mumbai,Medium,IT,32.587169263145896,181,2.9388950049387144,5,10,1,2,5,0,0,1,0,1,2,Website,0,1,Other,Cloud Services,1,Cloud Services
CUST_03435,41,Female,Mumbai,Small,Education,6.32868438325063,32,0.6447082266414549,6,7,1,3,3,1,1,0,1,0,2,Website,10,1,Other,Cybersecurity,1,Cybersecurity
CUST_03436,45,Male,Delhi,Medium,Finance,73.04523021336087,419,4.520754900716362,2,11,0,4,7,3,0,0,1,0,0,Email Campaign,15,1,Other,Cybersecurity,1,Cybersecurity
CUST_03437,43,Female,Mumbai,Large,Logistics,493.4452592656472,3876,26.84106723968112,3,8,0,2,6,4,1,1,1,0,1,Referral,0,1,Other,AI Solutions,1,AI Solutions
CUST_03438,50,Female,Pune,Small,Real Estate,6.909544765380824,74,0.4343138866887907,6,9,1,6,2,3,1,1,0,0,2,Email Campaign,10,1,Other,Data Analytics,1,Data Analytics
CUST_03439,43,Female,Vadodara,Medium,Manufacturing,75.47445629343115,321,7.912389527725772,8,7,1,2,7,1,1,1,0,0,1,Website,10,1,Other,Data Analytics,1,Data Analytics
CUST_03440,30,Male,Surat,Medium,Finance,25.85124661666113,169,1.22865013334503,4,11,0,2,4,2,1,1,0,1,0,LinkedIn,0,1,Other,Data Analytics,0,No Offer
CUST_03441,58,Male,Pune,Medium,Finance,71.06290845341171,486,8.274522149655924,10,4,1,1,4,1,0,1,1,1,0,LinkedIn,0,0,Other,Cloud Services,0,No Offer
CUST_03442,31,Male,Pune,Medium,IT,27.663510766776717,111,2.23302565826533,1,11,0,4,2,1,1,1,1,0,0,Email Campaign,10,1,Other,AI Solutions,1,AI Solutions
CUST_03443,57,Female,Chennai,Medium,Manufacturing,50.20725508036735,396,3.635092784317841,7,8,0,3,6,2,0,0,1,0,3,LinkedIn,10,1,Other,Cybersecurity,1,Cybersecurity
CUST_03444,58,Male,Surat,Large,Education,1038.0986210616834,4701,131.70124152439638,8,10,0,3,4,6,1,1,0,0,3,Referral,5,1,Other,Data Analytics,1,Data Analytics
CUST_03445,49,Female,Chennai,Small,Manufacturing,16.462692092689473,74,1.493620377368618,10,5,0,4,3,3,0,1,0,1,2,LinkedIn,10,0,Other,Cloud Services,0,No Offer
CUST_03446,49,Female,Mumbai,Medium,Education,15.831582899735697,164,1.1938290694481537,10,8,0,3,6,2,0,0,0,1,0,Email Campaign,15,0,Other,Cybersecurity,0,No Offer
CUST_03447,42,Male,Mumbai,Small,Retail,4.482916000552107,65,0.6068907390581935,1,11,0,3,6,1,0,1,0,1,2,Email Campaign,20,0,Other,Cloud Services,0,No Offer
CUST_03448,45,Female,Pune,Small,Healthcare,22.306286106028733,91,1.6549077352032902,9,9,0,3,9,1,1,0,0,0,2,Email Campaign,10,0,Other,Cybersecurity,0,No Offer
CUST_03449,23,Female,Pune,Small,IT,10.949529198996183,81,1.4571637175740155,9,7,0,3,6,3,0,1,1,0,4,Referral,15,1,Other,Cloud Services,1,Cloud Services
CUST_03450,29,Female,Mumbai,Small,Education,4.993962375801871,99,0.4519727908800908,0,8,0,3,3,0,0,1,0,0,3,Email Campaign,0,1,Other,Cloud Services,1,Cloud Services
CUST_03451,48,Male,Ahmedabad,Large,Education,734.1872807191452,4901,40.35155825166724,3,9,0,3,6,4,0,1,0,0,2,Website,0,1,Other,Cloud Services,1,Cloud Services
CUST_03452,43,Male,Vadodara,Large,Manufacturing,549.7455500338875,3162,56.9196551282844,0,6,1,4,6,2,1,1,0,1,1,Cold Call,20,1,Other,Data Analytics,1,Data Analytics
CUST_03453,58,Male,Delhi,Small,IT,4.925223587750565,24,0.3163905670395146,0,9,0,2,4,1,1,0,1,0,2,Referral,10,0,Other,Cybersecurity,0,No Offer
CUST_03454,48,Female,Hyderabad,Medium,Logistics,46.28615418707717,194,2.205934042091566,4,10,0,4,7,2,1,1,0,0,2,LinkedIn,0,1,Other,Data Analytics,1,Data Analytics
CUST_03455,50,Female,Kolkata,Medium,Education,59.19066795042952,254,2.390327793356729,6,11,0,1,6,4,0,1,0,0,1,LinkedIn,5,0,Other,Cloud Services,0,No Offer
CUST_03456,24,Male,Bangalore,Large,Retail,839.2837803026933,3526,49.5208318503408,2,10,1,3,3,3,0,0,0,0,5,Website,10,1,Other,Cybersecurity,1,Cybersecurity
CUST_03457,34,Female,Surat,Medium,Finance,12.074956345505434,214,1.4295125081558642,6,7,0,3,6,1,0,1,0,0,2,Email Campaign,0,0,Other,Cloud Services,0,No Offer
CUST_03458,31,Male,Chennai,Small,Education,10.002450991836865,52,1.305919068116398,4,2,0,4,9,5,0,0,1,0,1,Referral,5,1,Other,Cybersecurity,1,Cybersecurity
CUST_03459,57,Female,Surat,Medium,Manufacturing,17.701916216371544,186,2.36155071258788,9,9,1,5,7,2,1,0,0,0,2,Cold Call,10,1,Other,Cybersecurity,1,Cybersecurity
CUST_03460,30,Other,Mumbai,Medium,Logistics,35.96683088830476,411,2.244970199684304,10,8,1,2,8,2,1,0,1,1,1,Website,10,1,Other,Cybersecurity,1,Cybersecurity
CUST_03461,48,Female,Hyderabad,Medium,Real Estate,62.178859261075615,296,6.7971909345909225,7,9,0,1,2,0,1,1,0,0,1,Website,0,0,Other,Data Analytics,0,No Offer
CUST_03462,55,Female,Bangalore,Large,Retail,663.2603369756771,4971,38.23197547761728,6,6,1,3,4,5,0,1,0,0,0,Website,0,1,Other,Cloud Services,1,Cloud Services
CUST_03463,22,Male,Pune,Large,IT,999.7762649454618,4285,104.70802157868872,0,5,1,4,8,2,1,0,0,0,1,Referral,10,1,Other,Cybersecurity,1,Cybersecurity
CUST_03464,53,Male,Pune,Medium,Education,6.901468142778676,118,0.9418110528113968,0,6,0,1,4,0,1,0,1,0,3,Referral,0,1,Other,Cybersecurity,1,Cybersecurity
CUST_03465,46,Female,Chennai,Medium,Retail,86.69970034974224,412,3.0264474138280177,6,6,1,3,7,2,1,1,1,0,2,Website,0,1,Other,AI Solutions,1,AI Solutions
CUST_03466,50,Male,Vadodara,Large,Real Estate,366.4869212491312,4737,54.32328624151036,5,8,0,1,7,3,0,0,0,0,2,Website,5,1,Other,Cybersecurity,1,Cybersecurity
CUST_03467,28,Male,Kolkata,Small,Retail,1.535677925633944,18,0.1984872092857023,8,6,1,2,5,1,0,0,1,0,2,Website,5,0,Other,Cybersecurity,0,No Offer
CUST_03468,24,Female,Vadodara,Small,Logistics,2.7639365189930967,19,0.3355403841727193,7,4,1,2,1,3,1,1,1,0,2,LinkedIn,10,1,Other,AI Solutions,1,AI Solutions
CUST_03469,41,Male,Hyderabad,Small,Retail,6.972371361426236,54,0.7876238016990506,5,12,0,5,3,1,0,0,1,0,2,Website,5,1,Other,Cybersecurity,1,Cybersecurity
CUST_03470,41,Female,Vadodara,Large,Retail,631.6358386583997,4290,77.33298641824615,5,6,1,3,5,2,1,1,0,0,0,Email Campaign,5,1,Other,Data Analytics,1,Data Analytics
CUST_03471,51,Female,Chennai,Medium,Logistics,50.45712453411674,212,7.535844344918542,8,6,1,4,7,3,1,1,0,0,3,LinkedIn,5,1,Other,Data Analytics,1,Data Analytics
CUST_03472,56,Female,Bangalore,Small,Logistics,7.0776336973958704,39,0.8664648362680464,3,10,1,3,8,2,1,0,1,0,0,Referral,10,1,Other,Cybersecurity,1,Cybersecurity
CUST_03473,56,Female,Bangalore,Large,Real Estate,227.03800225000867,2101,16.390348836376152,8,13,1,2,2,3,0,1,1,0,5,Referral,10,1,Other,Cloud Services,1,Cloud Services
CUST_03474,60,Female,Bangalore,Medium,Logistics,40.76839986744026,482,4.2264853865535565,10,7,0,1,4,4,0,1,0,0,1,LinkedIn,0,1,Other,Cloud Services,1,Cloud Services
CUST_03475,48,Female,Pune,Large,Retail,573.1575837470006,4277,40.36792533452079,10,7,0,0,9,1,1,0,1,0,2,Referral,5,1,Other,Cybersecurity,1,Cybersecurity
CUST_03476,47,Female,Ahmedabad,Small,Retail,11.647241052644445,83,1.7052475581134323,7,10,1,1,6,0,0,0,1,0,3,Website,10,1,Other,Cybersecurity,1,Cybersecurity
CUST_03477,35,Male,Hyderabad,Medium,Healthcare,79.0001212386751,464,10.903341400157728,2,6,1,2,3,3,0,0,1,0,2,LinkedIn,5,0,Other,Cybersecurity,0,No Offer
CUST_03478,38,Female,Kolkata,Medium,IT,21.5689130079623,209,2.116221547163532,10,16,0,1,10,6,1,0,1,0,0,Website,0,0,Other,Cybersecurity,0,No Offer
CUST_03479,39,Female,Hyderabad,Medium,Finance,42.73538837806631,210,5.288626130686098,3,7,1,4,3,1,1,1,0,0,0,Email Campaign,15,1,Other,Data Analytics,1,Data Analytics
CUST_03480,50,Male,Hyderabad,Medium,IT,22.440839808872177,322,3.122921869880404,6,4,1,1,9,2,1,1,0,0,1,Website,15,1,Other,Data Analytics,1,Data Analytics
CUST_03481,41,Male,Vadodara,Large,Manufacturing,110.05956677696888,679,6.519051741484623,2,12,1,1,6,1,1,1,0,1,1,Website,15,0,Other,Data Analytics,0,No Offer
CUST_03482,48,Female,Delhi,Small,Manufacturing,2.7953012903811563,16,0.2782382046025014,2,6,0,2,2,2,0,1,1,1,2,LinkedIn,20,1,Other,Cloud Services,1,Cloud Services
CUST_03483,39,Male,Hyderabad,Large,Real Estate,202.1022914632203,2212,17.745785378636793,7,15,0,2,7,0,1,0,0,0,2,Email Campaign,10,1,Other,Cybersecurity,1,Cybersecurity
CUST_03484,25,Female,Chennai,Small,Logistics,9.038495344196816,42,1.1080378445303571,4,9,1,3,2,1,0,0,0,0,2,Cold Call,15,0,Other,Cybersecurity,0,No Offer
CUST_03485,22,Female,Delhi,Small,IT,16.27012395390434,94,1.2282300719203276,4,10,0,2,3,1,0,0,0,0,1,LinkedIn,0,0,Other,Cybersecurity,0,No Offer
CUST_03486,22,Male,Ahmedabad,Small,Retail,8.419788817690945,47,0.9689287256169988,7,5,0,1,2,2,0,0,0,0,3,Email Campaign,10,0,Other,Cybersecurity,0,No Offer
CUST_03487,47,Female,Chennai,Small,Healthcare,7.926081161092448,53,0.6210811465367398,5,7,1,2,5,1,0,1,1,0,3,Referral,0,1,Other,Cloud Services,1,Cloud Services
CUST_03488,41,Male,Hyderabad,Small,Finance,6.02988992931696,26,0.2612690028059256,4,7,0,5,0,4,1,0,0,0,0,Referral,15,1,Other,Cybersecurity,1,Cybersecurity
CUST_03489,44,Female,Surat,Large,Education,104.58717602882878,554,4.482038643754369,0,10,0,2,6,4,1,0,1,0,0,Email Campaign,0,1,Other,Cybersecurity,1,Cybersecurity
CUST_03490,31,Male,Pune,Medium,Education,19.46053539878949,154,0.8618440401737334,4,4,0,1,4,1,1,1,0,1,2,Referral,10,0,Other,Data Analytics,0,No Offer
CUST_03491,32,Female,Vadodara,Small,Retail,1.954423551136345,20,0.0662596199023122,7,9,1,3,4,1,1,1,0,0,2,Email Campaign,15,1,Other,Data Analytics,1,Data Analytics
CUST_03492,26,Male,Mumbai,Medium,IT,28.83133839914916,449,2.708899736131394,8,6,0,3,5,1,1,0,0,0,0,Referral,15,1,Other,Cybersecurity,1,Cybersecurity
CUST_03493,22,Male,Kolkata,Small,Education,6.064268222833249,73,0.6708798166678452,5,5,0,5,7,1,1,1,0,0,2,Referral,5,1,Other,Data Analytics,1,Data Analytics
CUST_03494,38,Male,Kolkata,Small,IT,21.125610185422214,85,0.9550340835295944,10,3,0,2,5,1,0,0,1,0,2,Referral,5,0,Other,Cybersecurity,0,No Offer
CUST_03495,43,Male,Chennai,Medium,Healthcare,40.98225430987835,312,4.238506049290235,9,9,1,2,2,3,1,0,1,1,1,LinkedIn,10,1,Other,Cybersecurity,1,Cybersecurity
CUST_03496,55,Female,Kolkata,Medium,Healthcare,90.51655350945964,394,9.208141218689496,2,6,0,0,5,2,1,1,0,0,1,Email Campaign,0,1,Other,Data Analytics,1,Data Analytics
CUST_03497,50,Male,Delhi,Medium,Logistics,22.71074527180428,270,1.0821962220267478,7,9,0,3,7,0,1,0,1,0,2,Website,5,0,Other,Cybersecurity,1,Cybersecurity
CUST_03498,25,Male,Bangalore,Small,IT,6.348392190603986,47,0.4982847443524841,4,9,1,2,5,1,0,1,1,0,2,Website,10,0,Other,Cloud Services,0,No Offer
CUST_03499,26,Female,Surat,Medium,Logistics,58.10488641760554,240,7.008395550062682,1,7,0,3,8,3,1,1,0,0,2,Website,0,1,Other,Data Analytics,1,Data Analytics
CUST_03500,32,Female,Mumbai,Medium,Retail,13.849969407623576,203,0.4433475351833534,0,13,1,2,5,3,1,0,1,0,2,Website,5,0,Other,Cybersecurity,0,No Offer
CUST_03501,42,Female,Kolkata,Large,Logistics,283.0723287907134,1677,13.483795428439498,10,8,1,4,7,4,0,0,0,0,3,Cold Call,15,1,Other,Cybersecurity,1,Cybersecurity
CUST_03502,56,Female,Kolkata,Small,Retail,2.5721781815318647,11,0.3845391074845705,7,10,1,3,9,1,1,1,0,0,3,Email Campaign,0,0,Other,Data Analytics,1,Data Analytics
CUST_03503,33,Male,Chennai,Medium,Retail,98.37403658224856,410,11.61063380309106,1,7,0,7,3,4,0,1,0,0,1,Email Campaign,10,0,Other,Cloud Services,0,No Offer
CUST_03504,47,Male,Hyderabad,Medium,Education,108.94314322491051,497,9.335951674827449,10,8,0,3,7,1,1,0,1,0,0,Email Campaign,15,1,Other,Cybersecurity,1,Cybersecurity
CUST_03505,40,Female,Pune,Large,Finance,404.5508153573427,1829,42.71092543370501,2,5,0,5,7,0,1,1,0,0,0,Cold Call,0,1,Other,Data Analytics,1,Data Analytics
CUST_03506,28,Female,Vadodara,Small,Finance,16.058856583290886,89,2.11248664205242,8,8,1,4,3,2,1,1,0,1,2,Website,0,1,Other,Data Analytics,1,Data Analytics
CUST_03507,28,Other,Vadodara,Medium,Retail,44.2197721609293,470,5.796175188422414,0,9,0,3,5,4,1,0,1,0,3,Referral,10,0,Other,Cybersecurity,0,No Offer
CUST_03508,47,Male,Vadodara,Small,IT,10.9835996982311,56,0.7574748615725634,7,10,0,3,3,1,0,0,1,0,2,Website,10,1,Other,Cybersecurity,1,Cybersecurity
CUST_03509,26,Male,Vadodara,Medium,Healthcare,29.726904039901104,121,2.6443558780324388,1,11,1,2,3,2,1,1,0,1,2,LinkedIn,15,1,Other,Data Analytics,1,Data Analytics
CUST_03510,42,Male,Ahmedabad,Small,Logistics,2.017427138149308,13,0.2149903742217799,7,8,1,1,7,0,1,0,0,0,2,Referral,10,1,Other,Cybersecurity,1,Cybersecurity
CUST_03511,35,Female,Mumbai,Small,Real Estate,8.57971563249194,84,0.3314140808005561,1,9,0,4,9,1,1,0,0,0,1,Cold Call,15,0,Other,Cybersecurity,0,No Offer
CUST_03512,25,Female,Hyderabad,Medium,Manufacturing,80.8648588545228,491,11.603750787414182,6,6,0,2,9,4,1,0,1,0,1,Email Campaign,15,1,Other,Cybersecurity,1,Cybersecurity
CUST_03513,44,Male,Pune,Small,Healthcare,17.11910848357922,91,1.402551765574931,2,8,1,0,7,2,0,1,0,0,1,Email Campaign,10,1,Other,Cloud Services,1,Cloud Services
CUST_03514,41,Male,Pune,Small,Healthcare,6.507580393826666,71,0.4848373809755136,3,8,0,2,4,3,0,1,0,0,1,Website,0,0,Other,Cloud Services,0,No Offer
CUST_03515,36,Female,Chennai,Small,Manufacturing,2.13221656474073,11,0.2960626269300965,10,8,0,2,5,1,1,1,1,1,2,Cold Call,15,1,Other,Advanced IT Solutions,1,Advanced IT Solutions
CUST_03516,50,Female,Surat,Small,Retail,4.019677722645081,24,0.1776472365048562,0,6,1,4,8,3,1,1,0,0,0,Cold Call,10,1,Other,Data Analytics,1,Data Analytics
CUST_03517,29,Male,Kolkata,Large,Healthcare,384.6080594800313,2230,13.350244076004277,9,8,0,2,3,1,1,0,0,1,3,Email Campaign,0,1,Other,Cybersecurity,1,Cybersecurity
CUST_03518,40,Female,Kolkata,Medium,Manufacturing,28.800174760523408,259,3.2313879450910616,0,5,0,3,4,1,0,1,0,0,1,Email Campaign,5,0,Other,Cloud Services,0,No Offer
CUST_03519,60,Female,Hyderabad,Large,Logistics,131.5496065620959,1623,10.024126874398751,10,12,1,3,10,3,1,1,1,0,2,Website,0,1,Other,AI Solutions,1,AI Solutions
CUST_03520,49,Female,Ahmedabad,Small,Education,7.686359078689781,44,0.935715041197493,9,2,1,1,8,1,1,1,0,1,4,Referral,15,1,Other,Data Analytics,1,Data Analytics
CUST_03521,48,Female,Delhi,Large,IT,127.776400742513,764,4.8842980724173,10,13,0,3,3,2,1,1,1,1,2,Email Campaign,5,1,Other,Advanced IT Solutions,1,Advanced IT Solutions
CUST_03522,25,Male,Bangalore,Medium,IT,16.817148568614822,143,1.2789585647106652,7,15,1,2,1,1,1,0,1,0,2,Referral,15,1,Other,Cybersecurity,1,Cybersecurity
CUST_03523,36,Male,Hyderabad,Medium,IT,43.23477846963427,396,2.517951363425033,7,7,0,2,5,1,0,0,1,0,2,Website,15,0,Other,Cybersecurity,0,No Offer
CUST_03524,56,Female,Delhi,Medium,Retail,53.87145044193802,451,6.397384715598086,1,17,0,2,2,1,1,0,0,0,0,Website,20,1,Other,Cybersecurity,1,Cybersecurity
CUST_03525,58,Male,Bangalore,Medium,Healthcare,41.285490288234165,279,2.364024235186184,3,10,1,1,7,1,0,0,0,1,4,Website,5,1,Other,Cybersecurity,1,Cybersecurity
CUST_03526,22,Female,Pune,Medium,Real Estate,121.01218982898276,494,10.280401828830838,1,12,0,3,4,2,0,1,0,0,0,Website,10,1,Other,Cloud Services,0,No Offer
CUST_03527,24,Female,Ahmedabad,Small,Healthcare,6.486813580967722,32,0.832033129812617,7,11,0,3,5,9,1,0,1,0,1,Cold Call,10,1,Other,Cybersecurity,1,Cybersecurity
CUST_03528,45,Female,Hyderabad,Small,Finance,4.627306904495051,21,0.6471143605425509,6,6,0,5,3,4,0,1,1,0,3,Email Campaign,20,1,Other,Cloud Services,1,Cloud Services
CUST_03529,48,Male,Vadodara,Medium,IT,47.152533099580346,312,5.503299225440303,6,13,0,0,5,0,0,1,0,0,1,LinkedIn,15,0,Other,Cloud Services,0,No Offer
CUST_03530,57,Male,Pune,Medium,Retail,18.161292515623384,117,1.4802799040126626,9,9,0,4,8,4,1,1,1,0,0,Website,0,0,Other,AI Solutions,0,No Offer
CUST_03531,55,Female,Delhi,Small,Manufacturing,7.178329650705038,79,0.7080582692551773,2,12,0,2,2,2,1,1,0,0,3,Referral,15,1,Other,Data Analytics,1,Data Analytics
CUST_03532,50,Male,Hyderabad,Small,Retail,11.652550035612942,60,1.31397409525883,10,6,1,6,5,2,0,0,0,0,2,Website,15,0,Other,Cybersecurity,0,No Offer
CUST_03533,45,Female,Hyderabad,Medium,Real Estate,61.38277812926414,457,8.286178779284333,4,3,1,1,3,2,0,0,1,0,1,Website,5,1,Other,Cybersecurity,1,Cybersecurity
CUST_03534,45,Female,Chennai,Large,Healthcare,709.5995040546636,3575,96.9517841898534,0,8,0,3,4,0,0,0,0,0,2,Email Campaign,15,1,Other,Cybersecurity,1,Cybersecurity
CUST_03535,25,Male,Mumbai,Small,Logistics,3.954332287875753,30,0.5603934949426295,9,8,0,1,1,1,1,0,1,0,2,Email Campaign,20,1,Other,Cybersecurity,1,Cybersecurity
CUST_03536,24,Female,Pune,Small,Logistics,2.366213435611794,33,0.3011842624244638,10,8,1,2,8,2,0,0,1,0,1,Referral,10,0,Other,Cybersecurity,1,Cybersecurity
CUST_03537,55,Male,Hyderabad,Large,Logistics,83.08774428114752,982,3.956285451937004,3,9,1,2,3,3,0,1,0,0,3,Website,10,1,Other,Cloud Services,1,Cloud Services
CUST_03538,44,Male,Kolkata,Medium,IT,61.14643649710176,288,7.320252285024018,3,10,0,4,7,0,0,1,0,1,1,LinkedIn,10,1,Other,Cloud Services,0,No Offer
CUST_03539,44,Other,Kolkata,Small,Finance,3.1534222352653822,31,0.4028531114745841,0,8,1,5,5,2,1,1,1,0,2,Email Campaign,0,0,Other,AI Solutions,0,No Offer
CUST_03540,26,Other,Mumbai,Large,Real Estate,113.36371473378207,1102,15.343163374018689,6,11,0,3,5,2,0,0,1,0,0,Website,5,0,Other,Cybersecurity,0,No Offer
CUST_03541,52,Male,Hyderabad,Medium,Education,47.41059721809373,201,6.683852471488489,4,8,0,1,4,1,0,0,0,1,2,Website,0,0,Other,Cybersecurity,0,No Offer
CUST_03542,27,Female,Vadodara,Medium,Retail,34.49015366894028,190,3.142024635304236,0,6,0,5,8,1,1,1,0,0,3,Website,5,1,Other,Data Analytics,1,Data Analytics
CUST_03543,58,Male,Mumbai,Large,Finance,353.74263482171,4855,38.42038496773875,4,10,0,4,2,2,0,0,0,0,3,Email Campaign,5,1,Other,Cybersecurity,1,Cybersecurity
CUST_03544,31,Male,Mumbai,Large,Logistics,41.24773630982671,524,1.2847157386056114,7,6,0,7,4,1,1,0,0,0,0,Referral,0,0,Other,Cybersecurity,1,Cybersecurity
CUST_03545,28,Male,Delhi,Small,Real Estate,2.507363677057341,24,0.2475621158053991,9,5,0,2,6,3,1,0,0,0,2,Cold Call,15,0,Other,Cybersecurity,0,No Offer
CUST_03546,60,Female,Delhi,Small,Real Estate,2.8695853386105514,17,0.2490335365483996,7,12,0,3,3,2,0,1,0,0,0,Website,0,0,Other,Cloud Services,1,Cloud Services
CUST_03547,59,Male,Surat,Small,Healthcare,11.432210356924672,57,1.6631205263906723,1,8,0,6,5,0,1,1,0,1,1,Email Campaign,10,0,Other,Data Analytics,0,No Offer
CUST_03548,42,Female,Pune,Small,Manufacturing,10.175231002992025,97,1.4062689793891998,0,9,1,5,7,1,1,0,0,0,0,Referral,10,1,Other,Cybersecurity,1,Cybersecurity
CUST_03549,41,Female,Bangalore,Small,Retail,13.671832856462569,61,1.7187198987583985,1,12,1,5,3,0,0,1,0,0,2,Website,5,1,Other,Cloud Services,1,Cloud Services
CUST_03550,24,Female,Mumbai,Small,Education,4.597506289717102,64,0.1693689233086198,5,11,0,1,3,4,1,0,0,0,1,Email Campaign,10,0,Other,Cybersecurity,0,No Offer
CUST_03551,43,Male,Delhi,Large,Healthcare,427.1230634515038,4667,33.419586788975366,4,9,0,2,7,3,0,1,1,0,3,Website,10,1,Other,Cloud Services,1,Cloud Services
CUST_03552,25,Male,Ahmedabad,Large,IT,1214.3625965371632,4975,137.86059472535686,3,6,0,5,4,3,1,1,0,0,2,LinkedIn,15,1,Other,Data Analytics,1,Data Analytics
CUST_03553,49,Male,Surat,Medium,Retail,21.776559282797024,283,0.7308058513558395,7,8,1,2,1,1,1,0,0,0,2,Email Campaign,10,0,Other,Cybersecurity,0,No Offer
CUST_03554,33,Female,Hyderabad,Medium,Real Estate,71.0181456019658,312,4.140191351777223,4,7,0,2,6,4,0,1,0,1,2,Website,0,0,Other,Cloud Services,0,No Offer
CUST_03555,59,Female,Pune,Small,Finance,5.342036422262934,28,0.7291925808236415,3,6,0,2,5,1,1,0,0,1,1,LinkedIn,15,0,Other,Cybersecurity,0,No Offer
CUST_03556,57,Female,Hyderabad,Small,Logistics,5.686332795294039,88,0.259147179853998,10,6,1,1,3,4,1,0,0,0,1,Website,0,0,Other,Cybersecurity,0,No Offer
CUST_03557,26,Female,Surat,Small,Retail,9.68493014147926,66,0.3502537603215078,7,4,0,5,5,5,0,0,1,0,3,Email Campaign,0,1,Other,Cybersecurity,1,Cybersecurity
CUST_03558,34,Male,Chennai,Medium,Healthcare,45.36978183554358,295,4.522019347001449,0,8,0,2,5,1,0,0,0,1,2,Email Campaign,15,0,Other,Cybersecurity,0,No Offer
CUST_03559,44,Female,Kolkata,Small,Healthcare,20.09637373406924,85,2.885352008547132,8,10,0,1,8,0,0,0,1,0,0,Email Campaign,5,1,Other,Cybersecurity,1,Cybersecurity
CUST_03560,51,Female,Pune,Large,Logistics,179.05070543298862,1334,23.304338977285624,1,11,0,6,5,1,1,0,0,0,2,Website,0,1,Other,Cybersecurity,1,Cybersecurity
CUST_03561,58,Male,Kolkata,Medium,Finance,32.74788992682097,235,4.81304582039984,7,7,0,5,6,1,0,1,1,0,1,Referral,0,0,Other,Cloud Services,0,No Offer
CUST_03562,46,Male,Ahmedabad,Small,Education,4.639792061265642,64,0.5587366514179342,8,7,0,4,4,2,0,1,0,0,1,Website,10,0,Other,Cloud Services,0,No Offer
CUST_03563,48,Female,Hyderabad,Small,Healthcare,6.579876969438704,37,0.5427370255184829,9,8,0,2,9,2,0,0,1,0,1,Email Campaign,10,0,Other,Cybersecurity,0,No Offer
CUST_03564,35,Female,Chennai,Medium,Retail,25.16497488354468,273,3.6135387177019007,7,18,0,2,4,2,1,0,0,0,2,Website,0,1,Other,Cybersecurity,1,Cybersecurity
CUST_03565,57,Male,Ahmedabad,Large,Logistics,131.07880994112747,2001,10.643074188746835,8,12,0,2,3,2,1,1,1,0,2,LinkedIn,0,1,Other,AI Solutions,1,AI Solutions
CUST_03566,60,Female,Bangalore,Medium,Education,53.11874940301583,213,3.825153065242661,3,6,0,2,4,1,1,1,0,0,2,LinkedIn,15,1,Other,Data Analytics,1,Data Analytics
CUST_03567,37,Male,Hyderabad,Small,Finance,8.729777749775128,84,0.7314114225491962,10,7,0,5,7,1,1,0,0,1,3,Website,20,0,Other,Cybersecurity,0,No Offer
CUST_03568,43,Male,Surat,Medium,Healthcare,35.1165742285666,449,4.483574441560001,1,9,0,4,7,2,0,0,0,0,2,Email Campaign,10,1,Other,Cybersecurity,1,Cybersecurity
CUST_03569,42,Female,Chennai,Small,Logistics,6.076738397421929,32,0.8514921876946389,2,11,0,4,7,3,0,0,0,0,0,LinkedIn,10,1,Other,Cybersecurity,1,Cybersecurity
CUST_03570,42,Female,Pune,Large,Healthcare,283.78143488811963,1324,20.693868134423617,7,9,0,2,9,1,1,0,0,0,0,Referral,20,1,Other,Cybersecurity,1,Cybersecurity
CUST_03571,29,Female,Chennai,Medium,Retail,9.485140292415672,151,0.8106920457749692,4,4,0,6,5,5,1,0,0,0,2,Referral,0,1,Other,Cybersecurity,1,Cybersecurity
CUST_03572,37,Male,Hyderabad,Medium,Healthcare,20.257418525777865,285,2.791457663131574,10,10,1,3,6,1,0,0,0,0,2,Email Campaign,10,1,Other,Cybersecurity,1,Cybersecurity
CUST_03573,52,Male,Delhi,Small,Logistics,1.3606952943281836,20,0.0485023099840991,3,9,0,4,4,1,1,0,0,0,3,Referral,15,1,Other,Cybersecurity,1,Cybersecurity
CUST_03574,31,Male,Ahmedabad,Medium,Retail,5.998577927114726,101,0.744209031365553,2,8,1,3,5,4,1,0,0,0,4,Email Campaign,0,1,Other,Cybersecurity,1,Cybersecurity
CUST_03575,53,Male,Chennai,Small,IT,4.001608505990848,22,0.3381604525704405,10,3,0,2,3,5,1,1,0,1,2,Referral,15,1,Other,Data Analytics,1,Data Analytics
CUST_03576,55,Male,Kolkata,Small,Logistics,14.418986863517064,86,1.0840511848245098,2,11,1,4,4,2,0,1,1,0,0,Website,10,1,Other,Cloud Services,1,Cloud Services
CUST_03577,30,Male,Ahmedabad,Small,Education,9.12806656559933,50,0.7633852731444173,9,7,0,3,5,0,0,0,1,0,2,Website,0,1,Other,Cybersecurity,1,Cybersecurity
CUST_03578,38,Male,Kolkata,Large,Retail,611.6370019541221,4047,49.079515199815546,9,6,0,4,5,2,1,0,0,0,0,Referral,15,1,Other,Cybersecurity,1,Cybersecurity
CUST_03579,32,Male,Chennai,Medium,Manufacturing,43.34081202746662,203,5.235320197707106,6,8,0,3,2,3,1,1,0,0,3,Cold Call,0,1,Other,Data Analytics,1,Data Analytics
CUST_03580,53,Female,Delhi,Small,Healthcare,10.35668793248148,65,1.4639561866467008,10,11,0,4,6,2,0,1,0,0,3,Cold Call,20,0,Other,Cloud Services,0,No Offer
CUST_03581,31,Male,Ahmedabad,Large,IT,770.9054781938326,3298,68.5910829210597,7,10,0,3,2,1,1,0,0,0,1,LinkedIn,0,1,Other,Cybersecurity,1,Cybersecurity
CUST_03582,43,Male,Surat,Small,Education,5.885188260031946,40,0.7646510597792615,4,7,0,3,8,0,1,0,0,0,1,Website,10,0,Other,Cybersecurity,0,No Offer
CUST_03583,38,Female,Ahmedabad,Small,Finance,14.569221256962384,70,1.7167400643428166,7,9,0,6,7,4,1,1,0,0,1,Email Campaign,5,1,Other,Data Analytics,1,Data Analytics
CUST_03584,25,Male,Pune,Small,Manufacturing,8.808628739360698,67,0.6138001747256795,8,4,0,5,7,2,0,1,0,0,0,Referral,0,0,Other,Cloud Services,0,No Offer
CUST_03585,46,Female,Chennai,Medium,Finance,51.5288368871885,376,5.1774968366553695,3,5,0,4,7,1,0,0,0,0,2,Website,10,1,Other,Cybersecurity,1,Cybersecurity
CUST_03586,42,Male,Bangalore,Medium,Logistics,23.958026586186584,109,2.635811317999033,1,10,0,2,9,3,1,0,0,0,1,LinkedIn,20,0,Other,Cybersecurity,1,Cybersecurity
CUST_03587,58,Male,Hyderabad,Medium,Manufacturing,31.47406551147437,440,1.032976457787303,4,9,0,8,6,3,1,0,1,1,2,Referral,5,1,Other,Cybersecurity,1,Cybersecurity
CUST_03588,59,Male,Mumbai,Medium,Real Estate,33.08566085231825,203,2.5646239552173,1,10,1,2,5,5,1,1,0,0,1,Website,5,1,Other,Data Analytics,1,Data Analytics
CUST_03589,22,Male,Vadodara,Small,IT,13.668710548903,70,2.0382313851210854,9,9,1,1,1,3,0,1,0,1,0,Cold Call,20,0,Other,Cloud Services,0,No Offer
CUST_03590,46,Female,Bangalore,Medium,Education,93.83945372611964,469,9.991159011749554,1,8,0,7,4,3,1,0,1,1,2,Website,10,1,Other,Cybersecurity,1,Cybersecurity
CUST_03591,57,Female,Kolkata,Small,IT,8.58323397713375,51,0.6017644255780867,5,6,0,4,4,6,1,1,0,0,0,Cold Call,10,0,Other,Data Analytics,0,No Offer
CUST_03592,38,Male,Surat,Medium,IT,41.46503035907512,297,2.4880214368822258,9,5,1,4,4,0,0,0,0,0,1,LinkedIn,0,0,Other,Cybersecurity,0,No Offer
CUST_03593,45,Male,Surat,Medium,Manufacturing,11.543683231388725,113,0.6364932078362552,10,9,1,2,4,1,1,1,0,0,2,Referral,10,1,Other,Data Analytics,1,Data Analytics
CUST_03594,23,Female,Vadodara,Medium,Retail,61.91336096791014,267,4.841437172988054,9,4,0,3,7,0,0,1,0,1,2,Referral,10,1,Other,Cloud Services,1,Cloud Services
CUST_03595,36,Male,Delhi,Medium,Education,56.89653358245767,459,3.026433750192858,0,5,0,4,6,6,0,0,0,0,0,Website,0,0,Other,Cybersecurity,0,No Offer
CUST_03596,53,Female,Pune,Medium,Finance,91.68190853781444,437,4.2377525175673805,1,7,1,4,3,1,1,1,1,0,3,Email Campaign,10,1,Other,AI Solutions,1,AI Solutions
CUST_03597,60,Male,Hyderabad,Small,Retail,3.4363204781441627,61,0.2532141886983387,4,7,0,3,2,4,0,1,1,0,3,Website,0,0,Other,Cloud Services,0,No Offer
CUST_03598,27,Female,Bangalore,Large,Retail,48.69909068334752,505,5.008212689731013,9,8,1,4,5,3,1,0,1,0,1,Email Campaign,0,1,Other,Cybersecurity,1,Cybersecurity
CUST_03599,22,Male,Mumbai,Small,Healthcare,7.266134473186296,61,0.3456347714518642,4,10,0,3,5,4,1,0,1,1,0,Email Campaign,10,0,Other,Cybersecurity,0,No Offer
CUST_03600,44,Male,Ahmedabad,Small,Logistics,8.66279619511592,47,0.3059802951452577,9,5,1,1,4,3,1,1,0,0,2,Email Campaign,10,1,Other,Data Analytics,1,Data Analytics
CUST_03601,60,Female,Vadodara,Medium,Finance,18.33245199061289,161,0.6261620966526575,2,13,1,4,7,0,0,0,0,0,1,Cold Call,5,1,Other,Cybersecurity,1,Cybersecurity
CUST_03602,38,Female,Delhi,Medium,Manufacturing,12.17900687424704,209,0.7561471640453787,4,7,1,3,10,2,1,1,1,1,0,Email Campaign,0,1,Other,Advanced IT Solutions,1,Advanced IT Solutions
CUST_03603,55,Male,Surat,Small,Logistics,0.9325085353188352,11,0.0492512541091056,8,7,0,7,5,1,0,0,0,0,1,Email Campaign,15,1,Other,Cybersecurity,1,Cybersecurity
CUST_03604,50,Female,Mumbai,Large,Real Estate,492.15922960019054,4833,46.61271720938666,1,10,0,5,4,0,1,1,1,0,3,LinkedIn,5,1,Other,AI Solutions,1,AI Solutions
CUST_03605,30,Female,Surat,Large,Healthcare,306.1577190818796,3593,25.927401933304896,5,10,0,3,2,1,0,0,1,0,4,Cold Call,10,1,Other,Cybersecurity,1,Cybersecurity
CUST_03606,34,Male,Chennai,Medium,Healthcare,13.97471645234691,154,0.963864055399586,7,8,0,2,3,2,0,0,0,0,0,Referral,0,0,Other,Cybersecurity,0,No Offer
CUST_03607,27,Female,Vadodara,Medium,Logistics,70.91940307086547,348,9.22130531996399,2,9,0,7,2,2,0,1,0,0,2,Website,10,1,Other,Cloud Services,1,Cloud Services
CUST_03608,27,Male,Delhi,Medium,Real Estate,47.004388720482666,355,4.258298630660188,1,3,1,1,9,0,0,0,1,0,0,LinkedIn,15,0,Other,Cybersecurity,0,No Offer
CUST_03609,41,Female,Ahmedabad,Small,IT,7.206971691347178,55,0.2953676381635354,10,5,0,1,4,1,0,1,0,0,1,Referral,10,0,Other,Cloud Services,0,No Offer
CUST_03610,24,Other,Kolkata,Medium,Manufacturing,49.15089600104324,202,3.218976840978329,0,9,0,1,4,1,1,0,1,0,0,Referral,0,1,Other,Cybersecurity,1,Cybersecurity
CUST_03611,38,Male,Delhi,Large,Retail,240.3621340907491,1725,35.285332408802844,0,15,1,3,4,3,0,1,0,0,0,Website,0,0,Other,Cloud Services,0,No Offer
CUST_03612,33,Male,Hyderabad,Large,Real Estate,719.7846506037998,3056,105.97913305447123,10,8,0,2,8,2,1,0,1,0,2,Website,15,0,Other,Cybersecurity,0,No Offer
CUST_03613,22,Male,Ahmedabad,Large,Real Estate,126.61395044876647,1153,7.667816334727308,3,7,0,2,3,2,1,0,1,0,0,Website,10,1,Other,Cybersecurity,1,Cybersecurity
CUST_03614,38,Male,Bangalore,Small,Education,2.602505039616693,20,0.1303030953478707,5,9,1,5,4,3,1,1,0,0,3,Website,5,1,Other,Data Analytics,1,Data Analytics
CUST_03615,24,Female,Delhi,Small,Retail,4.911753506112713,38,0.4395163639979086,6,6,0,1,7,2,1,1,1,1,3,Cold Call,0,1,Other,Advanced IT Solutions,1,Advanced IT Solutions
CUST_03616,47,Male,Ahmedabad,Small,Real Estate,12.418829784108452,78,1.090072597411306,7,8,0,2,5,1,1,0,1,0,3,Website,10,1,Other,Cybersecurity,1,Cybersecurity
CUST_03617,36,Male,Bangalore,Small,Retail,12.013160988296912,72,0.9516408373925644,7,12,0,3,6,1,1,0,1,0,2,Email Campaign,10,1,Other,Cybersecurity,1,Cybersecurity
CUST_03618,57,Female,Delhi,Small,IT,5.579000325273412,56,0.5217641070831537,9,4,1,2,6,2,0,0,1,0,1,Website,15,1,Other,Cybersecurity,0,No Offer
CUST_03619,53,Female,Mumbai,Small,Retail,3.3394696013347795,16,0.1932332170158779,0,8,1,3,5,2,1,1,0,0,3,Referral,10,1,Other,Data Analytics,1,Data Analytics
CUST_03620,53,Male,Kolkata,Medium,Finance,21.49994749469162,144,0.9415154018953992,7,13,0,2,7,1,0,0,1,0,3,LinkedIn,0,0,Other,Cybersecurity,0,No Offer
CUST_03621,25,Female,Mumbai,Medium,Retail,7.454263052045417,145,0.7339122642657822,9,7,1,5,7,0,1,1,1,0,1,Cold Call,15,1,Other,AI Solutions,1,AI Solutions
CUST_03622,39,Female,Hyderabad,Medium,Retail,44.25451731245738,263,6.280236422673964,0,9,0,7,6,1,0,1,0,0,3,Email Campaign,10,0,Other,Cloud Services,0,No Offer
CUST_03623,40,Female,Ahmedabad,Large,Real Estate,137.29578684031688,655,6.388361043641699,2,7,0,3,7,4,0,1,0,0,3,Cold Call,0,0,Other,Cloud Services,0,No Offer
CUST_03624,56,Female,Bangalore,Small,Real Estate,2.101960298824923,21,0.2408379171681601,4,2,1,0,4,4,1,1,0,0,3,Cold Call,5,1,Other,Data Analytics,1,Data Analytics
CUST_03625,35,Female,Chennai,Small,Finance,2.5908390842573343,45,0.21386755483155,10,10,0,2,4,3,0,0,1,0,1,Email Campaign,0,0,Other,Cybersecurity,0,No Offer
CUST_03626,54,Male,Delhi,Medium,IT,75.0596845512013,355,4.899685347393873,9,8,1,5,7,2,1,0,0,0,4,Website,5,1,Other,Cybersecurity,1,Cybersecurity
CUST_03627,35,Male,Chennai,Medium,Healthcare,40.4671316270637,165,5.356759912765638,9,8,1,4,6,0,1,1,1,0,1,Website,10,1,Other,AI Solutions,1,AI Solutions
CUST_03628,55,Female,Delhi,Medium,Manufacturing,23.44726753293999,359,1.9878359725936108,7,7,0,6,5,3,0,0,0,0,1,Cold Call,5,1,Other,Cybersecurity,1,Cybersecurity
CUST_03629,25,Female,Hyderabad,Small,IT,18.770981555746392,79,1.8770501335502543,7,18,1,7,4,3,0,0,0,1,5,Email Campaign,0,1,Other,Cybersecurity,1,Cybersecurity
CUST_03630,45,Female,Chennai,Small,Real Estate,11.454358945149966,94,0.9526218575763362,5,9,0,2,10,2,0,0,0,0,3,Website,15,0,Other,Cybersecurity,0,No Offer
CUST_03631,50,Other,Bangalore,Medium,Retail,97.6980479042232,410,3.883492499784704,3,11,1,4,7,2,0,0,0,0,3,LinkedIn,15,0,Other,Cybersecurity,1,Cybersecurity
CUST_03632,40,Male,Pune,Large,Healthcare,331.1324069625015,1842,33.573038715258875,3,5,0,1,6,2,1,0,1,0,4,Referral,0,1,Other,Cybersecurity,1,Cybersecurity
CUST_03633,27,Female,Mumbai,Large,Manufacturing,607.5221696725146,2664,48.76028643852475,7,8,0,3,4,4,1,1,1,0,2,Website,15,1,Other,AI Solutions,1,AI Solutions
CUST_03634,54,Female,Bangalore,Medium,Manufacturing,73.95847798867091,357,2.9887207244870773,10,12,1,4,8,1,1,1,1,0,3,Referral,15,1,Other,AI Solutions,1,AI Solutions
CUST_03635,40,Female,Surat,Medium,Manufacturing,8.061934541798179,145,0.8182654605084674,2,15,0,4,5,1,1,1,1,0,1,Website,15,1,Other,AI Solutions,1,AI Solutions
CUST_03636,22,Male,Vadodara,Large,Real Estate,147.87944508998527,2344,4.611548306997388,7,4,0,2,6,2,0,0,1,1,1,LinkedIn,0,1,Other,Cybersecurity,1,Cybersecurity
CUST_03637,26,Male,Hyderabad,Medium,Finance,35.37395399340561,228,1.9463614942987708,3,9,0,5,7,0,1,1,0,1,2,Email Campaign,5,1,Other,Data Analytics,1,Data Analytics
CUST_03638,48,Female,Kolkata,Medium,Finance,27.93995986058557,368,3.4569649769525026,9,7,1,4,4,4,1,1,1,0,1,Cold Call,5,1,Other,AI Solutions,1,AI Solutions
CUST_03639,37,Male,Delhi,Large,Healthcare,295.5058297937121,2078,10.210107912389642,8,6,0,4,2,2,0,0,0,0,2,LinkedIn,5,0,Other,Cybersecurity,0,No Offer
CUST_03640,27,Female,Bangalore,Medium,Retail,90.82912451176088,377,9.773381991806058,1,6,1,5,6,3,1,0,0,0,2,Referral,0,1,Other,Cybersecurity,1,Cybersecurity
CUST_03641,34,Male,Chennai,Large,Logistics,110.58572937356033,1015,15.920456121703634,9,8,1,4,3,1,1,1,0,0,0,Email Campaign,15,1,Other,Data Analytics,1,Data Analytics
CUST_03642,56,Female,Vadodara,Small,Healthcare,6.354649338815372,43,0.3211836451011742,0,11,0,4,4,2,0,1,0,0,2,LinkedIn,0,0,Other,Cloud Services,0,No Offer
CUST_03643,40,Female,Pune,Medium,Retail,55.941699372003725,441,4.478324535761063,3,7,1,3,4,3,0,0,1,0,2,Referral,5,1,Other,Cybersecurity,1,Cybersecurity
CUST_03644,33,Female,Surat,Large,IT,738.35078839713,4196,73.14082508086703,8,4,0,1,4,3,1,0,0,0,4,Email Campaign,10,1,Other,Cybersecurity,1,Cybersecurity
CUST_03645,37,Male,Chennai,Small,Real Estate,5.148601195558083,58,0.4327394189631465,6,8,1,6,4,0,0,1,0,1,2,Email Campaign,0,1,Other,Cloud Services,1,Cloud Services
CUST_03646,31,Female,Mumbai,Medium,Logistics,36.51165317361469,358,3.813471384950632,8,10,0,3,5,3,1,1,1,0,1,Email Campaign,5,1,Other,AI Solutions,1,AI Solutions
CUST_03647,46,Female,Pune,Small,Manufacturing,10.8659249433673,49,0.8528849536928285,8,5,0,2,5,2,0,1,0,0,4,Website,15,0,Other,Cloud Services,1,Cloud Services
CUST_03648,41,Male,Vadodara,Large,Manufacturing,959.0234118802016,4518,45.86097473555403,9,9,1,3,5,2,0,1,0,0,0,Website,5,0,Other,Cloud Services,0,No Offer
CUST_03649,52,Female,Ahmedabad,Medium,Finance,61.72786751891605,297,2.5114182391535644,8,14,1,3,2,1,1,0,1,0,1,Website,10,1,Other,Cybersecurity,1,Cybersecurity
CUST_03650,25,Male,Ahmedabad,Small,Real Estate,10.20919609317896,50,1.2182958221918707,8,12,0,5,2,2,0,0,0,1,0,LinkedIn,10,0,Other,Cybersecurity,0,No Offer
CUST_03651,44,Male,Vadodara,Medium,Logistics,46.25532457369496,326,2.7121751255539737,6,7,0,6,2,3,1,1,1,0,1,Website,0,1,Other,AI Solutions,1,AI Solutions
CUST_03652,23,Male,Ahmedabad,Medium,IT,54.0347706437779,276,7.116057113195066,7,7,0,4,2,0,1,1,1,0,1,Email Campaign,10,1,Other,AI Solutions,1,AI Solutions
CUST_03653,43,Female,Hyderabad,Medium,Education,43.58480954245287,342,5.193708395093018,1,12,1,3,6,3,1,1,0,0,1,Email Campaign,0,1,Other,Data Analytics,1,Data Analytics
CUST_03654,58,Male,Bangalore,Small,IT,5.821779031145372,83,0.2092020323296885,8,6,0,2,3,0,0,0,1,0,0,Cold Call,20,0,Other,Cybersecurity,0,No Offer
CUST_03655,29,Female,Delhi,Large,Retail,91.23052418581294,709,4.939707207382892,1,5,0,4,7,2,1,0,1,0,0,Email Campaign,0,1,Other,Cybersecurity,1,Cybersecurity
CUST_03656,28,Male,Bangalore,Medium,IT,19.12543046986716,234,1.2439011441849648,7,11,0,1,4,3,0,0,0,0,2,Website,10,0,Other,Cybersecurity,0,No Offer
CUST_03657,35,Male,Surat,Medium,Logistics,51.90898613123328,405,5.260346081086032,1,11,1,2,4,2,0,0,0,0,2,Email Campaign,10,1,Other,Cybersecurity,1,Cybersecurity
CUST_03658,24,Female,Bangalore,Small,Logistics,3.065581206032165,28,0.3898782880573842,10,6,1,1,7,3,1,0,0,1,2,Referral,5,0,Other,Cybersecurity,0,No Offer
CUST_03659,37,Female,Bangalore,Large,Finance,249.9929003847971,1472,9.30973326514914,7,9,0,4,7,0,1,0,0,0,1,Cold Call,10,0,Other,Cybersecurity,0,No Offer
CUST_03660,40,Female,Mumbai,Small,Retail,7.705409235280135,63,0.4619629718211988,2,7,0,3,6,5,0,1,0,0,2,LinkedIn,5,0,Other,Cloud Services,0,No Offer
CUST_03661,39,Male,Delhi,Medium,Healthcare,22.551916055748613,118,1.6946675993373304,1,7,0,9,2,3,1,1,0,0,2,Referral,0,0,Other,Data Analytics,0,No Offer
CUST_03662,37,Male,Bangalore,Large,Retail,355.9225000492522,2335,18.509841639030167,5,9,0,1,1,0,1,1,0,0,5,Website,15,1,Other,Data Analytics,1,Data Analytics
CUST_03663,29,Female,Delhi,Small,Healthcare,6.08135984828008,26,0.5803748915315469,5,6,0,3,10,1,0,1,1,0,1,Referral,10,0,Other,Cloud Services,0,No Offer
CUST_03664,54,Female,Kolkata,Medium,Education,11.117429192422616,163,0.9712219219408946,0,10,0,4,7,1,1,0,0,1,1,Cold Call,0,1,Other,Cybersecurity,1,Cybersecurity
CUST_03665,33,Male,Ahmedabad,Small,Retail,13.12792864097865,70,0.8924297237127614,6,7,0,2,5,2,1,0,0,1,0,LinkedIn,0,1,Other,Cybersecurity,0,No Offer
CUST_03666,32,Male,Chennai,Medium,Manufacturing,35.97347822523155,195,3.310510647341408,10,9,0,0,4,1,0,1,0,0,2,Referral,0,0,Other,Cloud Services,0,No Offer
CUST_03667,26,Female,Mumbai,Medium,Education,108.53663988610812,452,7.890460435825864,0,7,0,1,8,0,1,0,0,0,0,Referral,0,0,Other,Cybersecurity,0,No Offer
CUST_03668,48,Male,Ahmedabad,Large,Healthcare,265.1540264808221,2133,18.87453545681863,3,9,1,1,5,1,0,1,0,1,1,LinkedIn,15,1,Other,Cloud Services,1,Cloud Services
CUST_03669,33,Female,Delhi,Large,Finance,330.37450438479414,2974,20.43282495023484,5,11,0,3,2,4,0,1,0,0,1,LinkedIn,0,0,Other,Cloud Services,1,Cloud Services
CUST_03670,38,Male,Ahmedabad,Medium,Education,21.626544343739216,256,2.051332924490849,7,10,0,2,6,4,1,1,1,0,2,LinkedIn,10,0,Other,AI Solutions,0,No Offer
CUST_03671,27,Male,Bangalore,Medium,Education,31.53565713974397,306,2.626726211384007,10,9,1,2,6,1,0,0,0,0,0,Website,15,0,Other,Cybersecurity,1,Cybersecurity
CUST_03672,54,Other,Chennai,Medium,Education,56.09105164753333,373,3.0041791821665127,10,14,0,5,7,4,1,1,1,0,1,LinkedIn,0,1,Other,AI Solutions,1,AI Solutions
CUST_03673,26,Male,Bangalore,Small,Healthcare,12.39992776634374,57,0.3912915168147806,7,10,0,4,4,1,0,1,1,0,1,LinkedIn,10,0,Other,Cloud Services,0,No Offer
CUST_03674,49,Male,Surat,Medium,Real Estate,36.86577564016425,345,1.773669419010001,9,8,1,3,7,3,1,1,1,0,2,Website,10,1,Other,AI Solutions,1,AI Solutions
CUST_03675,35,Female,Bangalore,Large,Healthcare,398.3640479742706,4885,13.998573268786858,6,7,1,5,1,2,0,1,1,1,1,Referral,15,1,Other,Cloud Services,1,Cloud Services
CUST_03676,26,Male,Chennai,Small,Retail,10.129292338838871,97,0.8284936612482338,10,3,0,1,9,3,1,0,0,0,3,Website,0,1,Other,Cybersecurity,1,Cybersecurity
CUST_03677,54,Male,Pune,Small,Manufacturing,1.6142640851310293,23,0.0920318145875356,4,3,0,3,3,1,1,1,0,0,1,Website,10,0,Other,Data Analytics,0,No Offer
CUST_03678,40,Female,Kolkata,Small,Education,22.592551993113528,96,1.817675635095007,5,3,1,3,8,0,0,0,0,0,2,Website,5,0,Other,Cybersecurity,0,No Offer
CUST_03679,43,Male,Delhi,Small,Retail,14.594113976289211,65,1.0147868994609914,7,6,0,3,5,0,1,0,0,0,1,Referral,0,0,Other,Cybersecurity,0,No Offer
CUST_03680,26,Male,Kolkata,Small,Retail,7.03699563401292,63,0.6654308138806665,2,12,1,2,5,1,1,0,0,0,1,LinkedIn,5,1,Other,Cybersecurity,1,Cybersecurity
CUST_03681,23,Male,Surat,Medium,Manufacturing,20.27710289002017,204,2.3696637466228943,5,2,0,2,4,1,0,0,0,0,2,Cold Call,5,0,Other,Cybersecurity,0,No Offer
CUST_03682,51,Female,Kolkata,Medium,Real Estate,108.37626805928907,469,9.48483874302847,3,9,0,4,7,0,1,0,0,0,1,LinkedIn,10,1,Other,Cybersecurity,1,Cybersecurity
CUST_03683,60,Female,Ahmedabad,Medium,Retail,16.91907512876824,336,0.6333853272966364,2,8,1,4,6,1,1,1,0,1,1,Referral,15,1,Other,Data Analytics,0,No Offer
CUST_03684,25,Female,Vadodara,Small,Real Estate,2.041386067179232,12,0.0655310603501762,2,6,0,3,4,1,0,0,0,0,2,Cold Call,10,0,Other,Cybersecurity,0,No Offer
CUST_03685,54,Male,Mumbai,Medium,Manufacturing,65.99581286952495,283,3.668558083798112,3,8,0,6,6,3,1,0,0,1,4,Referral,0,0,Other,Cybersecurity,1,Cybersecurity
CUST_03686,34,Female,Chennai,Large,Finance,97.85391606891952,645,7.92578570307035,5,3,0,2,4,0,1,0,0,0,1,Referral,10,1,Other,Cybersecurity,1,Cybersecurity
CUST_03687,41,Female,Mumbai,Large,Manufacturing,224.7358469083148,4442,7.953087763928366,10,8,1,3,3,2,1,0,0,0,1,Referral,5,1,Other,Cybersecurity,1,Cybersecurity
CUST_03688,28,Male,Chennai,Medium,IT,34.696485774501525,370,2.405439928929102,0,9,0,4,5,1,1,0,0,0,2,Referral,5,0,Other,Cybersecurity,0,No Offer
CUST_03689,36,Female,Delhi,Small,Manufacturing,7.034649563351605,30,0.959829287947702,1,9,0,6,9,3,1,0,0,0,1,LinkedIn,0,1,Other,Cybersecurity,1,Cybersecurity
CUST_03690,44,Female,Kolkata,Large,Manufacturing,133.4044031202427,2498,5.44320415916609,3,2,1,3,2,1,1,0,1,0,2,Email Campaign,10,1,Other,Cybersecurity,1,Cybersecurity
CUST_03691,35,Female,Delhi,Medium,Logistics,23.46998348470053,182,3.375499522851938,9,9,0,1,2,2,0,0,0,1,1,Cold Call,5,0,Other,Cybersecurity,0,No Offer
CUST_03692,44,Female,Bangalore,Small,IT,2.9112852337323387,14,0.3866204638353659,8,8,1,3,7,1,1,1,0,0,1,LinkedIn,20,0,Other,Data Analytics,0,No Offer
CUST_03693,40,Male,Bangalore,Small,Manufacturing,7.181400558321022,33,0.9322444557332148,7,13,0,3,8,1,1,0,0,0,0,Email Campaign,10,0,Other,Cybersecurity,1,Cybersecurity
CUST_03694,50,Male,Mumbai,Small,Healthcare,10.47755422985285,72,1.400210092949221,9,8,0,6,3,0,0,0,0,0,3,LinkedIn,0,0,Other,Cybersecurity,0,No Offer
CUST_03695,41,Male,Hyderabad,Small,Real Estate,8.491714030498205,88,0.3363230961862092,7,3,0,1,3,1,1,1,0,1,0,Referral,0,0,Other,Data Analytics,0,No Offer
CUST_03696,50,Male,Hyderabad,Small,Logistics,5.947933023803113,35,0.2863345145126449,10,9,1,3,4,0,1,0,1,1,1,Email Campaign,5,1,Other,Cybersecurity,1,Cybersecurity
CUST_03697,45,Male,Vadodara,Large,Retail,262.2323073068467,2552,12.095384193869286,6,10,0,5,7,3,0,1,0,0,0,Cold Call,15,1,Other,Cloud Services,1,Cloud Services
CUST_03698,39,Female,Hyderabad,Medium,Retail,19.907411765039104,197,0.8629667368051165,5,11,0,0,6,3,0,0,0,0,1,Website,0,1,Other,Cybersecurity,1,Cybersecurity
CUST_03699,31,Male,Surat,Medium,Finance,70.01310433688228,331,4.853682706763696,6,10,0,4,8,0,0,0,0,0,2,Email Campaign,20,0,Other,Cybersecurity,1,Cybersecurity
CUST_03700,29,Male,Ahmedabad,Large,Finance,103.89631967122956,1285,13.46766703023446,5,12,1,3,5,2,1,1,0,0,2,LinkedIn,5,1,Other,Data Analytics,1,Data Analytics
CUST_03701,47,Female,Ahmedabad,Medium,IT,7.972270126142114,156,0.4802133362550607,2,6,0,3,5,5,1,0,0,0,3,Cold Call,10,1,Other,Cybersecurity,1,Cybersecurity
CUST_03702,50,Male,Bangalore,Large,Healthcare,328.4767664798744,2799,19.48084068475584,5,6,0,2,6,1,0,0,0,0,2,LinkedIn,5,0,Other,Cybersecurity,0,No Offer
CUST_03703,31,Female,Hyderabad,Large,Finance,630.1242513277735,4252,70.01099520989597,6,7,0,0,5,2,0,0,1,0,1,Cold Call,0,1,Other,Cybersecurity,1,Cybersecurity
CUST_03704,38,Female,Vadodara,Small,Retail,11.078932545985756,58,0.4612271766098289,5,6,1,5,10,0,1,1,0,0,2,Website,5,1,Other,Data Analytics,1,Data Analytics
CUST_03705,23,Male,Chennai,Large,Finance,994.6137774850968,4823,72.83914662320032,10,7,1,2,8,1,0,1,0,1,0,Website,0,1,Other,Cloud Services,1,Cloud Services
CUST_03706,27,Male,Bangalore,Medium,Finance,66.86960625498173,366,4.376693085573828,1,6,0,8,5,1,1,1,0,0,1,Referral,10,1,Other,Data Analytics,1,Data Analytics
CUST_03707,26,Male,Delhi,Small,Manufacturing,15.075952741451138,86,1.9851427164922384,5,7,0,1,3,1,1,1,0,0,2,Email Campaign,15,1,Other,Data Analytics,1,Data Analytics
CUST_03708,49,Female,Hyderabad,Medium,Finance,84.24888245338803,460,7.729005392895882,1,10,1,2,7,2,0,1,0,1,1,Referral,0,1,Other,Cloud Services,1,Cloud Services
CUST_03709,26,Male,Bangalore,Medium,Real Estate,43.80822747681232,420,4.712750138880322,0,7,0,6,12,2,1,1,0,0,3,Website,10,1,Other,Data Analytics,1,Data Analytics
CUST_03710,39,Female,Hyderabad,Large,IT,271.0300630226137,2143,12.327564068612473,9,12,0,5,4,1,1,0,1,0,2,Website,5,1,Other,Cybersecurity,1,Cybersecurity
CUST_03711,47,Female,Surat,Small,Real Estate,5.891768206797039,34,0.8335095751146936,9,11,0,4,8,3,0,0,1,0,2,Email Campaign,10,1,Other,Cybersecurity,1,Cybersecurity
CUST_03712,41,Male,Vadodara,Medium,Retail,20.890777715433007,331,1.4350764845458028,9,9,0,3,7,1,1,1,0,1,0,Cold Call,0,0,Other,Data Analytics,0,No Offer
CUST_03713,48,Female,Mumbai,Small,IT,9.270530951153546,85,1.064448487378898,4,10,0,3,6,1,1,1,1,0,1,Website,5,1,Other,AI Solutions,1,AI Solutions
CUST_03714,33,Male,Pune,Small,Logistics,4.463648824352041,34,0.6452433878116447,3,11,1,3,4,0,1,0,0,0,0,Cold Call,15,0,Other,Cybersecurity,0,No Offer
CUST_03715,28,Female,Vadodara,Small,IT,6.580901735973063,42,0.5991112332483287,8,6,0,1,4,3,0,1,0,1,2,Website,5,0,Other,Cloud Services,0,No Offer
CUST_03716,24,Male,Hyderabad,Medium,Education,67.16716819131966,456,6.105779776107808,8,6,1,0,4,2,0,1,0,0,1,Referral,5,0,Other,Cloud Services,0,No Offer
CUST_03717,31,Female,Delhi,Large,Healthcare,101.65384720616936,525,4.479878014675757,8,4,0,2,6,1,1,1,0,0,1,Website,15,1,Other,Data Analytics,1,Data Analytics
CUST_03718,55,Male,Delhi,Small,Logistics,7.523637424331196,52,0.5780641365827442,2,3,0,3,5,2,1,0,1,0,2,Cold Call,10,1,Other,Cybersecurity,1,Cybersecurity
CUST_03719,46,Female,Mumbai,Medium,Logistics,40.856201427404606,177,5.405103553151439,9,18,0,6,5,2,1,1,0,0,2,LinkedIn,10,1,Other,Data Analytics,1,Data Analytics
CUST_03720,56,Male,Kolkata,Small,Education,2.89946437390112,23,0.1339923116989079,2,4,0,3,4,1,0,1,0,0,0,Referral,0,1,Other,Cloud Services,1,Cloud Services
CUST_03721,37,Male,Delhi,Small,Education,1.8608920948227756,12,0.2607119048679918,2,5,1,3,7,4,0,1,0,0,1,Cold Call,0,1,Other,Cloud Services,1,Cloud Services
CUST_03722,23,Female,Bangalore,Medium,Manufacturing,25.067828570600653,495,2.7593946175251345,10,2,1,3,4,1,0,0,0,0,0,Referral,0,0,Other,Cybersecurity,0,No Offer
CUST_03723,45,Male,Delhi,Small,IT,7.286213433800462,65,0.586650787649725,9,6,0,4,8,3,0,0,1,0,2,Cold Call,10,0,Other,Cybersecurity,0,No Offer
CUST_03724,31,Female,Pune,Medium,Healthcare,103.17134310381287,462,9.861097394322591,4,10,1,4,5,3,1,0,1,0,1,LinkedIn,15,0,Other,Cybersecurity,0,No Offer
CUST_03725,59,Female,Mumbai,Small,Retail,7.236347292994016,62,0.3477759051898514,5,11,1,2,4,5,1,1,0,0,0,Cold Call,0,0,Other,Data Analytics,0,No Offer
CUST_03726,43,Male,Bangalore,Small,Retail,5.03186333332462,50,0.2822774450017912,5,6,0,3,3,0,1,0,0,0,1,Email Campaign,0,1,Other,Cybersecurity,0,No Offer
CUST_03727,47,Male,Hyderabad,Medium,Healthcare,42.2161664019262,266,2.717412889973058,2,7,0,1,8,1,0,1,1,0,3,Email Campaign,0,1,Other,Cloud Services,1,Cloud Services
CUST_03728,60,Male,Vadodara,Medium,Logistics,16.23926686303838,247,1.237132263599798,1,9,0,3,3,2,1,1,1,0,5,Referral,5,1,Other,AI Solutions,1,AI Solutions
CUST_03729,48,Female,Mumbai,Small,IT,7.503409263843833,48,1.049446624133293,5,13,0,6,3,3,0,1,1,0,1,LinkedIn,0,0,Other,Cloud Services,0,No Offer
CUST_03730,50,Male,Pune,Medium,Real Estate,46.95085969093757,424,3.4794475968729848,3,7,0,6,3,1,1,0,0,0,0,Website,10,0,Other,Cybersecurity,1,Cybersecurity
CUST_03731,59,Male,Ahmedabad,Large,IT,507.7485176792589,4010,47.1496435480892,8,10,0,1,7,2,1,1,0,0,1,Website,5,1,Other,Data Analytics,1,Data Analytics
CUST_03732,41,Male,Pune,Medium,Manufacturing,75.18655331314187,361,3.7174592342222152,1,10,0,1,2,1,1,1,1,0,4,Website,0,1,Other,AI Solutions,1,AI Solutions
CUST_03733,48,Male,Chennai,Small,Manufacturing,12.220317849429186,67,1.445868708945054,3,11,1,5,6,0,0,0,0,0,0,Referral,0,1,Other,Cybersecurity,0,No Offer
CUST_03734,41,Other,Chennai,Medium,Education,54.157054045034975,389,5.265890848147461,10,8,0,2,2,0,1,1,0,0,1,Email Campaign,10,1,Other,Data Analytics,1,Data Analytics
CUST_03735,40,Male,Ahmedabad,Medium,Retail,36.576221038354326,221,3.0281049215050757,10,6,1,2,2,2,1,0,0,1,0,Email Campaign,5,1,Other,Cybersecurity,1,Cybersecurity
CUST_03736,41,Female,Surat,Small,Manufacturing,7.728126540433743,38,1.110241019799401,1,10,0,2,8,2,1,1,1,1,0,Cold Call,15,1,Other,Advanced IT Solutions,1,Advanced IT Solutions
CUST_03737,56,Female,Delhi,Large,Healthcare,481.9593326749552,2420,65.96967835892686,4,7,0,1,7,0,1,1,1,0,1,Website,15,1,Other,AI Solutions,1,AI Solutions
CUST_03738,23,Female,Vadodara,Large,Retail,190.14852316875476,2184,20.753067028996945,2,6,0,1,10,0,1,1,0,0,1,LinkedIn,5,1,Other,Data Analytics,1,Data Analytics
CUST_03739,51,Male,Kolkata,Large,Logistics,161.74988357896652,1468,22.744862432664824,3,4,1,1,3,1,1,1,1,0,2,Referral,15,1,Other,AI Solutions,1,AI Solutions
CUST_03740,55,Female,Kolkata,Large,Real Estate,515.4409397203274,4308,50.39662728567816,8,6,0,2,6,1,1,0,1,1,1,Website,5,1,Other,Cybersecurity,1,Cybersecurity
CUST_03741,43,Female,Vadodara,Medium,Logistics,40.77894142846642,466,5.269962843832358,9,6,1,8,1,2,0,1,0,0,6,Email Campaign,15,1,Other,Cloud Services,1,Cloud Services
CUST_03742,24,Male,Pune,Medium,IT,15.362661204769427,293,1.2157275696502363,10,4,0,7,6,1,1,0,0,1,3,Referral,5,1,Other,Cybersecurity,1,Cybersecurity
CUST_03743,27,Male,Ahmedabad,Medium,Retail,40.785651257483735,481,1.6481197381560917,4,9,0,2,7,2,0,0,1,0,1,Website,10,1,Other,Cybersecurity,1,Cybersecurity
CUST_03744,36,Male,Ahmedabad,Large,Finance,636.0048405759738,3005,94.95414304035408,8,3,1,5,5,3,0,0,1,0,0,LinkedIn,0,1,Other,Cybersecurity,1,Cybersecurity
CUST_03745,48,Male,Hyderabad,Medium,Retail,33.90621122931927,213,1.691098816645077,4,6,0,6,4,1,0,1,0,0,3,LinkedIn,0,1,Other,Cloud Services,1,Cloud Services
CUST_03746,31,Male,Mumbai,Small,Manufacturing,6.034911875269245,51,0.3631882669788983,9,2,1,1,3,3,1,1,0,0,1,Website,0,1,Other,Data Analytics,1,Data Analytics
CUST_03747,30,Female,Bangalore,Small,Real Estate,10.300133347553578,60,0.510602399688264,8,5,0,2,10,3,0,1,0,0,1,Referral,10,0,Other,Cloud Services,0,No Offer
CUST_03748,54,Male,Chennai,Large,Healthcare,827.3033619648486,4179,58.32285363711655,7,10,0,3,4,1,0,0,1,0,2,Website,0,1,Other,Cybersecurity,1,Cybersecurity
CUST_03749,53,Male,Kolkata,Small,IT,2.4177111320834506,20,0.1564588299145945,0,13,0,2,5,5,1,0,0,0,4,Referral,10,1,Other,Cybersecurity,1,Cybersecurity
CUST_03750,27,Female,Delhi,Medium,IT,28.64299366139898,200,2.9253739572477784,2,12,1,5,1,4,1,0,0,0,2,Email Campaign,0,1,Other,Cybersecurity,1,Cybersecurity
CUST_03751,57,Male,Bangalore,Large,Manufacturing,51.71949546390103,823,7.735953967403063,4,13,0,1,4,3,1,1,0,0,1,LinkedIn,15,1,Other,Data Analytics,1,Data Analytics
CUST_03752,23,Female,Pune,Medium,Manufacturing,34.900130091954146,206,1.266912646852862,2,6,0,6,1,2,0,0,0,1,0,Referral,10,1,Other,Cybersecurity,1,Cybersecurity
CUST_03753,50,Male,Hyderabad,Large,Manufacturing,423.5147155336458,3492,52.267295108275,9,11,0,6,6,4,1,0,0,0,2,LinkedIn,15,1,Other,Cybersecurity,1,Cybersecurity
CUST_03754,25,Female,Bangalore,Medium,Finance,62.61076612023216,458,2.83996367692212,0,10,1,3,4,1,1,1,0,0,1,LinkedIn,0,1,Other,Data Analytics,1,Data Analytics
CUST_03755,22,Male,Hyderabad,Small,Healthcare,9.416408651256946,70,0.3049052232430712,10,8,0,4,3,2,0,1,1,1,2,Website,10,0,Other,Cloud Services,1,Cloud Services
CUST_03756,40,Female,Kolkata,Large,Finance,881.8798431692973,4997,94.0341584121002,1,8,1,4,3,0,1,1,0,0,0,LinkedIn,5,1,Other,Data Analytics,1,Data Analytics
CUST_03757,47,Female,Kolkata,Small,Manufacturing,3.783340605190612,23,0.5099860941372555,1,9,1,8,7,1,1,1,0,0,1,Website,10,1,Other,Data Analytics,1,Data Analytics
CUST_03758,46,Male,Delhi,Small,Healthcare,10.216011926203835,76,0.522608475365147,3,9,0,2,5,3,0,0,1,0,2,Email Campaign,0,0,Other,Cybersecurity,0,No Offer
CUST_03759,31,Male,Ahmedabad,Small,Logistics,3.25685126218689,61,0.2312157721485947,5,6,1,3,6,2,0,0,0,0,1,Website,10,0,Other,Cybersecurity,0,No Offer
CUST_03760,36,Female,Pune,Small,Logistics,7.14189343997731,41,0.3588803203835944,1,12,1,2,2,4,1,0,0,0,0,Email Campaign,10,0,Other,Cybersecurity,0,No Offer
CUST_03761,43,Male,Surat,Small,Manufacturing,20.10647903781102,89,2.790395423911065,5,2,1,3,6,2,0,0,0,1,2,Referral,20,0,Other,Cybersecurity,0,No Offer
CUST_03762,42,Female,Vadodara,Small,Healthcare,3.874295972056811,19,0.2419236392802327,10,7,0,4,6,1,1,0,0,0,1,Email Campaign,15,1,Other,Cybersecurity,1,Cybersecurity
CUST_03763,43,Other,Delhi,Medium,Real Estate,47.04771715195314,191,3.922158674002782,0,10,1,3,3,0,1,0,0,0,3,Website,10,0,Other,Cybersecurity,0,No Offer
CUST_03764,57,Male,Kolkata,Large,IT,45.132739210402754,580,6.199837138304134,7,7,0,4,9,2,0,1,1,1,2,Email Campaign,5,1,Other,Cloud Services,1,Cloud Services
CUST_03765,55,Male,Mumbai,Small,Finance,7.276808812932947,77,0.7010790837087202,2,10,0,0,8,2,1,0,0,1,2,Email Campaign,0,0,Other,Cybersecurity,0,No Offer
CUST_03766,51,Male,Ahmedabad,Small,Education,11.3654514991965,72,1.613234644976516,7,6,0,3,6,1,1,0,1,0,0,Referral,10,1,Other,Cybersecurity,1,Cybersecurity
CUST_03767,46,Male,Vadodara,Medium,Manufacturing,12.827276941876493,132,1.81087863324756,2,10,0,2,3,3,1,0,0,0,4,LinkedIn,10,0,Other,Cybersecurity,0,No Offer
CUST_03768,49,Female,Mumbai,Medium,Manufacturing,17.812816308233785,313,1.5210741902542395,0,5,0,2,8,2,1,1,0,0,1,Website,10,1,Other,Data Analytics,1,Data Analytics
CUST_03769,22,Female,Delhi,Large,Retail,107.49710791181832,824,10.737446825390451,3,7,1,0,3,3,1,0,0,0,2,Email Campaign,10,1,Other,Cybersecurity,1,Cybersecurity
CUST_03770,25,Male,Bangalore,Small,Education,2.0430499897851337,19,0.1177567286403443,2,9,1,5,2,1,0,0,1,0,0,Email Campaign,15,0,Other,Cybersecurity,0,No Offer
CUST_03771,28,Male,Surat,Large,Real Estate,178.17226127450056,1734,26.52348864333808,7,7,0,0,6,3,0,0,1,0,1,Referral,10,1,Other,Cybersecurity,1,Cybersecurity
CUST_03772,30,Male,Hyderabad,Medium,IT,39.22343383499051,163,2.486687228830222,0,3,0,2,4,3,0,1,0,0,2,Website,0,1,Other,Cloud Services,1,Cloud Services
CUST_03773,57,Male,Vadodara,Medium,Manufacturing,40.346310003526135,413,5.002814887906717,8,5,0,6,6,2,1,0,1,1,0,Website,10,0,Other,Cybersecurity,0,No Offer
CUST_03774,40,Female,Vadodara,Small,Real Estate,1.973049370174469,26,0.1332918899480377,10,7,0,2,9,0,0,0,0,0,2,LinkedIn,10,1,Other,Cybersecurity,0,No Offer
CUST_03775,22,Male,Delhi,Small,Finance,1.876596289539256,25,0.1267923623869775,8,7,0,2,2,3,1,0,1,0,1,Referral,15,0,Other,Cybersecurity,0,No Offer
CUST_03776,31,Female,Vadodara,Small,IT,18.38003887870041,87,0.7804817220592924,5,9,1,4,6,2,1,0,1,0,2,Email Campaign,15,1,Other,Cybersecurity,1,Cybersecurity
CUST_03777,57,Female,Hyderabad,Small,Manufacturing,2.315635378864177,12,0.2250508071209337,4,9,0,5,4,1,0,0,1,0,1,Website,0,1,Other,Cybersecurity,1,Cybersecurity
CUST_03778,30,Female,Hyderabad,Medium,Finance,13.88919475775448,183,0.8247387260037259,10,4,0,2,7,1,1,0,0,0,1,Email Campaign,10,1,Other,Cybersecurity,1,Cybersecurity
CUST_03779,53,Male,Mumbai,Large,Retail,253.8545854323689,2702,12.136120328278723,4,9,1,3,6,1,1,1,0,0,1,Cold Call,10,1,Other,Data Analytics,1,Data Analytics
CUST_03780,53,Female,Bangalore,Medium,Retail,38.49744012592027,193,2.202053703861393,5,10,0,3,5,3,1,0,0,0,0,LinkedIn,5,0,Other,Cybersecurity,0,No Offer
CUST_03781,27,Female,Hyderabad,Medium,Logistics,46.27116628901297,441,2.7823397756155464,6,6,0,2,4,4,1,0,1,0,2,Website,0,0,Other,Cybersecurity,0,No Offer
CUST_03782,59,Female,Surat,Medium,Finance,75.37037499962996,306,6.820266344249119,7,5,0,3,3,0,0,1,1,0,2,Website,20,0,Other,Cloud Services,0,No Offer
CUST_03783,38,Male,Vadodara,Small,IT,6.32456053296727,40,0.4826320486804814,2,11,1,3,8,0,0,1,1,1,3,Website,5,0,Other,Cloud Services,0,No Offer
CUST_03784,31,Male,Mumbai,Large,Finance,200.14120900168797,2264,7.817282203444111,9,8,0,4,3,2,1,0,0,0,1,Cold Call,10,0,Other,Cybersecurity,0,No Offer
CUST_03785,48,Female,Kolkata,Medium,Education,66.97203065256909,302,6.3170316416996455,0,10,1,1,4,3,1,0,0,0,1,LinkedIn,15,1,Other,Cybersecurity,1,Cybersecurity
CUST_03786,56,Male,Mumbai,Small,Finance,3.189063057024517,28,0.3971330472459681,4,8,0,3,6,2,0,0,0,0,2,Website,5,0,Other,Cybersecurity,0,No Offer
CUST_03787,42,Male,Surat,Small,Retail,10.66838563027468,99,1.0551910255738366,10,10,0,4,7,2,1,1,1,0,0,Referral,15,1,Other,AI Solutions,1,AI Solutions
CUST_03788,46,Other,Ahmedabad,Medium,Retail,26.215831998698032,227,3.852280983441088,0,7,1,3,8,2,1,1,1,1,2,LinkedIn,0,1,Other,Advanced IT Solutions,1,Advanced IT Solutions
CUST_03789,49,Male,Mumbai,Medium,Retail,87.15768444789204,428,3.6517348399646,1,8,1,2,9,1,1,1,0,0,2,Referral,10,1,Other,Data Analytics,1,Data Analytics
CUST_03790,36,Male,Kolkata,Small,Education,5.671053526193705,67,0.7289474683755244,7,5,0,5,3,1,0,0,0,0,1,Email Campaign,5,0,Other,Cybersecurity,0,No Offer
CUST_03791,25,Male,Hyderabad,Large,Manufacturing,556.6032724098865,4405,50.47452156012236,2,5,0,3,6,0,1,1,0,1,0,Website,10,0,Other,Data Analytics,0,No Offer
CUST_03792,50,Female,Chennai,Medium,Logistics,7.694817974292846,137,0.7124741329263241,10,7,0,1,8,0,1,0,1,1,1,Email Campaign,20,1,Other,Cybersecurity,1,Cybersecurity
CUST_03793,30,Male,Chennai,Medium,Education,43.926365987864,204,4.054051825279002,9,9,0,6,6,2,1,1,0,0,2,Website,10,1,Other,Data Analytics,1,Data Analytics
CUST_03794,48,Female,Chennai,Small,Manufacturing,7.679343961991068,65,0.5301685400774762,3,7,0,2,5,3,1,1,1,0,2,Email Campaign,10,1,Other,AI Solutions,1,AI Solutions
CUST_03795,47,Male,Ahmedabad,Small,Education,5.081363782045419,51,0.3503427648183611,10,10,0,5,4,1,0,0,1,1,2,Website,15,0,Other,Cybersecurity,1,Cybersecurity
CUST_03796,40,Male,Kolkata,Large,Healthcare,307.22647832740984,1851,32.511117864976804,5,6,0,2,6,1,1,1,0,0,0,Referral,0,0,Other,Data Analytics,1,Data Analytics
CUST_03797,49,Female,Surat,Large,Manufacturing,632.3956254201609,3311,22.36897806274596,7,6,0,4,5,7,1,0,0,0,2,Referral,0,1,Other,Cybersecurity,1,Cybersecurity
CUST_03798,38,Male,Delhi,Small,IT,11.05411878670261,52,1.112644869767358,0,10,1,4,4,1,1,0,0,0,3,LinkedIn,15,1,Other,Cybersecurity,1,Cybersecurity
CUST_03799,41,Other,Chennai,Small,IT,5.140950531291985,43,0.6012387204694372,1,2,0,3,9,2,0,1,1,0,1,Cold Call,0,0,Other,Cloud Services,0,No Offer
CUST_03800,60,Male,Delhi,Small,Logistics,14.659751732057162,69,1.0666311517161668,10,13,0,3,6,1,0,0,1,1,4,Email Campaign,5,0,Other,Cybersecurity,0,No Offer
CUST_03801,44,Male,Ahmedabad,Small,Real Estate,13.153810406834827,92,0.7377029488764719,5,12,1,3,3,2,1,1,0,0,1,Website,10,1,Other,Data Analytics,1,Data Analytics
CUST_03802,53,Male,Delhi,Medium,Retail,7.654901432485905,109,0.4256617370397338,7,9,1,6,9,1,0,0,0,0,2,Referral,5,0,Other,Cybersecurity,0,No Offer
CUST_03803,54,Male,Vadodara,Large,Education,418.3509354043414,1908,16.659051525714187,7,10,0,1,3,2,0,1,1,0,1,Website,10,1,Other,Cloud Services,1,Cloud Services
CUST_03804,26,Other,Ahmedabad,Small,Finance,3.190539128418457,20,0.1300665336729271,2,11,0,8,2,5,1,1,1,0,2,LinkedIn,0,1,Other,AI Solutions,1,AI Solutions
CUST_03805,55,Female,Delhi,Small,Retail,3.750866116568496,22,0.1875528487195508,3,10,0,2,3,2,0,0,1,0,2,Website,10,0,Other,Cybersecurity,0,No Offer
CUST_03806,32,Male,Mumbai,Large,Logistics,633.6453415091108,2668,20.46721888168354,9,8,0,5,7,3,0,0,1,1,2,Email Campaign,0,1,Other,Cybersecurity,1,Cybersecurity
CUST_03807,24,Female,Chennai,Small,Finance,14.726557025894447,91,0.912284420122891,3,12,0,4,2,0,0,1,1,0,5,Email Campaign,0,0,Other,Cloud Services,0,No Offer
CUST_03808,54,Female,Bangalore,Large,Education,191.12536424100017,3739,12.76110027352502,3,5,1,5,4,2,1,0,0,1,0,Website,10,1,Other,Cybersecurity,1,Cybersecurity
CUST_03809,32,Male,Pune,Medium,Retail,23.75705582926578,106,3.549934900292389,1,8,1,2,2,2,0,0,0,1,2,Cold Call,0,1,Other,Cybersecurity,1,Cybersecurity
CUST_03810,37,Male,Ahmedabad,Large,Retail,521.3823033153735,4875,77.6872815189127,5,4,0,3,8,7,1,0,1,0,2,Email Campaign,10,0,Other,Cybersecurity,0,No Offer
CUST_03811,39,Female,Hyderabad,Small,Real Estate,7.066609055369637,47,0.3706144006437361,7,11,0,6,2,0,1,1,0,0,0,Email Campaign,15,1,Other,Data Analytics,1,Data Analytics
CUST_03812,51,Female,Pune,Small,Real Estate,1.0917278461474087,12,0.060660612078737,8,10,0,5,8,5,1,0,0,0,3,Email Campaign,0,1,Other,Cybersecurity,1,Cybersecurity
CUST_03813,31,Other,Surat,Medium,IT,51.4164554347675,470,4.57754350064287,0,5,0,4,5,1,0,1,0,0,1,LinkedIn,0,0,Other,Cloud Services,0,No Offer
CUST_03814,39,Female,Ahmedabad,Medium,Finance,87.29567263984757,466,4.177457598224024,0,9,0,2,2,3,0,0,0,1,2,Website,20,0,Other,Cybersecurity,0,No Offer
CUST_03815,59,Female,Ahmedabad,Small,Healthcare,6.116160159341226,45,0.5534190944100443,8,10,0,1,2,2,0,1,0,1,1,Email Campaign,5,0,Other,Cloud Services,0,No Offer
CUST_03816,40,Male,Delhi,Large,Healthcare,386.8146080863918,2205,30.143210899141494,10,9,0,0,5,4,1,0,0,0,2,LinkedIn,10,1,Other,Cybersecurity,1,Cybersecurity
CUST_03817,57,Male,Ahmedabad,Large,Retail,417.8356590590005,1946,28.811752127065404,3,9,1,2,4,1,0,0,1,0,1,Referral,15,1,Other,Cybersecurity,1,Cybersecurity
CUST_03818,34,Male,Chennai,Medium,Real Estate,45.84778892166039,388,5.901189056108168,10,10,1,1,6,2,1,0,1,0,0,Website,15,1,Other,Cybersecurity,1,Cybersecurity
CUST_03819,24,Female,Kolkata,Small,Education,11.947764559560198,73,1.545731573641393,6,5,0,3,2,0,1,0,0,0,1,Email Campaign,0,0,Other,Cybersecurity,0,No Offer
CUST_03820,31,Female,Kolkata,Medium,Retail,95.15463892635243,463,14.134911031388564,1,8,1,3,3,1,1,1,0,0,2,Website,15,1,Other,Data Analytics,1,Data Analytics
CUST_03821,59,Female,Surat,Medium,Logistics,30.49789289151224,158,1.731382875780914,9,8,0,3,4,3,1,1,0,0,2,Cold Call,10,0,Other,Data Analytics,0,No Offer
CUST_03822,22,Female,Vadodara,Small,IT,12.479526288513243,79,1.7046196739074129,0,3,0,2,3,6,1,0,0,1,1,Cold Call,10,1,Other,Cybersecurity,0,No Offer
CUST_03823,48,Female,Bangalore,Large,Real Estate,223.3310258824654,1763,21.114052765368445,10,8,0,3,8,5,0,1,0,0,1,Email Campaign,5,1,Other,Cloud Services,1,Cloud Services
CUST_03824,29,Other,Vadodara,Small,Logistics,1.315003962466035,10,0.1327826983747751,6,12,1,5,8,1,1,0,0,0,0,Email Campaign,5,0,Other,Cybersecurity,0,No Offer
CUST_03825,38,Male,Chennai,Small,Finance,11.066790434339502,81,1.522294413518818,5,10,1,4,3,4,1,0,0,1,2,Referral,0,1,Other,Cybersecurity,1,Cybersecurity
CUST_03826,30,Female,Chennai,Small,Logistics,7.545453664721514,63,1.0798728495831036,2,3,0,6,5,4,1,1,0,0,2,Cold Call,20,1,Other,Data Analytics,1,Data Analytics
CUST_03827,27,Female,Mumbai,Medium,Real Estate,47.07415149052903,248,5.517907334718478,9,8,0,0,4,1,0,0,0,0,0,Referral,10,1,Other,Cybersecurity,1,Cybersecurity
CUST_03828,46,Male,Kolkata,Medium,Retail,30.78405068629004,410,2.2084814072526906,3,6,1,3,9,3,1,1,0,0,2,LinkedIn,10,1,Other,Data Analytics,1,Data Analytics
CUST_03829,60,Other,Pune,Small,Logistics,11.200577910598946,46,0.9941650735509828,0,8,0,2,10,5,0,1,1,0,1,LinkedIn,10,0,Other,Cloud Services,1,Cloud Services
CUST_03830,49,Female,Hyderabad,Small,Education,13.994202826812948,68,1.4526887075629784,6,3,0,6,4,1,1,1,0,0,0,Website,5,0,Other,Data Analytics,0,No Offer
CUST_03831,54,Male,Ahmedabad,Small,Healthcare,3.288978313000644,30,0.4257148434911329,8,11,1,1,5,0,1,0,0,0,1,LinkedIn,0,0,Other,Cybersecurity,0,No Offer
CUST_03832,58,Male,Bangalore,Small,Finance,1.6967759017696868,29,0.1848700543862063,0,9,1,3,7,3,0,1,0,0,0,Referral,10,0,Other,Cloud Services,0,No Offer
CUST_03833,30,Female,Hyderabad,Medium,Retail,48.64194052237367,253,3.592387963866718,1,9,0,1,3,2,0,0,0,0,1,LinkedIn,15,0,Other,Cybersecurity,0,No Offer
CUST_03834,39,Female,Vadodara,Small,Finance,13.387283011589734,68,1.0729325544322263,1,7,1,2,7,1,0,1,0,1,1,Referral,10,1,Other,Cloud Services,1,Cloud Services
CUST_03835,42,Female,Hyderabad,Small,Real Estate,8.980807317904066,37,0.323780773565832,5,6,0,1,4,2,0,0,1,0,1,Website,10,0,Other,Cybersecurity,0,No Offer
CUST_03836,23,Male,Mumbai,Large,IT,362.2650370080587,3596,51.04754279023596,4,13,0,5,5,2,0,0,0,1,3,Website,10,1,Other,Cybersecurity,1,Cybersecurity
CUST_03837,59,Male,Bangalore,Medium,Logistics,18.03369988906893,271,0.7317044175806614,5,11,1,4,8,1,0,0,0,0,1,Website,15,1,Other,Cybersecurity,1,Cybersecurity
CUST_03838,57,Male,Bangalore,Medium,Healthcare,66.64570814149434,286,6.637359030440213,0,7,0,1,2,1,1,1,0,0,5,LinkedIn,0,0,Other,Data Analytics,0,No Offer
CUST_03839,58,Male,Mumbai,Small,Education,7.528005712269074,74,1.0132562122971842,5,7,1,1,7,2,0,0,1,0,1,Website,15,0,Other,Cybersecurity,1,Cybersecurity
CUST_03840,36,Male,Chennai,Small,Finance,8.743783025914938,45,0.7039080217662611,10,5,0,1,7,2,1,0,1,1,1,Website,0,0,Other,Cybersecurity,0,No Offer
CUST_03841,49,Female,Mumbai,Medium,Healthcare,7.269435525167664,117,0.916058342975901,5,7,0,6,5,1,1,1,1,0,1,Website,10,0,Other,AI Solutions,0,No Offer
CUST_03842,39,Male,Chennai,Small,Logistics,18.19052648957101,90,2.3003363174111877,6,7,0,0,3,4,0,0,0,0,2,Email Campaign,0,0,Other,Cybersecurity,0,No Offer
CUST_03843,55,Male,Pune,Small,Retail,3.0916123565245512,41,0.1149508609816108,1,9,1,2,5,1,1,0,1,1,3,Website,0,1,Other,Cybersecurity,1,Cybersecurity
CUST_03844,43,Male,Surat,Large,Real Estate,587.3982394034441,3106,46.67304704715154,5,6,1,6,2,1,0,0,1,0,2,Website,15,1,Other,Cybersecurity,1,Cybersecurity
CUST_03845,32,Male,Chennai,Large,Education,346.4215015894877,2214,39.11897545585249,8,9,0,0,0,0,1,1,0,0,2,Email Campaign,20,1,Other,Data Analytics,1,Data Analytics
CUST_03846,34,Female,Hyderabad,Small,Education,14.465857565607124,60,1.167140411511192,8,12,1,2,4,1,1,1,0,0,2,Website,0,1,Other,Data Analytics,1,Data Analytics
CUST_03847,25,Female,Chennai,Small,Manufacturing,4.13161406031374,72,0.3942389019454575,1,7,0,2,6,3,1,0,0,1,1,LinkedIn,5,1,Other,Cybersecurity,0,No Offer
CUST_03848,43,Female,Surat,Large,Finance,408.5963445840839,3769,41.405089557288974,4,11,0,5,6,3,1,0,1,0,4,Website,0,1,Other,Cybersecurity,1,Cybersecurity
CUST_03849,28,Male,Vadodara,Small,Real Estate,3.450696307209834,54,0.1661424874356721,6,7,0,5,8,1,0,1,0,0,1,LinkedIn,0,0,Other,Cloud Services,0,No Offer
CUST_03850,45,Male,Ahmedabad,Medium,Healthcare,109.75801014530067,486,8.718928792853847,4,7,0,1,5,1,1,0,1,0,1,Email Campaign,5,0,Other,Cybersecurity,1,Cybersecurity
CUST_03851,25,Male,Mumbai,Large,Finance,226.67184987337356,1343,7.574372829685581,2,7,0,1,5,1,0,1,0,1,1,Website,5,1,Other,Cloud Services,1,Cloud Services
CUST_03852,49,Male,Ahmedabad,Large,Retail,333.612085252107,2125,15.998410912311702,0,8,0,3,7,2,0,1,0,0,2,Cold Call,5,1,Other,Cloud Services,1,Cloud Services
CUST_03853,36,Female,Mumbai,Medium,Retail,35.24670923154702,462,3.2240336798875995,6,7,0,3,6,4,0,1,0,0,2,Website,10,1,Other,Cloud Services,1,Cloud Services
CUST_03854,22,Male,Pune,Small,Real Estate,4.877612898266136,33,0.4820560423653274,7,6,0,5,5,4,1,0,0,0,3,Referral,0,0,Other,Cybersecurity,1,Cybersecurity
CUST_03855,24,Female,Kolkata,Small,Logistics,2.724555351738425,21,0.1295475087626655,5,6,0,2,5,2,0,1,0,0,5,Cold Call,0,1,Other,Cloud Services,1,Cloud Services
CUST_03856,35,Male,Hyderabad,Large,Education,113.60297512231588,1004,13.708960912375565,6,4,0,3,7,0,1,1,0,0,2,Website,10,1,Other,Data Analytics,1,Data Analytics
CUST_03857,59,Female,Hyderabad,Large,Real Estate,124.5026147797288,609,9.30763452192469,8,10,0,5,2,6,1,0,1,0,2,LinkedIn,10,1,Other,Cybersecurity,1,Cybersecurity
CUST_03858,22,Female,Vadodara,Medium,Education,11.95299992960428,192,1.6791334220242102,1,4,0,3,4,3,1,0,0,0,1,Website,5,0,Other,Cybersecurity,0,No Offer
CUST_03859,59,Female,Kolkata,Medium,Healthcare,41.60621774960616,232,3.1836880939981924,4,10,1,6,7,1,0,1,0,0,0,Email Campaign,10,0,Other,Cloud Services,1,Cloud Services
CUST_03860,59,Female,Kolkata,Medium,IT,84.55185085873428,394,4.056570966121741,2,11,1,1,4,2,1,0,0,0,1,LinkedIn,5,1,Other,Cybersecurity,1,Cybersecurity
CUST_03861,42,Female,Mumbai,Medium,Finance,91.42727534596564,395,11.058719119968588,1,7,0,3,9,3,1,0,1,0,1,LinkedIn,5,1,Other,Cybersecurity,1,Cybersecurity
CUST_03862,50,Female,Hyderabad,Large,Finance,409.72008708237576,2057,40.20832982064461,2,9,0,6,3,2,1,0,0,0,4,Cold Call,15,1,Other,Cybersecurity,1,Cybersecurity
CUST_03863,26,Male,Hyderabad,Medium,Retail,48.02750223301104,451,3.669425090649348,3,6,0,4,9,2,1,1,0,0,1,Referral,0,1,Other,Data Analytics,1,Data Analytics
CUST_03864,31,Male,Kolkata,Medium,Finance,77.39617890765702,455,5.627852283765561,1,10,0,2,4,1,0,0,1,1,2,Cold Call,10,0,Other,Cybersecurity,0,No Offer
CUST_03865,49,Female,Mumbai,Small,Healthcare,2.9746674429491,38,0.1430585301341931,1,10,0,2,6,0,0,0,0,0,3,Referral,10,1,Other,Cybersecurity,1,Cybersecurity
CUST_03866,42,Female,Chennai,Medium,Manufacturing,34.72393500625581,473,2.461932384429017,7,8,0,0,4,1,0,0,0,0,2,Website,0,0,Other,Cybersecurity,0,No Offer
CUST_03867,28,Male,Chennai,Medium,Real Estate,69.66813274365956,392,2.3353661633810634,2,7,0,2,7,0,1,0,1,0,5,Website,0,0,Other,Cybersecurity,1,Cybersecurity
CUST_03868,24,Male,Surat,Small,Education,2.642658371002087,12,0.2386009459908395,2,8,0,3,6,2,0,0,0,0,0,Referral,0,0,Other,Cybersecurity,0,No Offer
CUST_03869,41,Other,Delhi,Large,Retail,143.71340094192738,2265,19.77594826522856,3,5,0,0,5,1,1,1,0,1,0,Cold Call,10,0,Other,Data Analytics,0,No Offer
CUST_03870,40,Male,Bangalore,Medium,Real Estate,27.83949185282396,391,3.49217738216911,10,10,0,4,6,1,1,0,1,1,2,Website,15,1,Other,Cybersecurity,1,Cybersecurity
CUST_03871,56,Male,Pune,Large,Education,567.3364430478607,3478,18.96182704023248,4,4,1,4,7,3,0,0,0,0,2,Referral,0,1,Other,Cybersecurity,1,Cybersecurity
CUST_03872,25,Male,Mumbai,Small,Education,2.060132188485097,22,0.2796654974041606,2,9,0,1,2,2,0,0,0,0,1,Cold Call,0,0,Other,Cybersecurity,0,No Offer
CUST_03873,26,Female,Chennai,Medium,Education,65.49817733110123,380,5.520119542342177,5,10,0,3,4,2,0,1,0,0,2,Referral,0,0,Other,Cloud Services,0,No Offer
CUST_03874,22,Male,Vadodara,Small,Manufacturing,8.175971324493982,88,0.4325659174141455,9,9,0,3,6,3,0,1,1,0,3,Referral,15,1,Other,Cloud Services,1,Cloud Services
CUST_03875,25,Female,Bangalore,Large,Real Estate,205.3032020062545,2801,24.695806096208308,2,9,0,3,9,1,0,1,1,0,1,LinkedIn,0,0,Other,Cloud Services,0,No Offer
CUST_03876,33,Male,Bangalore,Small,Finance,6.68282985018455,42,0.4594099753805234,7,15,1,4,3,2,1,0,0,1,1,Email Campaign,15,0,Other,Cybersecurity,0,No Offer
CUST_03877,48,Female,Bangalore,Medium,IT,24.02341498150457,108,1.450971281622375,3,4,0,0,7,1,1,0,0,0,1,Email Campaign,15,0,Other,Cybersecurity,0,No Offer
CUST_03878,44,Female,Kolkata,Medium,Education,61.53102576750487,329,3.037061218358935,4,6,1,2,8,4,1,0,0,0,2,Website,10,1,Other,Cybersecurity,1,Cybersecurity
CUST_03879,46,Male,Surat,Small,Healthcare,13.679681760460348,64,1.2092103917014196,2,5,0,5,5,6,0,1,0,0,2,Website,0,1,Other,Cloud Services,1,Cloud Services
CUST_03880,42,Male,Vadodara,Large,Education,484.83872875225535,4695,19.978885224324667,4,7,0,4,4,5,1,0,1,0,2,Email Campaign,20,1,Other,Cybersecurity,1,Cybersecurity
CUST_03881,45,Male,Delhi,Large,Education,179.25743117467067,789,22.27696190588399,10,6,0,3,1,1,0,1,1,1,3,Email Campaign,15,0,Other,Cloud Services,0,No Offer
CUST_03882,46,Male,Vadodara,Small,Real Estate,7.775285764745757,62,0.6724140932362224,6,7,1,2,2,1,0,0,0,0,1,LinkedIn,0,1,Other,Cybersecurity,1,Cybersecurity
CUST_03883,53,Female,Vadodara,Small,Finance,9.922029010712942,45,0.8298504272952099,2,7,0,1,7,3,1,0,0,1,1,Cold Call,5,0,Other,Cybersecurity,0,No Offer
CUST_03884,53,Male,Mumbai,Small,Logistics,2.0192916524164333,14,0.0610279910341424,2,12,0,2,3,2,0,0,0,0,3,Cold Call,0,0,Other,Cybersecurity,0,No Offer
CUST_03885,26,Female,Surat,Small,Healthcare,3.521432002051374,34,0.4512491965829623,0,4,0,4,4,5,1,0,0,0,1,Referral,15,1,Other,Cybersecurity,1,Cybersecurity
CUST_03886,57,Male,Ahmedabad,Large,Finance,237.47445995986945,2327,21.168579531994435,1,7,0,2,6,2,0,0,1,0,1,LinkedIn,10,1,Other,Cybersecurity,1,Cybersecurity
CUST_03887,60,Male,Surat,Large,Education,305.8077887523802,1870,25.31701410874024,3,11,0,3,4,0,0,0,0,0,0,Email Campaign,0,1,Other,Cybersecurity,1,Cybersecurity
CUST_03888,37,Male,Ahmedabad,Small,Real Estate,1.8424575131583367,28,0.2236120416704409,8,12,0,3,8,1,1,0,0,0,1,Referral,0,1,Other,Cybersecurity,1,Cybersecurity
CUST_03889,54,Female,Delhi,Medium,Logistics,63.25101202994407,268,2.3749379871989125,2,7,0,3,5,1,0,0,0,1,2,Website,0,0,Other,Cybersecurity,0,No Offer
CUST_03890,42,Male,Mumbai,Medium,Finance,12.515123896764855,120,0.9261398775293924,9,8,1,3,5,2,1,1,0,0,1,Email Campaign,15,0,Other,Data Analytics,0,No Offer
CUST_03891,30,Female,Kolkata,Small,Finance,7.378872704857778,63,0.7311582913041125,4,10,1,7,5,1,1,1,1,0,0,LinkedIn,0,1,Other,AI Solutions,1,AI Solutions
CUST_03892,27,Male,Bangalore,Small,Retail,5.31631709115356,55,0.4533186769656701,8,5,0,2,3,2,0,0,0,0,2,LinkedIn,5,1,Other,Cybersecurity,0,No Offer
CUST_03893,56,Male,Mumbai,Small,Manufacturing,0.7590238816821642,15,0.0393149070816192,3,7,0,4,8,1,0,0,0,0,2,Referral,15,1,Other,Cybersecurity,1,Cybersecurity
CUST_03894,60,Female,Kolkata,Medium,Logistics,70.12573761857456,372,4.622210430916381,3,10,0,5,9,1,1,0,1,0,0,LinkedIn,5,1,Other,Cybersecurity,1,Cybersecurity
CUST_03895,43,Female,Mumbai,Medium,IT,70.60644368687478,420,4.661724562804164,5,6,0,5,6,2,0,0,1,0,4,Referral,0,1,Other,Cybersecurity,0,No Offer
CUST_03896,26,Male,Kolkata,Medium,Logistics,105.11673838755388,496,15.666230395110318,6,5,1,4,7,1,0,0,0,0,2,Website,10,0,Other,Cybersecurity,0,No Offer
CUST_03897,44,Female,Mumbai,Small,Manufacturing,2.502692651678432,43,0.1730453154186821,10,12,0,3,0,1,1,1,1,0,3,Website,10,0,Other,AI Solutions,0,No Offer
CUST_03898,38,Male,Surat,Large,Manufacturing,1053.0109530047484,4467,57.51740369619999,5,11,0,5,4,2,1,1,0,0,3,Email Campaign,10,1,Other,Data Analytics,1,Data Analytics
CUST_03899,33,Female,Surat,Medium,Healthcare,43.56652050452742,375,5.607728222955565,10,7,0,3,7,2,1,0,0,0,1,Email Campaign,10,1,Other,Cybersecurity,1,Cybersecurity
CUST_03900,44,Female,Surat,Large,Retail,913.9402979570528,3929,73.60925481338485,3,4,0,3,5,1,0,0,1,0,2,Website,20,1,Other,Cybersecurity,1,Cybersecurity
CUST_03901,37,Female,Bangalore,Small,Retail,3.642741117088904,51,0.3033078971475831,6,12,1,3,3,2,1,1,1,0,1,Website,0,1,Other,AI Solutions,1,AI Solutions
CUST_03902,24,Female,Pune,Large,Finance,476.0879585239581,2395,45.64097559921627,10,7,1,3,7,2,1,1,0,0,3,LinkedIn,5,1,Other,Data Analytics,1,Data Analytics
CUST_03903,51,Male,Hyderabad,Large,Manufacturing,565.2905705442738,3408,57.367215458838494,9,3,0,2,7,2,1,1,0,1,2,LinkedIn,5,1,Other,Data Analytics,1,Data Analytics
CUST_03904,43,Female,Ahmedabad,Small,Logistics,8.271400527435143,68,0.8343086443887174,2,9,0,5,5,3,1,0,0,0,1,Referral,15,0,Other,Cybersecurity,0,No Offer
CUST_03905,30,Male,Surat,Small,IT,6.122048564354159,93,0.2090065340574826,2,9,0,2,5,3,1,0,0,0,4,Website,5,1,Other,Cybersecurity,1,Cybersecurity
CUST_03906,50,Male,Pune,Large,Healthcare,417.6242587111174,2443,53.56494344615937,6,11,1,2,8,1,0,0,1,0,0,Website,0,1,Other,Cybersecurity,1,Cybersecurity
CUST_03907,58,Male,Ahmedabad,Medium,Logistics,18.79791204902609,340,1.0034765001276145,5,7,0,3,1,2,1,1,0,0,3,Referral,0,0,Other,Data Analytics,0,No Offer
CUST_03908,44,Female,Mumbai,Large,Retail,543.627726942051,3618,35.37986617824668,1,13,0,4,1,2,1,0,0,0,2,Email Campaign,15,1,Other,Cybersecurity,1,Cybersecurity
CUST_03909,34,Female,Delhi,Medium,Finance,24.772048698015997,145,1.2587060028155652,0,10,0,3,6,3,1,0,0,0,0,LinkedIn,15,1,Other,Cybersecurity,1,Cybersecurity
CUST_03910,53,Male,Kolkata,Medium,IT,73.09976679819164,372,8.921767977810825,5,10,0,5,6,1,0,1,0,0,3,Referral,5,1,Other,Cloud Services,1,Cloud Services
CUST_03911,44,Female,Pune,Small,Manufacturing,3.724003902674538,15,0.372545474163946,8,7,0,1,4,1,0,1,0,0,1,Email Campaign,5,0,Other,Cloud Services,0,No Offer
CUST_03912,38,Female,Vadodara,Small,Real Estate,7.753424445318027,76,0.9353385318638304,2,11,1,4,7,4,1,0,0,0,0,LinkedIn,0,1,Other,Cybersecurity,1,Cybersecurity
CUST_03913,42,Male,Chennai,Large,Real Estate,102.68673395440145,897,11.132043805577888,8,5,0,5,2,3,0,1,1,0,2,Website,5,1,Other,Cloud Services,1,Cloud Services
CUST_03914,23,Male,Pune,Small,Logistics,2.4828104565977664,21,0.1055170512997051,5,12,1,7,3,0,1,0,0,0,0,Cold Call,5,1,Other,Cybersecurity,1,Cybersecurity
CUST_03915,58,Female,Surat,Small,IT,6.085812813524778,31,0.4027589283036109,3,5,0,5,6,1,0,1,1,0,1,Cold Call,15,0,Other,Cloud Services,0,No Offer
CUST_03916,27,Male,Surat,Medium,Real Estate,110.61828350877224,468,10.052084653782684,9,10,0,2,7,1,1,1,0,0,1,LinkedIn,5,1,Other,Data Analytics,1,Data Analytics
CUST_03917,39,Male,Pune,Medium,Retail,53.87024498158858,220,3.5874029753427523,9,9,0,5,3,1,0,1,1,0,0,Website,15,1,Other,Cloud Services,1,Cloud Services
CUST_03918,51,Female,Kolkata,Small,Real Estate,21.2854423247347,89,1.1680699058534858,9,4,1,1,5,1,1,1,1,1,2,Website,0,1,Other,Advanced IT Solutions,1,Advanced IT Solutions
CUST_03919,43,Female,Ahmedabad,Small,Healthcare,5.8727916401192655,26,0.7891706844527785,1,5,0,1,6,5,1,0,1,0,2,Website,5,0,Other,Cybersecurity,0,No Offer
CUST_03920,54,Female,Mumbai,Medium,Logistics,40.70405786131671,164,4.873661333885267,8,12,1,3,7,1,0,0,0,0,5,Referral,0,1,Other,Cybersecurity,1,Cybersecurity
CUST_03921,51,Female,Chennai,Small,Real Estate,2.628972052704888,21,0.1877780285287489,4,4,0,4,4,1,1,0,0,0,1,Email Campaign,20,0,Other,Cybersecurity,0,No Offer
CUST_03922,38,Male,Mumbai,Medium,Manufacturing,91.79141311190092,383,11.180330291010694,4,11,1,1,9,3,0,0,1,1,2,Website,10,1,Other,Cybersecurity,1,Cybersecurity
CUST_03923,53,Male,Bangalore,Small,Healthcare,9.907995631479936,49,1.0433578557612309,1,10,0,4,4,2,0,1,1,0,3,Website,5,0,Other,Cloud Services,1,Cloud Services
CUST_03924,35,Female,Kolkata,Large,Education,411.34604191600266,4915,12.527250842932242,4,9,0,2,9,1,1,0,0,1,1,Email Campaign,10,1,Other,Cybersecurity,1,Cybersecurity
CUST_03925,31,Male,Surat,Large,Real Estate,59.86124706392119,1013,4.5273925024908,5,8,1,4,3,2,0,0,1,0,2,Cold Call,0,0,Other,Cybersecurity,0,No Offer
CUST_03926,57,Female,Bangalore,Medium,Real Estate,42.45383374934745,457,2.753491972127601,1,6,0,3,9,3,0,0,0,0,3,Cold Call,0,1,Other,Cybersecurity,1,Cybersecurity
CUST_03927,55,Male,Mumbai,Small,IT,17.077268663174596,83,0.9588721491224794,0,9,0,1,3,3,0,1,1,0,3,Website,15,0,Other,Cloud Services,0,No Offer
CUST_03928,30,Male,Mumbai,Medium,Real Estate,49.72770410113988,282,2.9931466762350025,5,12,1,2,4,3,1,1,0,0,2,Website,5,0,Other,Data Analytics,1,Data Analytics
CUST_03929,49,Male,Chennai,Small,Real Estate,1.802553777917404,19,0.2579162110620737,8,11,1,2,6,3,0,0,0,0,1,Email Campaign,0,0,Other,Cybersecurity,0,No Offer
CUST_03930,32,Female,Hyderabad,Small,IT,2.578995781625534,13,0.2278750334746867,8,5,1,5,5,3,1,1,0,0,0,LinkedIn,0,1,Other,Data Analytics,1,Data Analytics
CUST_03931,35,Male,Mumbai,Large,Finance,372.4605074972816,4759,49.062377552873535,8,6,1,1,9,1,0,0,1,0,2,LinkedIn,15,0,Other,Cybersecurity,0,No Offer
CUST_03932,60,Male,Ahmedabad,Medium,Manufacturing,24.2236155012065,113,1.3494021363382709,4,14,0,2,3,3,0,0,0,0,1,Website,5,0,Other,Cybersecurity,0,No Offer
CUST_03933,40,Male,Ahmedabad,Large,IT,375.4802869590753,1798,19.122631257309905,9,5,0,0,1,2,1,0,1,0,2,LinkedIn,15,0,Other,Cybersecurity,0,No Offer
CUST_03934,36,Female,Pune,Small,Retail,3.423212717976936,14,0.4677982802179074,0,5,1,1,4,0,1,0,0,0,1,Website,0,0,Other,Cybersecurity,0,No Offer
CUST_03935,49,Male,Chennai,Small,Education,7.9255353796604995,99,0.7092130643937078,2,5,1,3,8,1,0,0,1,0,3,Referral,5,0,Other,Cybersecurity,0,No Offer
CUST_03936,45,Male,Chennai,Large,Retail,950.9672040076844,4111,130.68025377261634,7,3,1,2,7,1,1,0,0,0,1,Referral,10,1,Other,Cybersecurity,1,Cybersecurity
CUST_03937,29,Male,Surat,Medium,Healthcare,36.53014461800962,309,1.3721987117996794,8,7,0,6,4,3,0,1,1,1,3,LinkedIn,5,1,Other,Cloud Services,1,Cloud Services
CUST_03938,30,Female,Mumbai,Medium,Education,47.956310265262445,360,6.712553256709251,3,8,0,3,13,2,0,1,0,1,1,Cold Call,5,0,Other,Cloud Services,0,No Offer
CUST_03939,54,Male,Hyderabad,Medium,Real Estate,27.157223377119884,189,2.1685976521396744,10,12,0,6,4,0,1,1,1,0,3,LinkedIn,10,1,Other,AI Solutions,1,AI Solutions
CUST_03940,54,Male,Vadodara,Small,Education,8.76904053202556,50,0.4265652281626969,2,10,1,2,7,4,0,0,0,0,1,Referral,10,0,Other,Cybersecurity,0,No Offer
CUST_03941,40,Male,Bangalore,Medium,Retail,123.23157364168624,495,13.802666115480992,1,9,0,5,6,4,0,1,0,0,2,Cold Call,10,0,Other,Cloud Services,0,No Offer
CUST_03942,24,Female,Chennai,Small,Real Estate,3.7398187334430255,22,0.469827152049076,4,7,0,3,4,1,1,0,1,0,0,Website,0,1,Other,Cybersecurity,0,No Offer
CUST_03943,31,Female,Pune,Medium,IT,82.60545372583658,351,2.9477729158150354,1,7,0,3,3,2,0,1,0,1,1,LinkedIn,15,1,Other,Cloud Services,1,Cloud Services
CUST_03944,22,Male,Pune,Medium,Retail,48.68471868096729,482,7.227904556135874,10,9,0,4,8,1,0,0,0,0,0,LinkedIn,20,0,Other,Cybersecurity,0,No Offer
CUST_03945,50,Female,Mumbai,Large,Manufacturing,431.9718491012528,3331,49.09067467950889,8,4,0,2,5,4,0,0,0,1,3,Website,15,0,Other,Cybersecurity,1,Cybersecurity
CUST_03946,55,Female,Mumbai,Medium,Healthcare,68.50855727302314,454,4.69751112856931,9,17,0,3,6,2,0,1,0,0,1,Referral,0,0,Other,Cloud Services,0,No Offer
CUST_03947,34,Male,Vadodara,Small,Logistics,8.249788652928059,72,0.3972706802661917,10,8,0,3,9,3,0,1,1,0,2,LinkedIn,15,1,Other,Cloud Services,1,Cloud Services
CUST_03948,22,Female,Delhi,Medium,Education,106.49206453730386,434,8.210939625498911,8,8,0,5,7,0,0,1,0,0,1,LinkedIn,0,0,Other,Cloud Services,0,No Offer
CUST_03949,55,Female,Delhi,Small,Real Estate,7.220058298839481,37,0.4077013803198226,2,7,1,0,2,4,0,1,1,0,1,LinkedIn,10,0,Other,Cloud Services,0,No Offer
CUST_03950,50,Female,Mumbai,Small,Manufacturing,13.411416880159107,92,1.197617892526598,3,9,0,2,2,3,0,1,1,0,2,Email Campaign,15,1,Other,Cloud Services,1,Cloud Services
CUST_03951,34,Male,Kolkata,Small,IT,2.002609402419588,10,0.2479773648373134,8,5,0,3,4,2,0,0,1,0,2,Referral,10,1,Other,Cybersecurity,1,Cybersecurity
CUST_03952,50,Male,Ahmedabad,Medium,IT,67.43959491376921,470,7.365458969944384,0,7,0,2,4,3,1,1,0,0,0,Email Campaign,10,0,Other,Data Analytics,0,No Offer
CUST_03953,60,Male,Ahmedabad,Small,Retail,1.1757914404188747,22,0.0967819667672271,6,10,0,3,5,0,1,0,0,0,1,Cold Call,5,1,Other,Cybersecurity,1,Cybersecurity
CUST_03954,45,Female,Vadodara,Medium,Finance,19.353919150572203,122,0.8568613064900505,1,5,1,5,2,4,0,0,0,1,1,Referral,20,1,Other,Cybersecurity,1,Cybersecurity
CUST_03955,47,Male,Vadodara,Large,Education,419.0386827428633,2394,60.70145359356223,8,8,0,0,1,0,1,0,1,1,1,Cold Call,10,1,Other,Cybersecurity,1,Cybersecurity
CUST_03956,38,Male,Surat,Medium,Education,93.07928085512329,378,5.812285714456071,10,12,0,1,3,2,0,1,1,0,1,Email Campaign,0,0,Other,Cloud Services,1,Cloud Services
CUST_03957,28,Male,Hyderabad,Small,Finance,2.3845013557370653,41,0.1510346628292604,2,10,0,0,4,0,0,0,1,1,3,Email Campaign,5,0,Other,Cybersecurity,0,No Offer
CUST_03958,34,Male,Pune,Small,IT,8.992744097970581,59,0.9663626784189604,5,5,0,6,8,3,1,1,1,1,3,LinkedIn,5,1,Other,Advanced IT Solutions,1,Advanced IT Solutions
CUST_03959,26,Female,Ahmedabad,Medium,IT,15.945487857242972,229,1.9527028545775489,4,12,1,1,3,2,1,0,0,0,0,Referral,15,0,Other,Cybersecurity,0,No Offer
CUST_03960,47,Male,Kolkata,Large,Logistics,40.53798359960958,508,6.003607747181703,1,15,1,5,5,3,0,0,1,0,3,Website,0,0,Other,Cybersecurity,0,No Offer
CUST_03961,24,Male,Mumbai,Small,Logistics,2.0651120135243426,12,0.3021252913298407,8,13,0,4,2,1,1,0,1,0,1,Referral,5,1,Other,Cybersecurity,1,Cybersecurity
CUST_03962,28,Female,Chennai,Large,Education,166.91136907156798,1733,23.30938348452267,2,6,1,1,7,1,0,0,0,0,1,Cold Call,0,1,Other,Cybersecurity,1,Cybersecurity
CUST_03963,60,Male,Kolkata,Medium,Logistics,44.9628350082761,225,3.69763690310288,5,6,0,4,6,1,0,0,0,1,1,Website,15,0,Other,Cybersecurity,0,No Offer
CUST_03964,22,Female,Surat,Medium,Logistics,40.96104992310662,268,2.0480672081673266,8,12,1,5,9,0,1,0,0,0,1,Email Campaign,10,1,Other,Cybersecurity,1,Cybersecurity
CUST_03965,38,Male,Kolkata,Large,Real Estate,47.66407170987205,509,4.772915432793245,7,7,1,4,3,3,1,0,0,0,0,Referral,10,1,Other,Cybersecurity,1,Cybersecurity
CUST_03966,46,Male,Chennai,Medium,Healthcare,38.08213389317453,256,1.2213237633664753,9,9,0,2,3,4,0,0,1,0,1,Email Campaign,0,0,Other,Cybersecurity,0,No Offer
CUST_03967,24,Female,Bangalore,Large,Education,38.48525690770572,767,2.0608801456203745,4,10,1,4,4,2,0,0,0,1,2,Referral,10,1,Other,Cybersecurity,1,Cybersecurity
CUST_03968,36,Female,Delhi,Small,IT,18.471484724720163,83,0.5597511474524749,5,8,0,2,4,1,0,1,0,0,2,Website,10,1,Other,Cloud Services,1,Cloud Services
CUST_03969,50,Male,Bangalore,Medium,Real Estate,19.07045017424838,363,0.9852616402704104,2,8,1,8,3,1,0,0,0,1,3,Referral,0,1,Other,Cybersecurity,1,Cybersecurity
CUST_03970,53,Female,Pune,Medium,IT,20.66359535637148,402,1.7971305515409632,4,10,0,4,2,4,0,0,1,0,3,Email Campaign,15,1,Other,Cybersecurity,1,Cybersecurity
CUST_03971,47,Female,Pune,Small,Logistics,11.7164536272432,68,0.904497534984502,5,8,0,1,6,1,1,1,0,0,2,Referral,0,0,Other,Data Analytics,1,Data Analytics
CUST_03972,37,Female,Ahmedabad,Medium,Healthcare,88.58291502720199,362,6.583091398504148,2,6,1,5,3,1,0,0,0,0,1,Referral,0,0,Other,Cybersecurity,0,No Offer
CUST_03973,46,Male,Chennai,Small,Logistics,4.20254724054512,19,0.5451306570581518,9,5,0,5,4,2,1,1,1,0,2,Cold Call,15,1,Other,AI Solutions,1,AI Solutions
CUST_03974,49,Male,Pune,Small,Logistics,8.032302601431226,80,0.8915820268943699,1,6,0,2,10,2,1,1,0,0,1,Referral,10,0,Other,Data Analytics,1,Data Analytics
CUST_03975,30,Female,Vadodara,Small,Manufacturing,1.0720003467544457,12,0.1526226313437976,9,8,1,3,4,4,0,0,0,1,2,Website,5,1,Other,Cybersecurity,1,Cybersecurity
CUST_03976,22,Female,Ahmedabad,Medium,Manufacturing,61.50307508046857,351,5.131873836778055,8,10,0,2,8,2,0,1,0,0,1,Website,10,0,Other,Cloud Services,0,No Offer
CUST_03977,50,Male,Surat,Large,Healthcare,1009.3521199477748,4705,63.25363560495485,6,5,1,5,10,1,1,1,0,0,2,Referral,10,1,Other,Data Analytics,1,Data Analytics
CUST_03978,43,Female,Ahmedabad,Medium,Healthcare,54.23017024174264,443,2.4252895132816894,3,5,0,2,6,1,1,0,0,0,5,Email Campaign,10,1,Other,Cybersecurity,1,Cybersecurity
CUST_03979,37,Male,Bangalore,Medium,Manufacturing,54.72483814743949,401,6.054935999564972,2,7,1,6,6,2,0,0,1,0,3,Referral,10,1,Other,Cybersecurity,1,Cybersecurity
CUST_03980,28,Male,Mumbai,Small,Manufacturing,1.6081538601821053,22,0.210682517489413,3,8,0,5,3,0,0,0,0,0,0,Website,5,0,Other,Cybersecurity,0,No Offer
CUST_03981,35,Male,Vadodara,Large,Manufacturing,189.65067912702312,2354,9.871075799563842,8,9,0,2,6,1,1,1,0,0,1,Website,0,1,Other,Data Analytics,1,Data Analytics
CUST_03982,50,Female,Vadodara,Medium,Manufacturing,61.86738058396718,378,8.379957075594545,8,2,1,2,9,4,1,1,0,0,5,Website,0,1,Other,Data Analytics,1,Data Analytics
CUST_03983,40,Male,Hyderabad,Medium,Education,11.284996663949984,160,1.0512329215722718,5,6,1,3,1,2,1,0,0,0,2,Email Campaign,0,1,Other,Cybersecurity,1,Cybersecurity
CUST_03984,40,Female,Vadodara,Medium,Education,36.61573610846799,405,1.7315462918317608,10,7,0,1,5,4,0,0,1,0,1,Website,15,1,Other,Cybersecurity,1,Cybersecurity
CUST_03985,23,Female,Vadodara,Small,Logistics,9.305798861028174,96,0.9970567814309496,8,13,1,4,3,2,1,1,1,0,2,Referral,5,1,Other,AI Solutions,1,AI Solutions
CUST_03986,36,Female,Bangalore,Medium,Retail,55.23639284380498,398,5.104192289039825,8,5,0,1,2,3,1,0,0,0,1,LinkedIn,15,1,Other,Cybersecurity,1,Cybersecurity
CUST_03987,24,Other,Kolkata,Large,Logistics,148.21983881159122,2507,4.947878465127581,5,7,0,2,5,2,1,0,0,0,0,Email Campaign,10,0,Other,Cybersecurity,1,Cybersecurity
CUST_03988,32,Female,Vadodara,Small,Healthcare,10.646747798039728,71,0.8294794392378531,4,13,0,4,6,2,1,0,0,1,1,Referral,10,0,Other,Cybersecurity,0,No Offer
CUST_03989,51,Other,Mumbai,Medium,Finance,58.22651567586763,247,7.230251915074801,10,11,1,3,6,4,1,1,0,1,0,Website,10,1,Other,Data Analytics,1,Data Analytics
CUST_03990,39,Male,Delhi,Large,Retail,142.94067471081303,2604,13.81533776907258,2,8,0,0,8,3,0,0,0,1,0,Website,0,1,Other,Cybersecurity,1,Cybersecurity
CUST_03991,23,Male,Bangalore,Small,Finance,10.219424436406598,58,0.6524584904280711,0,7,0,3,2,4,0,0,0,0,0,Website,15,1,Other,Cybersecurity,1,Cybersecurity
CUST_03992,53,Male,Bangalore,Large,Finance,1029.8128991097226,4742,145.65365896329348,3,13,1,4,6,3,0,0,0,0,1,Email Campaign,5,1,Other,Cybersecurity,1,Cybersecurity
CUST_03993,29,Male,Kolkata,Large,IT,192.58659248883828,1712,11.272764338922046,0,14,1,4,8,4,0,1,0,0,1,Referral,10,1,Other,Cloud Services,1,Cloud Services
CUST_03994,43,Female,Hyderabad,Medium,Real Estate,21.822860775099663,286,1.3165365463104024,0,10,1,3,5,2,0,1,0,0,2,Email Campaign,5,1,Other,Cloud Services,1,Cloud Services
CUST_03995,27,Male,Kolkata,Small,Healthcare,1.056023235393347,18,0.0766215838446001,5,6,1,7,8,3,0,0,0,1,1,Email Campaign,10,1,Other,Cybersecurity,1,Cybersecurity
CUST_03996,33,Male,Ahmedabad,Small,Education,7.50878569926074,42,1.031290742983499,10,11,1,2,6,3,1,0,0,0,3,Email Campaign,10,1,Other,Cybersecurity,1,Cybersecurity
CUST_03997,57,Female,Delhi,Small,Retail,15.563346976443926,97,1.4149424288607413,4,13,0,3,4,1,1,0,1,0,6,Referral,20,1,Other,Cybersecurity,1,Cybersecurity
CUST_03998,36,Female,Pune,Large,Logistics,202.26248510142295,2110,22.625382369422724,6,5,0,4,4,2,1,1,1,0,3,Website,15,1,Other,AI Solutions,1,AI Solutions
CUST_03999,49,Male,Surat,Large,Healthcare,414.9083992075386,1918,61.05447657861569,0,9,1,3,7,1,1,1,0,0,0,Email Campaign,15,1,Other,Data Analytics,1,Data Analytics
CUST_04000,39,Female,Pune,Medium,Manufacturing,34.492722325332025,175,4.27694426982026,0,5,1,3,8,0,0,1,1,0,1,Referral,20,1,Other,Cloud Services,1,Cloud Services
CUST_04001,23,Male,Hyderabad,Small,Healthcare,9.05457510177267,86,0.4591757414813238,7,13,1,3,4,3,0,0,0,0,4,Referral,10,1,Other,Cybersecurity,1,Cybersecurity
CUST_04002,34,Male,Hyderabad,Small,Finance,19.26457003900097,96,2.4004130389514966,5,7,1,5,8,0,0,0,0,0,1,Email Campaign,10,0,Other,Cybersecurity,1,Cybersecurity
CUST_04003,36,Female,Vadodara,Medium,Education,15.443819461224106,156,1.850176643289574,7,13,0,2,5,2,1,0,0,0,1,Email Campaign,10,0,Other,Cybersecurity,0,No Offer
CUST_04004,41,Female,Kolkata,Medium,Manufacturing,84.38439252221211,456,4.887041027982778,5,14,1,7,4,1,1,0,0,0,2,Email Campaign,5,1,Other,Cybersecurity,1,Cybersecurity
CUST_04005,50,Male,Ahmedabad,Large,Healthcare,64.790218220788,879,4.473244931580253,5,11,1,3,6,4,1,0,0,0,0,Website,5,1,Other,Cybersecurity,1,Cybersecurity
CUST_04006,50,Female,Vadodara,Medium,Healthcare,20.54082030066392,109,2.3666185968744244,9,7,0,3,7,4,0,1,0,0,1,Email Campaign,15,0,Other,Cloud Services,1,Cloud Services
CUST_04007,24,Male,Chennai,Large,Education,116.6215763691673,1193,6.83486070216104,6,8,1,2,5,0,1,1,1,0,2,Website,10,1,Other,AI Solutions,1,AI Solutions
CUST_04008,40,Male,Ahmedabad,Medium,Finance,75.6671805902377,460,4.160365027307614,1,6,0,1,4,0,0,1,0,0,0,Email Campaign,0,0,Other,Cloud Services,0,No Offer
CUST_04009,24,Male,Hyderabad,Medium,Logistics,28.389571852446505,336,3.2482420528494464,2,5,0,0,6,4,1,0,1,0,0,Cold Call,5,0,Other,Cybersecurity,0,No Offer
CUST_04010,35,Female,Hyderabad,Small,Manufacturing,17.957791835250326,92,2.4363598211915485,3,9,0,6,4,2,1,0,1,0,2,Referral,0,1,Other,Cybersecurity,1,Cybersecurity
CUST_04011,25,Female,Bangalore,Large,Finance,179.6883939991839,2890,7.008207086797345,0,7,0,2,4,4,0,1,0,0,1,Website,10,1,Other,Cloud Services,1,Cloud Services
CUST_04012,32,Male,Chennai,Medium,Education,16.865962144190384,203,1.4084584222455112,8,14,0,2,2,3,1,0,1,0,1,Referral,15,1,Other,Cybersecurity,1,Cybersecurity
CUST_04013,52,Male,Vadodara,Small,Healthcare,4.341364798708365,50,0.4465572393433729,8,3,0,4,3,1,0,0,1,0,1,Email Campaign,10,1,Other,Cybersecurity,0,No Offer
CUST_04014,53,Female,Hyderabad,Small,Logistics,4.370153787809978,75,0.4857566404997356,3,11,0,3,8,1,0,0,0,0,3,Cold Call,10,0,Other,Cybersecurity,0,No Offer
CUST_04015,48,Male,Chennai,Small,Retail,11.94015019392295,60,1.785571963776996,0,5,1,3,5,0,1,0,0,0,1,Website,0,1,Other,Cybersecurity,1,Cybersecurity
CUST_04016,51,Male,Delhi,Medium,Retail,79.02715080430369,321,8.844958584229333,0,4,1,0,5,1,0,0,0,0,1,Website,10,0,Other,Cybersecurity,0,No Offer
CUST_04017,23,Female,Surat,Small,IT,8.021502749611123,39,0.8375932331990519,5,13,1,0,7,2,0,0,0,0,3,Referral,5,1,Other,Cybersecurity,1,Cybersecurity
CUST_04018,30,Male,Kolkata,Small,Real Estate,10.884193228799475,49,1.6192207279287716,1,8,1,2,6,3,0,1,0,0,1,Website,15,0,Other,Cloud Services,0,No Offer
CUST_04019,49,Female,Hyderabad,Medium,Retail,19.40538065364141,379,0.7234360225197073,0,6,0,1,6,2,1,0,0,0,0,Email Campaign,20,0,Other,Cybersecurity,0,No Offer
CUST_04020,52,Male,Delhi,Small,Education,5.738771434883655,78,0.2234243030478857,9,6,0,3,3,0,1,0,1,0,1,Cold Call,0,0,Other,Cybersecurity,0,No Offer
CUST_04021,55,Female,Ahmedabad,Large,Real Estate,712.2615067151969,4402,69.29015492862008,10,14,0,5,5,0,1,0,0,0,0,Website,5,1,Other,Cybersecurity,1,Cybersecurity
CUST_04022,36,Male,Kolkata,Medium,Education,118.1209867171989,481,8.627527779218042,1,9,0,3,3,3,1,0,0,1,0,Website,0,0,Other,Cybersecurity,0,No Offer
CUST_04023,46,Female,Chennai,Medium,Education,81.41773603570941,447,3.387279199019344,6,10,0,1,7,2,0,0,0,0,1,Referral,5,0,Other,Cybersecurity,0,No Offer
CUST_04024,57,Male,Kolkata,Small,Manufacturing,4.119302178671313,33,0.2750617379993135,3,7,1,3,10,2,1,1,0,0,2,Referral,15,1,Other,Data Analytics,1,Data Analytics
CUST_04025,29,Female,Pune,Small,IT,3.961493054814592,50,0.4394188658462501,6,10,1,5,7,2,0,1,1,0,2,Referral,5,1,Other,Cloud Services,1,Cloud Services
CUST_04026,30,Female,Bangalore,Small,Manufacturing,5.800833999110171,72,0.787021166550734,6,7,0,4,3,1,1,1,0,0,1,Referral,20,1,Other,Data Analytics,1,Data Analytics
CUST_04027,58,Male,Chennai,Large,Logistics,282.724327548964,2307,11.68186873456479,3,14,1,2,6,1,1,0,0,1,1,Website,15,1,Other,Cybersecurity,1,Cybersecurity
CUST_04028,60,Male,Delhi,Medium,Real Estate,42.02212460419872,218,3.9844289125319294,1,8,1,1,4,1,1,0,1,0,1,Email Campaign,0,0,Other,Cybersecurity,0,No Offer
CUST_04029,53,Female,Hyderabad,Small,Retail,3.2127399176839813,57,0.2105432729627997,8,5,0,3,7,5,1,0,1,0,3,Website,20,0,Other,Cybersecurity,0,No Offer
CUST_04030,38,Female,Chennai,Medium,Logistics,33.50619878043381,152,3.6883335328577953,9,13,1,1,4,0,1,0,0,0,4,Website,0,0,Other,Cybersecurity,0,No Offer
CUST_04031,56,Male,Mumbai,Small,Real Estate,15.490168663967475,65,1.486036618536917,9,6,0,2,3,1,1,0,1,0,3,Website,15,1,Other,Cybersecurity,1,Cybersecurity
CUST_04032,58,Male,Pune,Large,Real Estate,322.96834820654374,1418,45.604849191773226,2,9,1,2,4,1,0,0,0,0,2,Referral,0,0,Other,Cybersecurity,0,No Offer
CUST_04033,40,Female,Delhi,Large,Retail,1059.2849090786904,4554,36.56870400373398,0,14,0,1,6,1,1,1,1,1,0,Website,0,1,Other,Advanced IT Solutions,1,Advanced IT Solutions
CUST_04034,50,Male,Ahmedabad,Medium,Healthcare,11.462656870868994,216,0.9904248260249277,10,7,0,4,3,3,1,1,0,0,2,Referral,0,1,Other,Data Analytics,1,Data Analytics
CUST_04035,28,Other,Mumbai,Medium,Manufacturing,120.3236469630898,490,6.392933331306399,7,4,1,2,2,2,1,0,0,0,0,Website,10,1,Other,Cybersecurity,1,Cybersecurity
CUST_04036,49,Female,Chennai,Large,Finance,385.96282534433647,3131,36.440218944635625,3,7,0,4,4,6,0,0,0,0,2,Referral,10,1,Other,Cybersecurity,1,Cybersecurity
CUST_04037,30,Female,Bangalore,Medium,Logistics,31.563727537897933,141,4.179969327909354,8,8,1,3,7,1,1,1,1,0,3,LinkedIn,15,1,Other,AI Solutions,1,AI Solutions
CUST_04038,49,Male,Mumbai,Medium,Healthcare,43.15671642512188,494,6.014232968336413,7,6,1,2,5,6,1,1,0,1,1,Email Campaign,10,1,Other,Data Analytics,1,Data Analytics
CUST_04039,27,Male,Kolkata,Large,Manufacturing,324.44169093206995,2329,25.237605231587644,10,9,1,1,4,2,0,0,1,0,2,LinkedIn,5,1,Other,Cybersecurity,1,Cybersecurity
CUST_04040,50,Female,Chennai,Medium,Real Estate,28.945775840599303,492,3.688087322204019,10,8,0,5,3,5,1,1,0,1,0,Website,0,1,Other,Data Analytics,1,Data Analytics
CUST_04041,38,Female,Delhi,Medium,Education,22.625927753740527,390,1.440388484581832,6,8,1,1,3,4,1,1,1,0,2,LinkedIn,0,0,Other,AI Solutions,0,No Offer
CUST_04042,37,Other,Chennai,Large,IT,139.37464856989374,584,4.286689418395354,8,5,0,6,5,1,0,1,0,0,0,Website,10,1,Other,Cloud Services,1,Cloud Services
CUST_04043,44,Male,Bangalore,Medium,Logistics,42.424264501161566,200,5.626674493604274,1,4,0,4,4,3,1,1,1,0,3,Referral,10,1,Other,AI Solutions,1,AI Solutions
CUST_04044,52,Male,Surat,Medium,Manufacturing,29.00952885219311,186,1.285977012533765,3,13,0,3,3,2,0,0,0,0,2,LinkedIn,0,0,Other,Cybersecurity,0,No Offer
CUST_04045,24,Male,Kolkata,Small,IT,11.47678096875516,74,0.3685577097166891,4,8,1,4,6,2,0,1,1,0,0,Referral,5,1,Other,Cloud Services,1,Cloud Services
CUST_04046,42,Female,Hyderabad,Small,Logistics,4.194769397599983,21,0.3039350352765896,4,12,0,4,7,2,0,0,0,0,1,Website,10,1,Other,Cybersecurity,1,Cybersecurity
CUST_04047,47,Male,Chennai,Small,IT,3.3133451767947446,28,0.2502423783593975,0,10,0,3,5,3,0,0,0,0,1,Website,0,0,Other,Cybersecurity,0,No Offer
CUST_04048,57,Male,Bangalore,Medium,Logistics,64.75963365516493,320,2.542879006055145,8,13,1,2,4,3,1,0,0,0,1,Website,0,0,Other,Cybersecurity,0,No Offer
CUST_04049,58,Male,Mumbai,Medium,Retail,37.19142402765959,253,4.749416165793711,8,6,0,3,2,1,0,1,0,0,2,Website,10,0,Other,Cloud Services,0,No Offer
CUST_04050,43,Male,Mumbai,Large,Finance,467.2221374120129,2631,36.75689240156576,4,8,0,2,9,3,1,1,0,1,4,Website,15,1,Other,Data Analytics,1,Data Analytics
CUST_04051,33,Other,Delhi,Medium,Logistics,33.28632693282625,137,2.9555207175903573,9,11,0,1,8,1,0,0,1,0,2,Website,10,1,Other,Cybersecurity,1,Cybersecurity
CUST_04052,34,Male,Kolkata,Medium,Real Estate,51.64619391845072,358,3.189412366083193,2,12,1,2,4,3,1,0,0,0,1,Website,10,0,Other,Cybersecurity,0,No Offer
CUST_04053,32,Male,Mumbai,Small,Manufacturing,3.475704230681541,26,0.3176126688988356,7,10,1,2,6,1,1,1,1,1,1,Email Campaign,15,1,Other,Advanced IT Solutions,1,Advanced IT Solutions
CUST_04054,37,Male,Hyderabad,Large,Finance,286.6257951374569,1240,34.97057319322867,6,9,1,0,4,1,1,1,0,0,0,Email Campaign,10,0,Other,Data Analytics,1,Data Analytics
CUST_04055,29,Male,Surat,Medium,IT,74.22618387261255,322,10.29828369972934,4,9,0,1,5,5,0,1,0,0,1,Email Campaign,15,0,Other,Cloud Services,0,No Offer
CUST_04056,23,Male,Surat,Medium,Retail,46.21797571005414,186,6.769248892821504,0,10,0,4,3,2,0,0,0,0,1,Website,0,0,Other,Cybersecurity,0,No Offer
CUST_04057,51,Male,Delhi,Small,Logistics,2.242416398063265,14,0.1820996190585392,6,5,1,5,6,0,0,1,0,0,1,Website,15,0,Other,Cloud Services,0,No Offer
CUST_04058,51,Female,Chennai,Medium,Finance,33.27864629748976,280,4.951997781944031,10,11,1,3,4,3,1,0,1,0,2,Website,15,0,Other,Cybersecurity,0,No Offer
CUST_04059,33,Male,Mumbai,Medium,Healthcare,40.211985180571695,410,2.629650120463243,0,6,0,4,2,2,1,1,1,0,2,Website,20,0,Other,AI Solutions,1,AI Solutions
CUST_04060,31,Male,Bangalore,Medium,IT,15.454841818170404,272,0.4765826917088398,0,8,0,2,5,3,1,1,0,0,1,LinkedIn,15,1,Other,Data Analytics,0,No Offer
CUST_04061,32,Male,Ahmedabad,Large,Healthcare,694.6493975387817,3556,84.82644797624255,8,7,0,5,3,1,0,1,0,0,0,LinkedIn,10,1,Other,Cloud Services,1,Cloud Services
CUST_04062,36,Female,Surat,Large,Education,145.62302352911658,1506,7.486811343387274,5,5,0,2,3,0,1,0,0,0,0,Referral,0,1,Other,Cybersecurity,1,Cybersecurity
CUST_04063,37,Female,Vadodara,Large,Finance,788.6235989387402,4603,28.62276275492098,6,7,0,5,2,2,0,0,0,1,1,Email Campaign,15,1,Other,Cybersecurity,1,Cybersecurity
CUST_04064,38,Female,Delhi,Medium,Finance,80.26155473707041,344,11.30733376834611,1,9,0,1,4,2,1,0,0,0,3,Website,5,0,Other,Cybersecurity,0,No Offer
CUST_04065,47,Female,Chennai,Large,Finance,357.4236122820901,1489,44.68413484210048,10,6,0,1,6,2,0,0,1,0,1,Website,20,0,Other,Cybersecurity,0,No Offer
CUST_04066,23,Female,Pune,Large,Education,225.56002478694316,4433,9.545649765174176,7,7,1,4,8,1,0,0,1,0,2,LinkedIn,5,1,Other,Cybersecurity,1,Cybersecurity
CUST_04067,33,Male,Delhi,Small,Real Estate,8.732955483195889,77,1.0761552775217145,6,5,0,2,9,0,0,1,0,0,1,Website,10,0,Other,Cloud Services,0,No Offer
CUST_04068,47,Female,Bangalore,Small,Manufacturing,18.7029021068019,86,2.4553163095017614,4,8,1,4,6,1,0,1,0,0,0,Referral,10,1,Other,Cloud Services,1,Cloud Services
CUST_04069,44,Male,Ahmedabad,Small,IT,4.561382191038905,29,0.6323726929009644,7,14,0,1,5,0,0,0,1,0,1,Referral,5,1,Other,Cybersecurity,1,Cybersecurity
CUST_04070,39,Male,Vadodara,Small,IT,5.710547160803626,27,0.5438912884220044,1,5,1,3,5,2,1,1,0,0,1,Website,15,0,Other,Data Analytics,0,No Offer
CUST_04071,53,Female,Surat,Small,Logistics,16.108519929433896,73,1.84296688068776,5,11,1,4,9,1,0,1,1,0,1,Referral,0,0,Other,Cloud Services,0,No Offer
CUST_04072,59,Male,Kolkata,Small,Logistics,8.034464151319344,58,0.97593602392435,3,5,0,4,7,4,1,0,0,0,2,Email Campaign,10,0,Other,Cybersecurity,0,No Offer
CUST_04073,24,Female,Vadodara,Medium,Logistics,58.949548400799245,484,6.63988096066315,6,5,0,0,5,5,1,1,0,0,1,Website,5,0,Other,Data Analytics,0,No Offer
CUST_04074,59,Male,Surat,Small,IT,2.962819717412207,21,0.3188587600175502,5,9,1,4,3,3,0,0,0,0,3,Cold Call,0,1,Other,Cybersecurity,1,Cybersecurity
CUST_04075,24,Female,Pune,Small,Manufacturing,17.69478597143562,98,1.6935168332931323,5,9,0,4,6,3,0,1,0,0,1,Referral,15,0,Other,Cloud Services,1,Cloud Services
CUST_04076,51,Female,Pune,Medium,Real Estate,53.19911897884374,431,4.655106687189852,4,6,1,5,6,6,0,0,1,0,0,Cold Call,10,0,Other,Cybersecurity,0,No Offer
CUST_04077,22,Other,Surat,Large,Finance,1011.0484479714632,4932,151.18713204113175,10,5,0,3,4,3,0,0,0,1,1,Website,5,1,Other,Cybersecurity,1,Cybersecurity
CUST_04078,51,Female,Kolkata,Large,Finance,782.8687112359192,3392,55.19795411302375,4,6,0,5,3,7,1,0,1,1,0,Website,15,1,Other,Cybersecurity,1,Cybersecurity
CUST_04079,53,Female,Delhi,Medium,Education,16.927496228647502,159,0.6871252003163189,1,13,1,2,1,2,1,0,0,0,2,Website,5,1,Other,Cybersecurity,1,Cybersecurity
CUST_04080,49,Female,Kolkata,Medium,Healthcare,76.54434758297708,315,9.323441071056935,10,5,1,3,2,1,0,0,0,0,1,Website,5,0,Other,Cybersecurity,0,No Offer
CUST_04081,42,Male,Mumbai,Small,Manufacturing,12.043608404809287,69,0.6703343010797373,6,7,0,4,4,2,1,0,0,0,1,Email Campaign,5,1,Other,Cybersecurity,1,Cybersecurity
CUST_04082,34,Male,Surat,Small,Retail,13.086757746148995,58,1.2291502064219375,6,10,1,4,8,1,0,0,1,0,2,LinkedIn,5,1,Other,Cybersecurity,1,Cybersecurity
CUST_04083,48,Female,Surat,Small,Manufacturing,3.326814491557792,47,0.1380500995955328,7,8,0,0,3,1,0,1,0,0,4,Cold Call,5,1,Other,Cloud Services,1,Cloud Services
CUST_04084,57,Other,Kolkata,Small,Education,8.92668463960105,89,0.9311787465367608,3,11,0,3,8,2,0,0,1,1,0,LinkedIn,0,0,Other,Cybersecurity,0,No Offer
CUST_04085,28,Female,Hyderabad,Large,Real Estate,249.9921529755889,2189,35.81909778846721,10,10,0,4,5,2,0,1,0,1,2,Website,5,1,Other,Cloud Services,1,Cloud Services
CUST_04086,43,Female,Hyderabad,Small,Healthcare,1.5479020232886371,14,0.1806781911248042,10,9,0,4,8,3,1,0,0,1,1,Referral,5,1,Other,Cybersecurity,1,Cybersecurity
CUST_04087,31,Female,Bangalore,Small,Healthcare,4.6404727225838505,55,0.2586793160462566,10,9,0,3,6,2,0,0,0,0,2,Referral,15,0,Other,Cybersecurity,0,No Offer
CUST_04088,60,Male,Hyderabad,Small,Logistics,18.785775918417187,84,2.752803082110062,8,5,0,4,8,1,1,0,0,0,0,Website,15,1,Other,Cybersecurity,1,Cybersecurity
CUST_04089,36,Male,Pune,Medium,Logistics,48.67496388587925,364,3.2539423498698223,9,2,0,2,5,0,1,0,1,0,0,Website,15,1,Other,Cybersecurity,1,Cybersecurity
CUST_04090,36,Male,Mumbai,Small,Healthcare,23.777352164349047,98,1.959106360214964,2,6,1,2,9,0,0,1,1,0,1,Website,0,1,Other,Cloud Services,1,Cloud Services
CUST_04091,25,Male,Surat,Medium,Finance,57.67628778187819,346,5.177833507385146,2,9,0,6,10,1,0,1,1,0,2,Cold Call,15,1,Other,Cloud Services,1,Cloud Services
CUST_04092,53,Female,Vadodara,Small,Retail,0.7767892712897262,10,0.1156532410248701,1,10,0,0,4,2,0,0,1,0,2,Email Campaign,5,1,Other,Cybersecurity,1,Cybersecurity
CUST_04093,44,Other,Pune,Small,Healthcare,12.416113473409732,78,0.4751270180428743,9,8,0,2,5,3,0,0,0,1,1,LinkedIn,10,0,Other,Cybersecurity,0,No Offer
CUST_04094,27,Female,Bangalore,Small,IT,12.186742447697576,49,1.3845040670681146,6,10,1,5,6,0,1,1,0,1,0,Referral,10,1,Other,Data Analytics,1,Data Analytics
CUST_04095,45,Male,Ahmedabad,Medium,Finance,38.63913796850562,237,2.83733778396961,9,8,0,1,6,3,1,0,0,1,1,LinkedIn,5,0,Other,Cybersecurity,0,No Offer
CUST_04096,41,Male,Mumbai,Small,Real Estate,3.929161784021177,78,0.1548051955852635,1,7,0,8,6,1,1,1,1,0,2,Website,15,1,Other,AI Solutions,1,AI Solutions
CUST_04097,58,Male,Hyderabad,Medium,Real Estate,34.78254916555832,147,4.946210627322948,6,11,1,3,6,3,1,0,1,0,0,Website,0,1,Other,Cybersecurity,1,Cybersecurity
CUST_04098,41,Male,Chennai,Medium,Retail,21.82024827576852,225,2.199110044820558,2,9,0,2,2,1,1,0,1,0,1,Referral,0,1,Other,Cybersecurity,1,Cybersecurity
CUST_04099,33,Male,Delhi,Medium,IT,58.751918722116685,313,7.075033010164347,0,12,0,4,5,1,1,0,0,0,0,Website,15,1,Other,Cybersecurity,1,Cybersecurity
CUST_04100,54,Male,Vadodara,Small,Retail,11.017154231358376,72,0.6483182371800772,10,5,1,0,6,4,1,0,0,0,1,Cold Call,15,0,Other,Cybersecurity,0,No Offer
CUST_04101,49,Male,Surat,Small,Education,3.1073422869407854,27,0.3771844660629006,7,13,1,1,11,1,0,1,1,0,1,Cold Call,10,1,Other,Cloud Services,1,Cloud Services
CUST_04102,29,Male,Ahmedabad,Small,Retail,2.769725523117221,26,0.3584497142744854,7,4,1,4,3,2,0,1,0,0,1,Website,0,1,Other,Cloud Services,1,Cloud Services
CUST_04103,22,Female,Delhi,Medium,IT,70.96134372292771,301,5.797508264689216,9,8,0,2,3,5,1,1,0,0,0,Referral,5,0,Other,Data Analytics,0,No Offer
CUST_04104,58,Male,Kolkata,Medium,Manufacturing,67.62408714253453,291,6.670086736857446,0,4,0,7,2,2,1,1,1,0,0,Website,5,1,Other,AI Solutions,1,AI Solutions
CUST_04105,43,Male,Kolkata,Medium,Retail,31.441155410215703,206,4.6100501114633206,10,7,0,2,8,5,0,1,1,0,1,Website,0,1,Other,Cloud Services,1,Cloud Services
CUST_04106,27,Male,Mumbai,Medium,Manufacturing,29.79781845835916,293,3.9216180913810894,5,8,0,3,7,2,1,0,0,0,1,LinkedIn,0,1,Other,Cybersecurity,1,Cybersecurity
CUST_04107,42,Male,Mumbai,Large,Retail,298.01089081107574,4229,24.84874628148648,3,8,1,3,8,3,1,0,1,0,2,Website,0,1,Other,Cybersecurity,1,Cybersecurity
CUST_04108,53,Female,Mumbai,Medium,Education,27.40324820470237,337,3.0074753343622618,4,9,0,6,3,4,0,1,0,0,1,Website,15,0,Other,Cloud Services,0,No Offer
CUST_04109,56,Female,Pune,Small,IT,7.876967602554165,51,0.9775929403578174,7,5,1,1,2,1,0,1,1,0,0,Website,15,0,Other,Cloud Services,0,No Offer
CUST_04110,36,Male,Pune,Medium,Retail,50.87409240480564,456,1.674747572087899,7,7,1,3,7,1,0,1,0,0,1,LinkedIn,15,1,Other,Cloud Services,1,Cloud Services
CUST_04111,26,Female,Kolkata,Small,Healthcare,5.19881293222723,89,0.5230209519848276,6,9,1,4,8,2,0,0,0,1,0,Email Campaign,5,0,Other,Cybersecurity,0,No Offer
CUST_04112,27,Male,Mumbai,Medium,Education,54.01582171483027,383,8.002089298074896,4,10,0,6,3,4,1,1,0,0,2,Referral,0,1,Other,Data Analytics,1,Data Analytics
CUST_04113,46,Female,Vadodara,Small,Healthcare,7.7702764812216465,39,1.1162909576543028,5,10,0,5,5,3,1,1,0,0,1,LinkedIn,0,0,Other,Data Analytics,1,Data Analytics
CUST_04114,50,Male,Bangalore,Small,Real Estate,7.991865811719912,35,1.03808620609519,7,6,0,2,7,2,0,0,1,0,3,Referral,5,1,Other,Cybersecurity,1,Cybersecurity
CUST_04115,28,Male,Mumbai,Large,Real Estate,554.1274359061614,3317,23.686560247217425,4,14,1,3,4,0,1,0,0,0,1,Website,10,1,Other,Cybersecurity,1,Cybersecurity
CUST_04116,34,Female,Surat,Medium,Education,32.11864008680072,165,4.794830359971248,2,7,0,2,3,1,0,0,0,0,1,Referral,10,1,Other,Cybersecurity,1,Cybersecurity
CUST_04117,59,Female,Vadodara,Small,Education,7.246031556206202,59,0.7473888697680935,8,10,0,2,3,1,1,0,1,0,0,Website,10,1,Other,Cybersecurity,1,Cybersecurity
CUST_04118,39,Female,Surat,Small,Logistics,3.5819432602413097,24,0.2032716620107775,8,10,0,7,6,2,1,0,0,0,0,Website,5,0,Other,Cybersecurity,0,No Offer
CUST_04119,23,Male,Chennai,Medium,Retail,28.605104210092858,146,3.1726562621452192,9,8,0,5,1,3,0,1,1,0,3,Cold Call,0,1,Other,Cloud Services,0,No Offer
CUST_04120,29,Male,Kolkata,Large,IT,336.50996186154373,1721,44.68274420091997,0,9,0,1,6,3,0,0,0,1,3,LinkedIn,15,1,Other,Cybersecurity,1,Cybersecurity
CUST_04121,32,Other,Mumbai,Medium,Logistics,61.78660583456657,458,2.686440305089677,6,6,0,1,4,2,1,0,1,1,0,Referral,10,0,Other,Cybersecurity,1,Cybersecurity
CUST_04122,54,Male,Hyderabad,Large,IT,466.67639683629386,2940,65.32189798112704,3,7,0,2,5,1,1,0,0,0,1,Referral,10,1,Other,Cybersecurity,1,Cybersecurity
CUST_04123,59,Male,Delhi,Small,Finance,6.808360969395624,29,0.9560607786999288,5,8,0,3,3,2,1,0,1,0,1,Referral,10,1,Other,Cybersecurity,1,Cybersecurity
CUST_04124,48,Male,Mumbai,Medium,IT,76.5573921090727,434,2.420417742556202,6,8,0,1,3,2,1,1,1,0,1,Email Campaign,0,1,Other,AI Solutions,1,AI Solutions
CUST_04125,41,Male,Bangalore,Medium,Manufacturing,29.63347757279477,166,4.090554707204301,7,7,0,1,6,3,1,1,0,0,2,LinkedIn,20,1,Other,Data Analytics,1,Data Analytics
CUST_04126,33,Male,Chennai,Medium,Retail,61.249521309213314,296,8.796542950379852,10,11,0,3,6,2,0,0,0,0,1,Cold Call,0,0,Other,Cybersecurity,0,No Offer
CUST_04127,52,Male,Mumbai,Small,Healthcare,5.25920970695001,72,0.1815637789546707,4,9,0,4,5,1,1,0,0,0,0,LinkedIn,15,0,Other,Cybersecurity,0,No Offer
CUST_04128,48,Male,Delhi,Medium,IT,61.05785904024947,395,3.9870756810246415,4,8,0,3,3,0,1,0,0,0,2,Website,10,1,Other,Cybersecurity,1,Cybersecurity
CUST_04129,53,Female,Delhi,Medium,Healthcare,48.135383103585085,199,3.59922222663768,5,7,0,2,4,1,1,0,1,1,4,LinkedIn,15,0,Other,Cybersecurity,0,No Offer
CUST_04130,31,Male,Pune,Medium,Finance,33.88598572655588,277,2.435279278585441,6,15,0,4,4,1,1,0,0,0,1,Website,15,0,Other,Cybersecurity,0,No Offer
CUST_04131,24,Male,Bangalore,Medium,Retail,23.322839066865495,214,2.823938414495871,4,12,0,2,4,4,0,0,1,1,1,Website,15,0,Other,Cybersecurity,0,No Offer
CUST_04132,48,Female,Bangalore,Medium,IT,45.45450536329406,267,3.3169304883881154,4,4,0,3,5,1,1,0,0,0,0,Website,5,0,Other,Cybersecurity,0,No Offer
CUST_04133,56,Female,Vadodara,Medium,Logistics,20.54080691104723,218,2.974092282841088,3,8,1,1,1,2,1,1,0,0,0,Website,15,1,Other,Data Analytics,1,Data Analytics
CUST_04134,52,Male,Hyderabad,Small,Healthcare,9.187774784369598,57,1.3726454219401174,0,7,0,2,5,4,1,1,1,0,1,Website,20,0,Other,AI Solutions,0,No Offer
CUST_04135,36,Female,Bangalore,Small,Logistics,2.3527816629743152,29,0.1600321254270559,6,10,1,2,3,1,1,1,0,0,0,Email Campaign,0,1,Other,Data Analytics,1,Data Analytics
CUST_04136,37,Male,Chennai,Medium,Education,49.12377287331602,296,4.473018702794108,6,7,0,6,3,3,1,0,0,0,0,Referral,0,1,Other,Cybersecurity,1,Cybersecurity
CUST_04137,34,Female,Hyderabad,Large,Logistics,665.3671907534256,3903,64.49051590986612,5,4,1,1,5,2,0,0,1,1,1,Website,0,1,Other,Cybersecurity,1,Cybersecurity
CUST_04138,56,Male,Pune,Small,IT,9.223926610369228,69,0.9180421000858467,9,9,1,4,5,3,0,0,1,0,2,LinkedIn,10,0,Other,Cybersecurity,0,No Offer
CUST_04139,32,Male,Bangalore,Medium,Finance,33.91520840351371,268,2.540421375057752,1,8,1,4,6,2,0,0,0,0,4,Website,0,1,Other,Cybersecurity,1,Cybersecurity
CUST_04140,42,Female,Pune,Small,Logistics,8.12551576576737,82,0.4056194110347899,1,5,0,3,9,1,1,0,0,0,1,Referral,10,0,Other,Cybersecurity,0,No Offer
CUST_04141,32,Female,Delhi,Small,Education,7.319621078703289,63,0.2675121313195746,5,11,1,3,7,2,0,1,0,1,0,LinkedIn,10,0,Other,Cloud Services,0,No Offer
CUST_04142,51,Male,Mumbai,Medium,Healthcare,19.756333533851997,132,0.8448171711505428,8,4,0,0,5,0,0,0,1,0,5,LinkedIn,20,1,Other,Cybersecurity,1,Cybersecurity
CUST_04143,56,Male,Bangalore,Medium,Healthcare,39.613648521916446,398,5.472821571888554,4,7,0,2,6,2,1,1,0,0,1,LinkedIn,20,1,Other,Data Analytics,1,Data Analytics
CUST_04144,43,Male,Delhi,Small,Retail,20.036988589414133,97,1.2752541546918652,6,7,0,3,8,0,0,1,0,1,3,Email Campaign,15,1,Other,Cloud Services,1,Cloud Services
CUST_04145,59,Female,Mumbai,Medium,Logistics,63.10451887923577,329,2.474880853705141,1,6,1,2,8,2,1,0,0,0,2,LinkedIn,0,0,Other,Cybersecurity,0,No Offer
CUST_04146,52,Male,Mumbai,Large,Logistics,463.8440005348032,4466,48.62178125071407,5,5,0,2,3,1,1,1,0,0,0,Email Campaign,5,0,Other,Data Analytics,0,No Offer
CUST_04147,35,Male,Delhi,Large,Retail,167.2552875170852,2407,6.529120933868424,10,15,1,3,4,2,0,1,0,1,0,Website,15,1,Other,Cloud Services,1,Cloud Services
CUST_04148,45,Male,Surat,Small,Healthcare,1.601152249497362,32,0.0614944181171162,5,9,1,1,5,1,1,0,1,0,2,Email Campaign,0,0,Other,Cybersecurity,0,No Offer
CUST_04149,53,Female,Hyderabad,Medium,Education,80.09960343528886,473,8.377494226341472,9,8,1,0,2,2,1,0,0,1,1,Email Campaign,10,0,Other,Cybersecurity,1,Cybersecurity
CUST_04150,57,Female,Surat,Small,Real Estate,6.090001453188165,66,0.6148917911849595,5,12,0,4,4,3,1,1,0,0,0,LinkedIn,10,1,Other,Data Analytics,1,Data Analytics
CUST_04151,53,Female,Kolkata,Small,Logistics,2.048143266792005,39,0.0716384691227234,5,13,0,3,3,3,1,1,0,0,0,Cold Call,0,0,Other,Data Analytics,0,No Offer
CUST_04152,36,Male,Ahmedabad,Medium,Real Estate,23.754325553088886,195,2.025230613296264,3,7,0,1,11,4,1,0,0,0,2,Cold Call,15,1,Other,Cybersecurity,1,Cybersecurity
CUST_04153,56,Female,Mumbai,Medium,Retail,116.83665176740058,482,9.614744758072426,4,8,0,2,1,1,1,0,0,1,0,Referral,5,0,Other,Cybersecurity,1,Cybersecurity
CUST_04154,24,Female,Vadodara,Small,Real Estate,8.459485268668358,45,0.8087495947712374,3,2,0,4,3,1,1,0,1,1,1,LinkedIn,5,1,Other,Cybersecurity,0,No Offer
CUST_04155,37,Female,Hyderabad,Large,Healthcare,295.7729086802963,1335,35.06132439964004,5,7,0,3,2,3,1,0,1,0,0,Referral,15,0,Other,Cybersecurity,0,No Offer
CUST_04156,26,Male,Mumbai,Large,Education,108.7900954806572,1378,6.955604165566777,8,8,0,3,5,1,0,1,0,0,0,Website,5,1,Other,Cloud Services,1,Cloud Services
CUST_04157,42,Male,Chennai,Medium,Manufacturing,8.470149651029233,131,0.6939901416872462,4,6,1,3,8,4,0,0,1,0,3,Referral,5,1,Other,Cybersecurity,1,Cybersecurity
CUST_04158,31,Female,Vadodara,Medium,IT,25.47299896584697,487,3.187413998444562,4,6,0,4,5,3,1,0,0,0,0,Website,10,0,Other,Cybersecurity,0,No Offer
CUST_04159,40,Male,Kolkata,Small,Logistics,23.148715968374155,96,3.257180980760847,2,11,0,2,5,3,1,0,0,1,3,Website,0,1,Other,Cybersecurity,1,Cybersecurity
CUST_04160,46,Male,Kolkata,Medium,Manufacturing,18.81693354909136,171,2.5771438250317127,10,7,1,4,6,2,0,0,0,0,2,Website,15,1,Other,Cybersecurity,1,Cybersecurity
CUST_04161,25,Female,Chennai,Small,Manufacturing,6.527445469535895,46,0.5699485634088411,6,14,1,1,6,2,1,0,0,0,2,Cold Call,10,0,Other,Cybersecurity,0,No Offer
CUST_04162,50,Female,Delhi,Large,IT,159.06843030491797,1234,14.714449476584866,4,7,1,5,3,1,1,0,0,1,2,Email Campaign,5,1,Other,Cybersecurity,1,Cybersecurity
CUST_04163,40,Female,Hyderabad,Small,Healthcare,12.157665998871456,62,1.1366524492306824,1,5,0,4,4,1,1,1,0,0,1,Website,15,1,Other,Data Analytics,1,Data Analytics
CUST_04164,23,Female,Pune,Small,Real Estate,2.351852504201521,21,0.3157264816926934,8,11,0,2,3,3,1,1,1,0,3,Website,0,1,Other,AI Solutions,1,AI Solutions
CUST_04165,31,Male,Hyderabad,Medium,Healthcare,45.08499546204656,287,5.896790126904604,4,4,0,4,7,3,0,0,1,0,0,Referral,15,0,Other,Cybersecurity,0,No Offer
CUST_04166,46,Male,Vadodara,Small,Retail,18.932850427323107,76,1.2757693647630672,6,13,0,1,7,0,0,1,0,0,1,Email Campaign,15,1,Other,Cloud Services,1,Cloud Services
CUST_04167,41,Male,Surat,Small,Finance,6.524197382635821,47,0.3232215435779105,6,7,0,4,4,1,1,0,0,0,2,Website,10,0,Other,Cybersecurity,0,No Offer
CUST_04168,40,Male,Pune,Medium,Healthcare,19.55102559307404,122,1.475651729894952,9,8,0,1,8,1,1,0,0,0,4,Referral,10,1,Other,Cybersecurity,1,Cybersecurity
CUST_04169,44,Male,Kolkata,Large,Real Estate,614.6649212954924,4084,39.71274206219806,7,9,0,2,3,1,1,0,0,0,3,Referral,5,1,Other,Cybersecurity,1,Cybersecurity
CUST_04170,45,Male,Kolkata,Medium,IT,48.23592604263028,229,6.950492428270554,3,4,1,5,6,1,1,0,0,0,1,Referral,5,1,Other,Cybersecurity,1,Cybersecurity
CUST_04171,32,Female,Delhi,Small,Finance,7.6492268796969105,74,0.4735627299383073,6,7,1,6,3,0,0,0,0,1,3,Email Campaign,10,1,Other,Cybersecurity,1,Cybersecurity
CUST_04172,55,Female,Ahmedabad,Small,IT,5.549781813084921,66,0.2871723599914613,2,6,1,2,2,4,0,1,1,0,1,Referral,5,0,Other,Cloud Services,0,No Offer
CUST_04173,49,Other,Hyderabad,Small,IT,16.266309163890767,81,2.243733817080904,8,4,1,4,6,3,1,0,0,0,3,Cold Call,0,1,Other,Cybersecurity,1,Cybersecurity
CUST_04174,26,Female,Delhi,Medium,IT,53.1163312722186,399,2.1447010817989014,7,11,0,5,2,3,0,0,1,0,3,Referral,10,0,Other,Cybersecurity,0,No Offer
CUST_04175,26,Female,Vadodara,Medium,Logistics,58.88453605422038,253,3.605613564295928,9,5,1,4,7,1,1,0,0,0,0,Referral,0,1,Other,Cybersecurity,1,Cybersecurity
CUST_04176,42,Female,Pune,Small,Logistics,17.525522001550595,98,1.4492440070366537,8,7,1,4,6,0,1,1,0,1,1,Website,0,1,Other,Data Analytics,1,Data Analytics
CUST_04177,33,Other,Chennai,Small,Finance,13.192358409730229,81,1.3378751312867936,1,4,0,1,4,3,1,0,1,1,1,Referral,10,0,Other,Cybersecurity,0,No Offer
CUST_04178,25,Female,Mumbai,Small,Manufacturing,1.4100110412338598,22,0.0977430194529486,3,10,1,2,4,3,0,1,0,1,1,Email Campaign,10,0,Other,Cloud Services,0,No Offer
CUST_04179,41,Female,Surat,Small,Real Estate,17.255249530425246,88,1.5451744589950231,0,5,0,1,6,1,1,0,1,0,1,Website,15,0,Other,Cybersecurity,0,No Offer
CUST_04180,59,Female,Vadodara,Small,Logistics,2.8081210965388745,15,0.151244678808043,7,11,0,1,6,2,0,0,0,0,2,LinkedIn,15,1,Other,Cybersecurity,1,Cybersecurity
CUST_04181,46,Female,Mumbai,Medium,Education,75.65611358140816,425,7.483365175439354,3,9,1,5,4,3,0,0,1,1,1,LinkedIn,10,1,Other,Cybersecurity,1,Cybersecurity
CUST_04182,35,Male,Hyderabad,Small,IT,5.800586663991735,56,0.457886808654792,3,12,0,4,8,1,1,0,1,0,1,Referral,10,1,Other,Cybersecurity,1,Cybersecurity
CUST_04183,32,Male,Chennai,Medium,Real Estate,88.79805766824379,371,11.71345501229274,6,8,1,2,4,4,1,0,1,0,2,LinkedIn,15,1,Other,Cybersecurity,1,Cybersecurity
CUST_04184,53,Male,Kolkata,Medium,Logistics,29.49740455489352,258,2.356491487027983,5,5,0,4,8,3,1,1,0,0,0,LinkedIn,10,0,Other,Data Analytics,1,Data Analytics
CUST_04185,32,Male,Delhi,Small,Retail,0.9653542962094424,12,0.0803733233314544,2,8,0,6,3,4,1,0,1,0,2,Website,15,1,Other,Cybersecurity,1,Cybersecurity
CUST_04186,39,Male,Pune,Medium,Healthcare,27.96074610153132,113,2.8257409260075645,7,4,0,2,3,2,0,0,1,0,7,Cold Call,5,0,Other,Cybersecurity,0,No Offer
CUST_04187,48,Male,Delhi,Medium,Education,24.70690772226945,124,1.1063852226537487,1,4,0,7,3,3,0,0,0,0,1,Referral,15,0,Other,Cybersecurity,0,No Offer
CUST_04188,39,Male,Pune,Small,Real Estate,11.567291752475557,87,0.5646622190953681,0,3,1,3,7,2,1,0,0,0,3,Email Campaign,20,1,Other,Cybersecurity,1,Cybersecurity
CUST_04189,44,Male,Ahmedabad,Large,Healthcare,131.8739071148242,556,16.461625926621487,1,2,0,1,13,2,1,1,1,0,1,Referral,10,1,Other,AI Solutions,1,AI Solutions
CUST_04190,32,Female,Ahmedabad,Small,Healthcare,0.8869051733521129,13,0.0557067387658213,8,14,0,1,4,1,0,1,1,0,1,Referral,15,0,Other,Cloud Services,0,No Offer
CUST_04191,42,Male,Delhi,Large,Finance,159.24102966676466,2358,17.86105216667161,4,7,0,3,4,2,1,1,0,0,2,Cold Call,5,1,Other,Data Analytics,1,Data Analytics
CUST_04192,26,Female,Pune,Medium,Retail,37.29804074514343,200,1.5550014338605689,4,8,1,4,4,2,0,1,1,1,2,Referral,10,1,Other,Cloud Services,1,Cloud Services
CUST_04193,44,Female,Pune,Medium,Retail,39.3734284508536,460,5.064273334838121,5,12,1,6,3,3,1,1,0,1,2,Email Campaign,15,1,Other,Data Analytics,1,Data Analytics
CUST_04194,46,Female,Mumbai,Large,Education,178.80577372761115,766,26.568280250897093,2,3,1,6,5,3,0,0,0,0,1,Referral,10,1,Other,Cybersecurity,1,Cybersecurity
CUST_04195,31,Female,Delhi,Large,Retail,868.3620464116207,3982,64.99074546108355,0,10,1,5,5,3,0,0,1,0,1,Cold Call,10,1,Other,Cybersecurity,1,Cybersecurity
CUST_04196,43,Male,Bangalore,Medium,Retail,30.82274421520573,277,2.794501329385341,7,12,0,1,4,3,1,0,1,1,1,LinkedIn,10,1,Other,Cybersecurity,1,Cybersecurity
CUST_04197,40,Male,Hyderabad,Medium,Real Estate,85.41296867020277,375,7.09999039578374,6,9,0,6,11,3,1,0,0,0,2,Website,5,1,Other,Cybersecurity,1,Cybersecurity
CUST_04198,22,Male,Kolkata,Small,Retail,0.9958181358249164,17,0.1367283493060104,7,12,0,1,4,0,0,1,0,1,3,LinkedIn,5,1,Other,Cloud Services,1,Cloud Services
CUST_04199,28,Male,Ahmedabad,Medium,Education,36.57761365537722,229,1.1409320168110466,8,11,0,2,8,3,1,1,0,0,1,Referral,15,1,Other,Data Analytics,1,Data Analytics
CUST_04200,25,Female,Bangalore,Small,Manufacturing,9.2473896349289,39,1.002556843453243,1,6,0,1,3,0,1,1,1,0,1,Website,5,1,Other,AI Solutions,1,AI Solutions
CUST_04201,22,Male,Ahmedabad,Small,Retail,21.002276599778263,95,2.274214567234076,4,4,1,1,4,1,1,0,0,0,3,Website,20,1,Other,Cybersecurity,1,Cybersecurity
CUST_04202,36,Male,Chennai,Large,Logistics,184.12507577074228,1519,13.972552508297053,1,7,1,3,3,2,0,0,1,0,1,Website,0,1,Other,Cybersecurity,1,Cybersecurity
CUST_04203,33,Male,Ahmedabad,Small,Real Estate,2.9435189595955173,34,0.1657790968736939,7,7,0,3,3,1,0,1,1,0,4,Cold Call,15,0,Other,Cloud Services,0,No Offer
CUST_04204,43,Male,Vadodara,Small,Real Estate,5.618595178525684,61,0.3301594503367258,3,9,0,1,5,1,0,0,0,0,0,LinkedIn,10,0,Other,Cybersecurity,0,No Offer
CUST_04205,43,Female,Ahmedabad,Medium,Retail,43.5769490504691,285,5.493122578738023,10,12,0,3,6,1,1,1,0,1,1,Cold Call,15,1,Other,Data Analytics,1,Data Analytics
CUST_04206,38,Female,Mumbai,Small,Finance,6.604828961924498,39,0.2505368263069608,3,7,0,4,5,3,1,1,0,0,0,Website,15,1,Other,Data Analytics,1,Data Analytics
CUST_04207,50,Male,Bangalore,Small,Finance,4.298777612679274,76,0.4198138824794444,9,5,0,1,10,2,0,0,0,0,3,LinkedIn,5,0,Other,Cybersecurity,0,No Offer
CUST_04208,35,Male,Chennai,Medium,Logistics,14.996265238708473,113,1.0020635253533314,7,10,1,4,2,0,1,0,1,0,2,Referral,5,1,Other,Cybersecurity,1,Cybersecurity
CUST_04209,41,Male,Pune,Medium,Retail,52.07465897403621,241,3.2197624945687133,6,8,1,5,5,2,1,0,1,0,2,Cold Call,5,1,Other,Cybersecurity,1,Cybersecurity
CUST_04210,54,Male,Pune,Medium,Manufacturing,68.73856607334392,495,6.233798814746375,0,5,0,3,2,3,0,1,0,0,1,Website,10,0,Other,Cloud Services,0,No Offer
CUST_04211,36,Female,Chennai,Medium,Real Estate,35.546073152510004,424,4.896236288540511,6,8,0,1,9,2,1,1,1,1,2,LinkedIn,0,1,Other,Advanced IT Solutions,1,Advanced IT Solutions
CUST_04212,33,Male,Surat,Medium,Retail,101.9311807894156,423,10.618276120946987,9,3,0,3,4,1,0,1,0,1,2,Website,5,1,Other,Cloud Services,1,Cloud Services
CUST_04213,41,Female,Delhi,Medium,Logistics,15.901286629735177,154,1.98182943463519,2,7,0,2,4,4,1,0,0,1,1,Email Campaign,10,1,Other,Cybersecurity,1,Cybersecurity
CUST_04214,51,Female,Surat,Medium,Retail,60.80883940677552,290,6.207491198297448,4,5,0,4,2,3,0,0,0,0,3,Cold Call,15,0,Other,Cybersecurity,0,No Offer
CUST_04215,59,Male,Bangalore,Medium,Retail,34.0833919748302,384,3.876164208736142,7,13,0,7,7,6,0,0,0,0,0,Referral,0,0,Other,Cybersecurity,0,No Offer
CUST_04216,24,Male,Ahmedabad,Large,IT,431.36908488519487,3204,35.324347557434564,5,11,1,2,6,1,1,0,0,0,2,LinkedIn,0,1,Other,Cybersecurity,1,Cybersecurity
CUST_04217,49,Female,Pune,Small,Manufacturing,13.17952120799165,89,1.859864988172195,7,2,0,1,3,1,1,0,0,0,1,LinkedIn,10,0,Other,Cybersecurity,0,No Offer
CUST_04218,47,Female,Mumbai,Small,Healthcare,14.412197682206296,96,1.3004512569040496,4,6,1,2,9,2,1,0,1,0,2,Referral,15,0,Other,Cybersecurity,0,No Offer
CUST_04219,51,Male,Surat,Small,Logistics,1.53294773620141,10,0.1474894396961761,9,8,1,4,7,1,1,0,0,0,2,Referral,10,1,Other,Cybersecurity,1,Cybersecurity
CUST_04220,34,Female,Ahmedabad,Medium,Retail,15.673268842762129,165,1.4575491211655645,8,5,0,2,9,0,0,1,0,0,0,LinkedIn,15,0,Other,Cloud Services,0,No Offer
CUST_04221,34,Female,Kolkata,Small,Logistics,6.74005659325535,44,0.4579375246069613,10,8,0,1,7,1,1,0,1,0,2,Email Campaign,0,0,Other,Cybersecurity,0,No Offer
CUST_04222,23,Male,Delhi,Medium,Healthcare,61.90289897805801,423,3.574806511590608,5,1,0,5,1,1,0,0,1,0,3,Cold Call,0,0,Other,Cybersecurity,0,No Offer
CUST_04223,58,Female,Chennai,Large,Manufacturing,76.97313161778698,839,2.991190957836953,10,4,1,3,7,5,0,0,1,0,1,Email Campaign,10,0,Other,Cybersecurity,0,No Offer
CUST_04224,59,Male,Ahmedabad,Medium,Real Estate,60.4237481037811,244,7.020091347948576,8,9,0,4,2,3,1,0,0,0,0,LinkedIn,0,0,Other,Cybersecurity,0,No Offer
CUST_04225,23,Male,Delhi,Small,Logistics,4.908478928260821,22,0.3176425518964888,3,10,0,2,4,2,0,1,1,0,4,LinkedIn,15,1,Other,Cloud Services,1,Cloud Services
CUST_04226,57,Other,Delhi,Medium,Retail,41.18026390701389,181,3.158680897586503,1,11,0,2,3,1,1,0,0,0,1,Website,0,1,Other,Cybersecurity,1,Cybersecurity
CUST_04227,47,Female,Pune,Small,Real Estate,5.987654722450527,32,0.8406151066170572,7,10,0,5,6,1,0,0,0,0,2,Email Campaign,15,0,Other,Cybersecurity,0,No Offer
CUST_04228,32,Male,Pune,Medium,Healthcare,21.80652203280145,266,2.136465253628684,4,5,0,2,4,1,0,0,0,0,0,Referral,0,0,Other,Cybersecurity,0,No Offer
CUST_04229,29,Male,Bangalore,Medium,Logistics,54.97578669406312,336,2.289706752884558,1,13,1,1,6,1,1,0,0,0,2,Email Campaign,0,1,Other,Cybersecurity,1,Cybersecurity
CUST_04230,43,Female,Kolkata,Small,Education,3.85718267385859,18,0.4858253861303671,5,12,1,4,5,4,1,0,0,0,1,Email Campaign,15,1,Other,Cybersecurity,1,Cybersecurity
CUST_04231,41,Female,Chennai,Large,Healthcare,85.92797903374597,1488,5.218893541033749,2,5,0,1,2,0,0,0,0,0,0,Website,0,0,Other,Cybersecurity,0,No Offer
CUST_04232,29,Female,Delhi,Small,Manufacturing,11.33681516997182,76,1.0920153328723503,0,11,0,1,2,0,1,1,0,0,3,Website,10,1,Other,Data Analytics,1,Data Analytics
CUST_04233,50,Female,Bangalore,Large,Retail,348.6479060452578,2698,31.795913981342043,5,6,0,3,8,4,0,1,0,0,2,Referral,15,1,Other,Cloud Services,1,Cloud Services
CUST_04234,47,Female,Vadodara,Small,IT,6.469746215230251,70,0.3789295491648051,10,8,0,6,2,2,1,1,0,0,0,Referral,0,0,Other,Data Analytics,0,No Offer
CUST_04235,51,Male,Surat,Small,Manufacturing,3.769500022591906,30,0.1654528708705965,7,6,0,3,9,1,0,0,0,0,0,Referral,15,0,Other,Cybersecurity,0,No Offer
CUST_04236,38,Male,Hyderabad,Small,Real Estate,3.947192034782249,16,0.2184825766929362,0,11,0,2,5,2,0,1,0,0,3,Referral,15,1,Other,Cloud Services,1,Cloud Services
CUST_04237,41,Male,Delhi,Small,IT,3.892973305447111,20,0.1622612138010308,2,9,0,4,4,2,0,1,0,0,3,Website,15,1,Other,Cloud Services,1,Cloud Services
CUST_04238,37,Female,Bangalore,Medium,Retail,42.20444774514751,384,2.662060831109923,5,10,0,3,7,4,0,1,1,0,0,Cold Call,15,1,Other,Cloud Services,1,Cloud Services
CUST_04239,28,Female,Kolkata,Medium,Healthcare,67.7441200772817,396,10.139648680739205,9,12,0,4,2,0,0,1,0,0,4,Email Campaign,0,0,Other,Cloud Services,0,No Offer
CUST_04240,37,Male,Pune,Medium,Education,45.69237410628254,460,3.5754772482266968,2,9,0,3,2,0,1,1,1,0,2,LinkedIn,10,1,Other,AI Solutions,1,AI Solutions
CUST_04241,48,Male,Delhi,Small,Education,15.83952792604664,92,2.117215953726008,6,7,0,3,7,0,1,1,0,0,3,Website,5,1,Other,Data Analytics,1,Data Analytics
CUST_04242,44,Male,Delhi,Small,Logistics,10.315500205364383,45,0.989270117673596,5,9,0,5,10,1,1,0,0,0,1,Referral,10,1,Other,Cybersecurity,1,Cybersecurity
CUST_04243,45,Male,Ahmedabad,Medium,Real Estate,34.05020095757571,211,3.74518056547526,8,6,0,1,5,4,1,1,0,0,3,LinkedIn,10,1,Other,Data Analytics,1,Data Analytics
CUST_04244,30,Male,Kolkata,Small,Manufacturing,16.520111587605072,84,0.8055496564411151,5,14,0,1,5,2,0,1,0,0,0,Email Campaign,20,0,Other,Cloud Services,0,No Offer
CUST_04245,56,Male,Chennai,Medium,Manufacturing,37.98030593068003,270,2.391874487868304,6,13,1,3,4,3,0,0,1,0,0,Cold Call,10,0,Other,Cybersecurity,0,No Offer
CUST_04246,41,Male,Pune,Medium,Real Estate,53.569375102348566,346,4.888377476682053,1,7,0,4,7,3,1,0,1,0,3,Website,5,1,Other,Cybersecurity,1,Cybersecurity
CUST_04247,58,Male,Delhi,Small,Manufacturing,10.962870913556593,58,1.4880695344975134,9,5,0,3,8,2,1,1,1,0,2,Website,15,1,Other,AI Solutions,1,AI Solutions
CUST_04248,38,Female,Surat,Medium,Finance,35.48432716871667,167,1.2471521866972852,3,6,0,5,6,2,0,1,0,0,2,Referral,0,0,Other,Cloud Services,0,No Offer
CUST_04249,52,Male,Pune,Medium,Education,24.191406881576963,133,2.197315046236936,4,4,0,2,5,2,0,0,0,1,3,Email Campaign,0,0,Other,Cybersecurity,0,No Offer
CUST_04250,29,Female,Surat,Medium,Education,24.54983987780186,100,0.8867761942013783,1,6,1,3,6,3,1,0,0,0,2,LinkedIn,15,0,Other,Cybersecurity,0,No Offer
CUST_04251,36,Female,Hyderabad,Small,Retail,8.986509737505576,42,0.7622242637521477,10,11,0,1,7,1,1,0,0,0,1,Referral,5,0,Other,Cybersecurity,0,No Offer
CUST_04252,52,Female,Chennai,Small,Finance,16.639995314647578,81,1.754923446418562,9,9,0,4,3,1,0,0,0,0,6,Email Campaign,5,0,Other,Cybersecurity,0,No Offer
CUST_04253,51,Female,Hyderabad,Small,Manufacturing,8.97983294764441,41,1.071893770580869,9,11,0,3,2,3,0,1,0,0,5,Referral,10,0,Other,Cloud Services,1,Cloud Services
CUST_04254,41,Male,Delhi,Small,Manufacturing,6.05580466383758,57,0.2823448715408964,9,11,0,6,3,3,0,0,0,0,2,Email Campaign,5,1,Other,Cybersecurity,0,No Offer
CUST_04255,60,Male,Ahmedabad,Small,Real Estate,10.503526170805063,77,0.5250611270336168,6,2,1,1,4,1,1,1,0,1,2,Email Campaign,15,1,Other,Data Analytics,1,Data Analytics
CUST_04256,33,Female,Chennai,Large,IT,326.27384510887305,2003,28.19260208740801,3,9,0,3,4,2,0,0,0,1,0,Email Campaign,10,1,Other,Cybersecurity,1,Cybersecurity
CUST_04257,38,Female,Ahmedabad,Medium,Logistics,24.933521145494,175,3.7341532098442407,8,5,0,4,5,2,1,0,0,1,3,Email Campaign,0,1,Other,Cybersecurity,1,Cybersecurity
CUST_04258,51,Female,Bangalore,Medium,Finance,83.8457773123197,382,6.097736162797559,7,4,1,2,5,5,0,0,0,0,0,Cold Call,10,0,Other,Cybersecurity,0,No Offer
CUST_04259,50,Female,Vadodara,Small,Logistics,5.319715539441255,96,0.4325103820488156,9,4,0,0,3,1,0,1,0,0,0,Referral,0,1,Other,Cloud Services,0,No Offer
CUST_04260,40,Male,Kolkata,Large,Healthcare,169.4357289589109,1845,13.87570336133015,8,6,0,1,6,2,1,1,0,0,0,Website,15,1,Other,Data Analytics,1,Data Analytics
CUST_04261,32,Male,Bangalore,Small,Logistics,19.465352505231905,86,0.7724649673782703,7,10,0,4,3,1,1,1,0,0,1,LinkedIn,10,1,Other,Data Analytics,1,Data Analytics
CUST_04262,55,Female,Hyderabad,Medium,Education,29.05541294163492,470,3.570929352566512,4,4,0,1,3,3,1,1,0,0,1,Website,5,1,Other,Data Analytics,1,Data Analytics
CUST_04263,28,Male,Surat,Large,Retail,308.22984179200535,3231,18.608508393501097,8,11,1,1,6,1,0,0,0,0,0,Cold Call,5,1,Other,Cybersecurity,1,Cybersecurity
CUST_04264,55,Male,Hyderabad,Medium,Healthcare,48.58102669442009,404,5.559614969762181,4,10,1,1,3,3,1,0,0,0,1,Referral,5,1,Other,Cybersecurity,1,Cybersecurity
CUST_04265,41,Female,Chennai,Large,Healthcare,381.6824498935789,1907,33.21048976164079,7,9,0,2,6,2,0,0,0,0,2,Email Campaign,20,1,Other,Cybersecurity,1,Cybersecurity
CUST_04266,59,Male,Chennai,Medium,Real Estate,17.175830758737185,106,1.7762139604401956,3,6,0,3,5,4,0,0,0,1,2,Email Campaign,10,0,Other,Cybersecurity,0,No Offer
CUST_04267,45,Male,Hyderabad,Small,Retail,9.877758562798714,41,0.3603070122283665,4,11,1,3,7,5,1,1,1,0,2,Email Campaign,20,1,Other,AI Solutions,1,AI Solutions
CUST_04268,31,Female,Delhi,Small,Manufacturing,8.984050283371902,94,1.2289810836140276,10,6,0,6,2,2,1,0,1,0,0,LinkedIn,10,0,Other,Cybersecurity,0,No Offer
CUST_04269,53,Female,Hyderabad,Small,Education,7.630418753923361,34,0.4522000746158622,3,10,0,9,5,1,0,1,1,0,2,Cold Call,15,1,Other,Cloud Services,1,Cloud Services
CUST_04270,36,Male,Chennai,Small,Real Estate,6.608127272890685,62,0.7296128908566244,1,8,0,1,2,3,1,0,0,1,1,Referral,0,0,Other,Cybersecurity,0,No Offer
CUST_04271,58,Female,Chennai,Medium,IT,34.585778487033906,349,4.349586823211788,3,6,0,4,5,3,1,1,1,0,3,Referral,0,0,Other,AI Solutions,0,No Offer
CUST_04272,41,Female,Pune,Small,Manufacturing,5.088951347075586,34,0.4824562313472232,10,11,0,2,7,1,0,0,1,0,0,Website,10,1,Other,Cybersecurity,1,Cybersecurity
CUST_04273,24,Male,Mumbai,Large,Logistics,184.82107232458648,2877,13.02620445279404,4,11,0,3,4,0,1,0,0,0,4,Referral,10,1,Other,Cybersecurity,1,Cybersecurity
CUST_04274,58,Male,Ahmedabad,Small,Manufacturing,5.0744561039462655,40,0.7477130128430061,5,13,1,1,4,2,0,1,0,0,5,LinkedIn,0,0,Other,Cloud Services,0,No Offer
CUST_04275,29,Male,Bangalore,Medium,Finance,19.502766173133747,161,1.236724339741946,3,4,0,1,4,1,0,1,0,0,1,Email Campaign,5,0,Other,Cloud Services,0,No Offer
CUST_04276,44,Male,Hyderabad,Large,Real Estate,398.2906308975625,4856,57.28991741831689,10,7,1,3,7,5,1,0,0,0,2,Website,15,1,Other,Cybersecurity,1,Cybersecurity
CUST_04277,32,Male,Pune,Small,Healthcare,21.771578967388248,98,1.061296896597122,9,2,0,3,8,1,1,0,0,0,2,Email Campaign,10,1,Other,Cybersecurity,1,Cybersecurity
CUST_04278,29,Other,Delhi,Medium,Healthcare,45.40252056084997,357,3.482675516327226,3,1,0,0,8,3,0,1,0,0,2,LinkedIn,5,0,Other,Cloud Services,0,No Offer
CUST_04279,50,Female,Chennai,Medium,Education,46.07381471381173,187,2.1479368273364225,5,7,0,3,5,0,1,0,1,0,1,Cold Call,0,1,Other,Cybersecurity,1,Cybersecurity
CUST_04280,51,Female,Hyderabad,Small,Logistics,13.106670619030629,57,0.3967239356838477,6,8,0,5,5,0,0,0,0,0,1,Email Campaign,15,1,Other,Cybersecurity,1,Cybersecurity
CUST_04281,31,Female,Chennai,Medium,Real Estate,36.47447736473389,410,2.233369629822405,6,14,0,1,9,5,0,1,0,0,1,Cold Call,10,0,Other,Cloud Services,0,No Offer
CUST_04282,60,Female,Surat,Small,Healthcare,3.3225375582869288,22,0.1344473066517864,3,10,0,3,4,1,1,0,1,0,3,Cold Call,0,1,Other,Cybersecurity,1,Cybersecurity
CUST_04283,49,Male,Pune,Medium,Real Estate,52.81185657872628,310,7.835244293663728,4,9,0,0,4,3,1,1,0,0,0,LinkedIn,0,0,Other,Data Analytics,0,No Offer
CUST_04284,57,Male,Hyderabad,Medium,IT,73.33069050193241,343,8.9022283624772,2,7,0,8,4,1,0,0,1,0,1,Website,0,0,Other,Cybersecurity,0,No Offer
CUST_04285,34,Female,Surat,Medium,IT,76.7694498764343,338,2.3372133173584118,4,11,1,1,10,1,1,0,0,0,1,Email Campaign,0,1,Other,Cybersecurity,1,Cybersecurity
CUST_04286,53,Male,Vadodara,Medium,Logistics,51.741866852405,296,2.9408830232446386,9,10,1,1,3,3,1,1,1,1,1,Website,5,1,Other,Advanced IT Solutions,1,Advanced IT Solutions
CUST_04287,57,Male,Pune,Small,Real Estate,3.193503075192812,56,0.3526103512918803,4,8,1,3,4,0,1,0,0,0,1,Website,15,1,Other,Cybersecurity,1,Cybersecurity
CUST_04288,58,Female,Hyderabad,Medium,IT,48.84926682781104,334,3.801755427327095,3,6,1,1,4,3,0,0,0,0,1,LinkedIn,15,0,Other,Cybersecurity,0,No Offer
CUST_04289,47,Female,Hyderabad,Large,Retail,237.40089977018076,1046,30.81964774516537,5,7,0,4,6,5,0,0,1,0,2,Website,5,1,Other,Cybersecurity,1,Cybersecurity
CUST_04290,43,Male,Kolkata,Large,Logistics,793.6385608144348,4116,71.89039461184555,4,12,0,3,0,2,0,1,0,0,1,Referral,10,1,Other,Cloud Services,1,Cloud Services
CUST_04291,25,Female,Pune,Medium,Education,45.2537344329421,202,4.907232164222694,7,11,0,1,3,2,0,1,0,0,1,Email Campaign,10,0,Other,Cloud Services,0,No Offer
CUST_04292,52,Male,Pune,Small,IT,13.861196845840611,75,1.4089142524614786,1,9,1,1,6,3,0,0,1,0,2,Referral,0,0,Other,Cybersecurity,0,No Offer
CUST_04293,39,Female,Chennai,Large,Real Estate,212.58731209622525,3615,22.657612712524536,5,9,0,3,5,4,0,1,0,0,3,LinkedIn,0,1,Other,Cloud Services,1,Cloud Services
CUST_04294,59,Male,Hyderabad,Small,Finance,22.65492380544296,93,1.3051923543042314,1,11,0,5,3,2,1,0,0,0,0,Cold Call,0,0,Other,Cybersecurity,0,No Offer
CUST_04295,45,Female,Ahmedabad,Medium,Finance,93.67508695368824,401,7.00640308979467,5,4,0,1,5,2,0,1,1,0,0,Website,5,0,Other,Cloud Services,0,No Offer
CUST_04296,44,Male,Ahmedabad,Small,Manufacturing,3.991743123073807,53,0.144004170325998,3,10,0,7,3,2,1,1,0,1,2,Email Campaign,10,1,Other,Data Analytics,1,Data Analytics
CUST_04297,43,Female,Ahmedabad,Large,Manufacturing,132.59989059807455,1828,13.328461225033074,0,3,0,1,1,3,0,1,0,0,0,Referral,15,1,Other,Cloud Services,1,Cloud Services
CUST_04298,23,Male,Vadodara,Medium,Education,54.288600832818986,344,4.620557944191703,5,8,1,5,2,2,0,1,1,0,3,Cold Call,5,1,Other,Cloud Services,1,Cloud Services
CUST_04299,52,Male,Hyderabad,Medium,Logistics,82.98098876748718,412,10.064427049064344,2,10,1,3,7,2,1,0,1,0,2,Referral,10,1,Other,Cybersecurity,1,Cybersecurity
CUST_04300,32,Male,Hyderabad,Small,Manufacturing,10.24120603339971,81,0.5608688220265188,6,8,0,1,5,2,0,0,0,1,3,Referral,10,0,Other,Cybersecurity,0,No Offer
CUST_04301,49,Male,Surat,Medium,Manufacturing,9.35044835774646,121,0.7706401467319858,2,9,0,3,5,0,0,0,0,0,2,Website,10,0,Other,Cybersecurity,0,No Offer
CUST_04302,53,Male,Kolkata,Medium,Finance,25.40257369929724,167,1.313045113065115,9,7,1,2,10,2,0,0,1,1,1,Website,10,1,Other,Cybersecurity,1,Cybersecurity
CUST_04303,26,Male,Pune,Medium,Manufacturing,57.6989945767031,491,5.98208791583928,3,9,0,2,6,1,0,1,0,0,1,LinkedIn,15,1,Other,Cloud Services,1,Cloud Services
CUST_04304,59,Female,Chennai,Small,Real Estate,4.212403688859273,35,0.5550416043609521,8,8,0,7,3,0,1,0,1,0,5,Cold Call,5,1,Other,Cybersecurity,1,Cybersecurity
CUST_04305,31,Female,Kolkata,Medium,Finance,29.355525608364538,164,3.577064434042206,6,8,1,4,10,1,0,1,0,0,1,Cold Call,10,1,Other,Cloud Services,1,Cloud Services
CUST_04306,45,Male,Surat,Small,IT,17.71548634798026,78,2.538695745711382,3,8,0,2,4,2,1,0,1,1,1,Referral,5,0,Other,Cybersecurity,0,No Offer
CUST_04307,56,Female,Hyderabad,Medium,IT,51.10299739007672,316,7.4920619330357425,1,10,0,4,5,2,1,0,1,0,1,Website,15,0,Other,Cybersecurity,0,No Offer
CUST_04308,44,Male,Bangalore,Small,Education,11.626271134287483,62,1.4258931423519232,4,3,0,2,5,0,1,0,0,0,1,Referral,10,0,Other,Cybersecurity,0,No Offer
CUST_04309,38,Male,Pune,Small,Retail,10.9193638982549,60,0.7033897186877679,7,5,0,1,6,0,0,0,1,0,2,Referral,0,0,Other,Cybersecurity,0,No Offer
CUST_04310,22,Male,Vadodara,Small,Manufacturing,3.525043247250492,22,0.1984999978737988,1,7,1,1,6,1,1,0,0,0,1,LinkedIn,0,0,Other,Cybersecurity,0,No Offer
CUST_04311,52,Female,Ahmedabad,Small,IT,5.607581455831301,50,0.4693875636803621,8,11,0,4,2,0,1,0,0,0,0,Referral,10,0,Other,Cybersecurity,0,No Offer
CUST_04312,52,Male,Vadodara,Small,IT,2.511176739640955,20,0.3748334160768863,4,3,0,0,5,6,0,0,1,0,0,Website,0,0,Other,Cybersecurity,0,No Offer
CUST_04313,55,Other,Hyderabad,Large,Logistics,97.3010533403516,860,7.73739557285703,5,10,1,4,4,2,1,0,1,0,2,Email Campaign,0,1,Other,Cybersecurity,1,Cybersecurity
CUST_04314,30,Male,Surat,Medium,Education,78.68937170289051,337,4.240429329545701,6,8,1,2,7,1,1,0,0,0,3,Referral,5,1,Other,Cybersecurity,1,Cybersecurity
CUST_04315,43,Male,Bangalore,Small,Real Estate,8.828273098185635,41,1.2652782117532082,8,5,0,6,5,0,1,0,1,0,1,Cold Call,10,1,Other,Cybersecurity,1,Cybersecurity
CUST_04316,34,Male,Delhi,Medium,Healthcare,45.94584445595763,277,3.506134618244881,6,5,1,4,2,1,1,1,1,0,0,Referral,5,1,Other,AI Solutions,1,AI Solutions
CUST_04317,46,Female,Ahmedabad,Medium,Healthcare,58.57707093709972,252,6.613812103412535,3,11,1,4,5,1,1,1,0,0,1,Referral,15,0,Other,Data Analytics,0,No Offer
CUST_04318,39,Female,Chennai,Large,Education,127.95961884846233,563,15.940999133990204,4,12,0,5,8,0,1,0,1,0,3,Email Campaign,0,1,Other,Cybersecurity,1,Cybersecurity
CUST_04319,33,Female,Hyderabad,Small,Finance,6.830627518560644,29,0.8960328944021805,2,13,0,3,3,3,1,1,0,0,0,Cold Call,5,1,Other,Data Analytics,1,Data Analytics
CUST_04320,38,Female,Mumbai,Small,Retail,5.000802891148649,53,0.6428714468585393,0,10,1,0,2,0,1,1,0,0,3,Referral,5,1,Other,Data Analytics,1,Data Analytics
CUST_04321,36,Female,Bangalore,Large,Logistics,841.5341422470356,4349,109.69365865478656,2,8,0,5,2,3,0,1,0,0,2,Website,15,1,Other,Cloud Services,1,Cloud Services
CUST_04322,36,Female,Bangalore,Small,Logistics,13.403902198806628,78,1.4760164154784317,0,12,1,3,6,3,1,1,0,0,1,Website,10,1,Other,Data Analytics,1,Data Analytics
CUST_04323,36,Male,Pune,Small,Education,9.051241868078383,46,0.7101579778619217,4,12,0,3,7,3,1,0,1,1,2,Email Campaign,10,0,Other,Cybersecurity,0,No Offer
CUST_04324,60,Female,Vadodara,Small,Real Estate,4.3123866569136124,42,0.4746834708032586,6,9,0,0,4,4,0,0,0,1,4,LinkedIn,10,0,Other,Cybersecurity,0,No Offer
CUST_04325,34,Male,Ahmedabad,Small,Healthcare,17.195525100177022,91,2.242436102226168,8,11,0,1,2,2,1,1,0,0,3,Website,5,0,Other,Data Analytics,1,Data Analytics
CUST_04326,38,Female,Hyderabad,Large,Retail,373.59490533703394,2831,26.9276357655316,3,5,0,2,5,2,0,1,0,1,4,Website,10,1,Other,Cloud Services,1,Cloud Services
CUST_04327,53,Female,Mumbai,Small,IT,13.009101555675604,60,0.8531493536036792,9,7,0,4,8,1,1,0,1,0,0,Email Campaign,15,1,Other,Cybersecurity,1,Cybersecurity
CUST_04328,30,Female,Ahmedabad,Large,Education,555.7164194959986,2658,39.5919418702338,9,5,0,1,3,0,0,0,0,1,1,Website,15,0,Other,Cybersecurity,0,No Offer
CUST_04329,41,Male,Surat,Large,Finance,242.2127457009315,2625,23.28972617242082,0,8,0,2,6,2,1,0,0,0,0,Website,0,1,Other,Cybersecurity,1,Cybersecurity
CUST_04330,47,Female,Mumbai,Medium,Retail,36.7909274390001,424,1.3352628783179836,6,5,1,2,6,2,0,0,0,0,2,Website,10,1,Other,Cybersecurity,1,Cybersecurity
CUST_04331,48,Female,Kolkata,Small,Healthcare,12.193419688189312,63,1.505600765180666,2,10,0,4,7,2,1,1,0,0,2,Referral,5,0,Other,Data Analytics,0,No Offer
CUST_04332,42,Male,Kolkata,Small,IT,15.689307936671948,98,0.732098174148382,0,7,0,2,4,1,1,1,0,1,1,Referral,0,1,Other,Data Analytics,1,Data Analytics
CUST_04333,39,Male,Bangalore,Medium,Education,22.60176549909737,140,1.038339545354835,3,12,0,4,3,1,1,1,0,0,1,LinkedIn,10,0,Other,Data Analytics,0,No Offer
CUST_04334,34,Female,Surat,Small,Logistics,13.43370533435535,67,0.721646516200924,10,5,0,3,2,0,0,1,0,0,1,Referral,15,1,Other,Cloud Services,1,Cloud Services
CUST_04335,37,Female,Kolkata,Medium,Manufacturing,23.20438665345759,105,2.302601272254451,8,9,0,4,6,1,0,1,0,0,2,Referral,10,0,Other,Cloud Services,0,No Offer
CUST_04336,30,Male,Bangalore,Small,Logistics,7.725629629617726,79,0.4965123495356739,5,11,0,5,1,1,0,0,0,0,2,LinkedIn,10,0,Other,Cybersecurity,0,No Offer
CUST_04337,33,Male,Vadodara,Large,Real Estate,116.15880264719732,721,8.615595905146822,5,13,1,3,0,1,0,0,0,0,0,LinkedIn,15,0,Other,Cybersecurity,0,No Offer
CUST_04338,59,Male,Hyderabad,Medium,Real Estate,80.27423038621055,372,11.382716756438294,6,8,1,2,6,1,0,0,0,0,2,Cold Call,0,0,Other,Cybersecurity,0,No Offer
CUST_04339,40,Male,Bangalore,Medium,Logistics,103.29706374994024,460,13.600531623798725,0,9,1,4,5,1,0,0,1,0,1,Cold Call,0,1,Other,Cybersecurity,1,Cybersecurity
CUST_04340,28,Female,Hyderabad,Large,IT,377.0464268583033,3508,49.8692402669048,4,15,0,7,4,1,1,0,0,1,1,Website,5,1,Other,Cybersecurity,1,Cybersecurity
CUST_04341,56,Female,Surat,Small,Healthcare,4.674830907087165,66,0.4642902746916734,3,15,0,4,8,3,0,1,1,0,0,Cold Call,15,0,Other,Cloud Services,0,No Offer
CUST_04342,39,Female,Pune,Small,Education,1.1587758093066718,12,0.1552480756068034,3,10,0,0,2,0,0,0,0,0,3,Cold Call,10,0,Other,Cybersecurity,0,No Offer
CUST_04343,37,Male,Ahmedabad,Small,Healthcare,12.911394751356896,54,1.5936263278472511,6,13,1,1,5,3,1,0,1,0,3,Website,0,0,Other,Cybersecurity,0,No Offer
CUST_04344,60,Female,Bangalore,Small,Manufacturing,3.419902619689028,24,0.4937943233258151,1,8,0,6,4,2,0,0,0,0,1,Website,10,0,Other,Cybersecurity,0,No Offer
CUST_04345,25,Male,Bangalore,Medium,Real Estate,46.13159154836572,345,1.7402777827418652,4,6,0,8,1,2,1,0,0,0,0,Email Campaign,10,1,Other,Cybersecurity,1,Cybersecurity
CUST_04346,46,Male,Hyderabad,Small,Logistics,1.2628048739242088,24,0.0422373579447732,6,6,0,3,8,3,1,0,0,0,2,LinkedIn,0,1,Other,Cybersecurity,1,Cybersecurity
CUST_04347,53,Male,Kolkata,Small,IT,0.8428411121797832,14,0.0429879249539318,2,8,1,5,6,2,1,1,0,0,1,Email Campaign,0,0,Other,Data Analytics,0,No Offer
CUST_04348,34,Male,Kolkata,Large,Retail,337.16140611722363,1835,47.7050275216732,1,7,0,4,4,1,1,1,0,0,1,Email Campaign,10,1,Other,Data Analytics,1,Data Analytics
CUST_04349,38,Male,Bangalore,Small,Retail,9.23809775597496,55,0.9484552902487676,0,11,0,1,4,1,0,0,0,1,1,Email Campaign,5,0,Other,Cybersecurity,0,No Offer
CUST_04350,58,Male,Kolkata,Medium,IT,61.91462238715528,375,5.023350146919859,4,9,1,3,5,5,1,0,0,0,2,Referral,15,1,Other,Cybersecurity,1,Cybersecurity
CUST_04351,27,Male,Kolkata,Small,Real Estate,5.260713989957285,73,0.4814885701683314,4,6,0,4,5,2,1,0,1,0,2,Referral,15,1,Other,Cybersecurity,1,Cybersecurity
CUST_04352,40,Male,Bangalore,Small,Retail,2.7694813800006264,23,0.358793376583173,3,5,0,5,7,0,1,0,0,0,0,Email Campaign,5,1,Other,Cybersecurity,1,Cybersecurity
CUST_04353,34,Female,Vadodara,Medium,Logistics,59.06711250839222,278,8.357594733830432,7,3,0,0,6,1,1,0,1,0,1,Website,15,0,Other,Cybersecurity,0,No Offer
CUST_04354,47,Male,Vadodara,Large,Real Estate,172.76890364450472,2033,20.31137922068342,1,4,0,4,6,1,1,1,0,0,0,Email Campaign,15,0,Other,Data Analytics,0,No Offer
CUST_04355,35,Female,Delhi,Small,Education,14.498396812575187,64,1.7569409522692867,3,12,0,1,7,2,0,1,0,1,1,Website,15,0,Other,Cloud Services,0,No Offer
CUST_04356,52,Male,Vadodara,Small,IT,3.7890786635588127,51,0.2593448732764326,4,6,1,6,9,3,1,0,0,0,0,Referral,10,1,Other,Cybersecurity,1,Cybersecurity
CUST_04357,25,Female,Delhi,Small,IT,7.0417087460830015,84,0.6058983606976867,8,6,0,8,3,3,0,1,1,1,0,Referral,15,1,Other,Cloud Services,1,Cloud Services
CUST_04358,60,Female,Surat,Small,Healthcare,2.03769989123044,14,0.2775861225311857,2,7,1,1,10,2,1,1,0,1,3,Referral,10,1,Other,Data Analytics,1,Data Analytics
CUST_04359,29,Female,Chennai,Small,Finance,14.582658834272156,61,1.8128008442368484,0,7,1,5,4,1,1,0,1,0,0,Email Campaign,10,1,Other,Cybersecurity,1,Cybersecurity
CUST_04360,46,Female,Ahmedabad,Medium,Healthcare,45.20471889534305,390,5.068014508936702,3,12,0,3,2,2,1,1,0,0,0,Email Campaign,5,1,Other,Data Analytics,1,Data Analytics
CUST_04361,34,Male,Chennai,Small,Retail,15.621349489198442,86,0.5909497198526777,9,5,0,4,2,0,1,0,0,0,0,Website,10,0,Other,Cybersecurity,0,No Offer
CUST_04362,53,Male,Kolkata,Medium,Finance,79.33830081656662,473,2.7562813038726763,5,4,1,2,6,0,1,0,0,0,1,Cold Call,15,1,Other,Cybersecurity,1,Cybersecurity
CUST_04363,59,Male,Mumbai,Medium,IT,28.05350908233914,351,1.280623421720359,6,8,0,1,5,5,1,0,0,0,0,Website,10,1,Other,Cybersecurity,1,Cybersecurity
CUST_04364,59,Male,Kolkata,Small,Retail,6.775069858960622,68,0.6759279332620057,3,7,1,4,5,2,1,1,1,0,2,Referral,0,0,Other,AI Solutions,0,No Offer
CUST_04365,49,Male,Bangalore,Small,Real Estate,8.02503885397799,34,0.7572942005003984,3,2,1,5,5,2,0,0,0,0,0,Website,10,0,Other,Cybersecurity,0,No Offer
CUST_04366,51,Female,Bangalore,Large,Manufacturing,223.93725618134624,2575,32.05054934035311,5,11,0,1,4,2,1,1,0,1,0,Cold Call,5,1,Other,Data Analytics,1,Data Analytics
CUST_04367,24,Female,Ahmedabad,Small,Retail,13.797144390424652,73,1.5641982201509232,0,5,0,0,9,2,0,0,0,0,2,Email Campaign,15,0,Other,Cybersecurity,0,No Offer
CUST_04368,49,Female,Pune,Medium,Finance,65.10762426737632,268,4.250011773824072,4,9,1,2,7,1,1,0,0,0,3,Website,5,1,Other,Cybersecurity,1,Cybersecurity
CUST_04369,24,Female,Pune,Small,Finance,4.138467112665515,56,0.2043556654728011,10,9,0,2,5,4,1,1,1,0,2,Referral,5,0,Other,AI Solutions,0,No Offer
CUST_04370,55,Female,Pune,Medium,IT,57.3876879325586,442,7.571960449206293,2,10,0,2,4,0,1,0,1,0,0,Email Campaign,10,1,Other,Cybersecurity,1,Cybersecurity
CUST_04371,37,Female,Vadodara,Small,Education,9.099497173300556,96,0.7748667030749059,7,9,0,0,3,3,1,1,1,0,2,Website,15,0,Other,AI Solutions,0,No Offer
CUST_04372,43,Female,Surat,Small,Manufacturing,1.5089968556945372,16,0.1635999156967052,4,8,0,3,5,1,1,0,1,0,1,Email Campaign,5,1,Other,Cybersecurity,1,Cybersecurity
CUST_04373,53,Male,Kolkata,Small,IT,4.796815971995851,65,0.4692112645878079,6,10,0,5,6,1,1,0,1,0,0,Cold Call,5,0,Other,Cybersecurity,0,No Offer
CUST_04374,59,Male,Bangalore,Small,Manufacturing,10.974524444695884,61,0.4707496090305808,7,15,0,0,10,2,0,0,0,0,2,LinkedIn,15,1,Other,Cybersecurity,1,Cybersecurity
CUST_04375,29,Female,Mumbai,Large,Manufacturing,887.542798628462,4454,32.7032948634361,7,13,0,2,3,1,0,1,0,1,3,LinkedIn,15,1,Other,Cloud Services,1,Cloud Services
CUST_04376,29,Female,Mumbai,Medium,IT,88.04542145219034,475,6.6247296926125285,1,7,1,4,10,3,0,1,1,0,2,LinkedIn,0,0,Other,Cloud Services,0,No Offer
CUST_04377,27,Female,Mumbai,Small,Logistics,15.740396532096648,67,1.1551253019229544,1,7,0,1,5,2,1,0,1,1,1,Referral,5,1,Other,Cybersecurity,1,Cybersecurity
CUST_04378,35,Male,Pune,Medium,Retail,9.812834456207744,124,1.0878093544225174,9,5,0,3,2,0,1,0,0,0,2,Website,5,0,Other,Cybersecurity,0,No Offer
CUST_04379,53,Female,Ahmedabad,Large,Real Estate,153.97221988862867,1351,16.30012264511547,4,10,0,1,6,4,0,1,0,1,3,LinkedIn,0,1,Other,Cloud Services,1,Cloud Services
CUST_04380,56,Male,Pune,Medium,Healthcare,55.17635674038792,464,8.070806341726684,2,6,0,0,4,1,1,0,0,0,2,Website,10,1,Other,Cybersecurity,1,Cybersecurity
CUST_04381,31,Male,Bangalore,Small,Manufacturing,1.7354955738488569,18,0.2307722138933017,9,8,0,4,6,3,0,1,1,1,1,Website,10,0,Other,Cloud Services,0,No Offer
CUST_04382,24,Male,Kolkata,Large,Real Estate,189.19966506132076,2412,16.950379658078315,0,7,0,1,4,6,0,1,0,0,2,Referral,5,0,Other,Cloud Services,1,Cloud Services
CUST_04383,33,Male,Kolkata,Small,Logistics,11.345233529264462,77,1.021105533323123,7,6,0,5,3,3,0,0,1,0,3,Website,0,0,Other,Cybersecurity,0,No Offer
CUST_04384,52,Male,Ahmedabad,Medium,Finance,36.65405942800309,169,4.064770521966166,5,6,0,1,5,5,0,1,0,0,5,Website,15,1,Other,Cloud Services,1,Cloud Services
CUST_04385,50,Male,Surat,Medium,IT,66.2496849081825,275,2.894506366411925,2,9,0,2,5,2,1,1,0,0,0,Email Campaign,10,1,Other,Data Analytics,1,Data Analytics
CUST_04386,26,Male,Vadodara,Large,Education,335.0336463753772,4416,50.25064721263613,7,5,1,3,11,3,0,1,0,1,0,Referral,15,1,Other,Cloud Services,1,Cloud Services
CUST_04387,46,Male,Mumbai,Large,Logistics,407.7997466676397,1900,37.62236987078148,10,10,0,3,3,3,1,1,1,1,1,Website,5,1,Other,Advanced IT Solutions,1,Advanced IT Solutions
CUST_04388,52,Female,Kolkata,Large,Retail,901.1437297186797,4193,125.42892050318444,0,11,0,3,5,2,1,1,0,0,2,Website,0,1,Other,Data Analytics,1,Data Analytics
CUST_04389,42,Female,Ahmedabad,Small,Real Estate,2.0447299889682142,16,0.2986998005668553,2,4,0,6,3,3,0,0,1,0,1,Email Campaign,0,1,Other,Cybersecurity,1,Cybersecurity
CUST_04390,41,Male,Mumbai,Large,Logistics,237.69155786082885,3301,23.72093501172211,8,8,1,6,9,2,1,0,0,0,1,Referral,15,1,Other,Cybersecurity,1,Cybersecurity
CUST_04391,60,Male,Pune,Small,Manufacturing,16.120104087839675,65,0.6835220372876101,5,9,0,3,4,2,1,0,1,1,3,Email Campaign,5,1,Other,Cybersecurity,1,Cybersecurity
CUST_04392,43,Female,Hyderabad,Small,Education,12.678302427403462,70,1.2526352593780063,0,3,1,2,4,2,1,0,0,0,3,Referral,10,1,Other,Cybersecurity,1,Cybersecurity
CUST_04393,25,Male,Chennai,Medium,Logistics,76.396133092578,310,7.770792533357988,8,8,1,5,6,2,1,1,0,1,3,Cold Call,5,1,Other,Data Analytics,1,Data Analytics
CUST_04394,34,Male,Kolkata,Medium,Retail,65.14860979279769,444,8.1242385800399,6,6,0,3,9,3,1,1,1,0,2,Cold Call,10,0,Other,AI Solutions,0,No Offer
CUST_04395,41,Female,Surat,Medium,Real Estate,21.033291797937355,163,0.7527291834466595,0,8,1,5,5,1,1,0,0,1,0,Email Campaign,0,1,Other,Cybersecurity,1,Cybersecurity
CUST_04396,34,Female,Ahmedabad,Medium,Logistics,13.324570756008164,134,1.1453513752568398,0,6,0,4,3,3,1,1,0,1,2,Referral,5,1,Other,Data Analytics,1,Data Analytics
CUST_04397,38,Male,Vadodara,Large,IT,1084.803218358314,4397,152.66699407664234,4,6,1,6,5,5,0,0,0,0,1,Referral,0,1,Other,Cybersecurity,1,Cybersecurity
CUST_04398,57,Male,Surat,Small,Education,8.052116311396379,80,1.1994101470499616,10,10,0,2,12,1,0,0,0,0,2,Email Campaign,5,0,Other,Cybersecurity,0,No Offer
CUST_04399,54,Male,Pune,Small,Finance,4.215946445757976,77,0.223301488288097,3,11,1,2,10,2,1,0,0,0,0,LinkedIn,5,1,Other,Cybersecurity,1,Cybersecurity
CUST_04400,22,Female,Kolkata,Large,Manufacturing,256.64686801388166,1683,34.511786614194875,7,12,0,3,3,2,1,0,0,1,2,Website,0,1,Other,Cybersecurity,1,Cybersecurity
CUST_04401,36,Male,Bangalore,Small,Real Estate,4.514763549966592,36,0.2146773110764586,1,4,0,2,12,4,1,1,0,0,3,Website,0,1,Other,Data Analytics,1,Data Analytics
CUST_04402,34,Male,Pune,Medium,Manufacturing,43.36523629080163,424,5.678284462742246,5,6,0,3,2,3,0,1,0,0,3,LinkedIn,15,0,Other,Cloud Services,0,No Offer
CUST_04403,38,Male,Vadodara,Medium,Education,33.615108426284586,190,2.1269397575508533,7,3,0,3,2,1,1,1,0,0,0,LinkedIn,0,0,Other,Data Analytics,0,No Offer
CUST_04404,45,Female,Pune,Medium,Retail,48.28151313096883,393,7.008304579956399,0,14,1,1,4,2,0,0,1,0,3,Email Campaign,5,0,Other,Cybersecurity,1,Cybersecurity
CUST_04405,29,Female,Ahmedabad,Medium,IT,16.697622740911946,128,1.8945057659156204,2,8,0,1,10,3,0,0,1,0,0,Referral,15,1,Other,Cybersecurity,1,Cybersecurity
CUST_04406,48,Female,Surat,Small,Logistics,0.9283550532397506,17,0.0723126128294012,0,7,0,5,5,4,1,0,1,0,0,Cold Call,10,0,Other,Cybersecurity,1,Cybersecurity
CUST_04407,44,Female,Ahmedabad,Large,Real Estate,289.8150987222261,1727,18.466090563144515,6,9,0,1,4,2,0,0,1,0,0,Cold Call,15,1,Other,Cybersecurity,1,Cybersecurity
CUST_04408,29,Male,Mumbai,Small,Logistics,5.953136477552685,80,0.3466422270102712,0,8,0,7,6,5,1,0,1,0,1,Email Campaign,5,0,Other,Cybersecurity,0,No Offer
CUST_04409,29,Female,Hyderabad,Small,Healthcare,8.812292319013014,95,0.9842896888577632,8,7,0,3,2,1,1,0,0,0,3,LinkedIn,10,1,Other,Cybersecurity,1,Cybersecurity
CUST_04410,47,Female,Surat,Small,Manufacturing,2.127659205347804,11,0.2925423328844869,7,1,0,1,4,2,1,1,0,0,1,Website,5,0,Other,Data Analytics,0,No Offer
CUST_04411,34,Male,Hyderabad,Medium,Logistics,40.32817919476803,358,4.863297579714046,10,2,0,2,4,2,0,0,1,0,1,Email Campaign,0,0,Other,Cybersecurity,0,No Offer
CUST_04412,60,Female,Ahmedabad,Medium,Finance,15.371419344707771,186,2.0009742758931326,2,7,1,1,5,4,1,0,0,0,2,Referral,0,0,Other,Cybersecurity,0,No Offer
CUST_04413,58,Female,Bangalore,Large,Manufacturing,209.83476369504515,1268,25.97042029925981,3,4,0,3,8,2,0,0,1,0,2,Email Campaign,15,1,Other,Cybersecurity,1,Cybersecurity
CUST_04414,49,Female,Kolkata,Medium,Manufacturing,26.499556211462615,285,3.908624121666284,8,7,1,9,2,3,1,1,0,0,3,Website,15,1,Other,Data Analytics,1,Data Analytics
CUST_04415,46,Male,Vadodara,Medium,Healthcare,46.15866975674127,443,5.582272175591175,9,5,0,2,6,3,1,0,0,0,1,Referral,10,1,Other,Cybersecurity,1,Cybersecurity
CUST_04416,37,Female,Pune,Large,Healthcare,263.1444716133179,1510,14.532790837708836,5,9,1,0,2,3,1,1,0,0,3,Website,15,1,Other,Data Analytics,1,Data Analytics
CUST_04417,23,Female,Pune,Medium,IT,90.27539446038904,456,11.283685480805728,4,11,1,3,5,1,0,0,0,0,3,Referral,0,1,Other,Cybersecurity,1,Cybersecurity
CUST_04418,39,Male,Hyderabad,Medium,Logistics,64.92167534882987,328,4.456764159704136,4,5,1,2,8,4,0,1,0,0,0,Cold Call,15,0,Other,Cloud Services,0,No Offer
CUST_04419,38,Male,Vadodara,Medium,Logistics,15.084214284539106,103,2.2550294500867127,0,11,1,2,3,2,1,0,0,0,3,Referral,15,1,Other,Cybersecurity,1,Cybersecurity
CUST_04420,51,Male,Surat,Small,Manufacturing,11.12789119394908,79,0.8368253676841703,0,8,1,4,6,3,1,0,0,0,1,Email Campaign,15,1,Other,Cybersecurity,1,Cybersecurity
CUST_04421,60,Other,Kolkata,Large,Manufacturing,823.475218205926,3968,53.63726478445341,2,4,0,4,2,5,0,0,0,0,1,Cold Call,15,1,Other,Cybersecurity,1,Cybersecurity
CUST_04422,34,Female,Chennai,Small,Retail,0.9746763952475376,11,0.0572192727903957,1,12,1,4,9,3,1,1,0,0,1,Cold Call,5,0,Other,Data Analytics,0,No Offer
CUST_04423,53,Male,Hyderabad,Medium,Retail,9.009334824637488,112,0.9822135232179456,9,9,0,3,3,0,1,1,1,0,3,Referral,5,0,Other,AI Solutions,0,No Offer
CUST_04424,50,Male,Surat,Medium,Logistics,54.69876494856468,299,2.3578739853932573,0,10,1,0,8,1,1,0,0,0,4,Cold Call,10,1,Other,Cybersecurity,1,Cybersecurity
CUST_04425,51,Male,Surat,Large,Real Estate,293.4805858032187,2225,42.38657509682942,4,8,0,4,5,1,0,0,0,0,2,Email Campaign,5,0,Other,Cybersecurity,1,Cybersecurity
CUST_04426,39,Female,Vadodara,Large,Education,383.8073845359583,1999,25.06934706717408,10,10,0,1,6,2,1,0,0,0,1,Referral,20,1,Other,Cybersecurity,1,Cybersecurity
CUST_04427,34,Male,Vadodara,Medium,Education,40.83197801113682,403,2.6723742908620176,2,7,1,2,7,0,0,1,1,0,1,Referral,20,1,Other,Cloud Services,1,Cloud Services
CUST_04428,42,Female,Delhi,Medium,Finance,43.69026296107428,380,1.5522246690359998,6,7,0,7,4,1,1,0,1,0,2,Email Campaign,10,1,Other,Cybersecurity,1,Cybersecurity
CUST_04429,51,Female,Pune,Small,Logistics,19.9521910958258,87,1.1875963564188887,7,9,0,3,4,0,1,1,0,0,3,Referral,20,1,Other,Data Analytics,1,Data Analytics
CUST_04430,42,Female,Kolkata,Medium,Logistics,34.52314547862964,257,2.7714325941852804,9,11,0,5,3,2,1,0,0,1,1,Website,15,1,Other,Cybersecurity,1,Cybersecurity
CUST_04431,38,Male,Mumbai,Large,Logistics,233.1123018064905,1386,17.332544620701444,5,7,0,2,3,2,0,1,1,1,2,Cold Call,0,1,Other,Cloud Services,1,Cloud Services
CUST_04432,40,Male,Hyderabad,Large,Finance,307.3173784523355,4308,19.28797333609508,4,10,1,3,6,4,0,1,1,0,1,Referral,10,1,Other,Cloud Services,1,Cloud Services
CUST_04433,36,Male,Kolkata,Large,Retail,401.12680766910654,4677,13.995017702628235,9,5,0,1,12,1,1,0,0,0,3,LinkedIn,5,1,Other,Cybersecurity,1,Cybersecurity
CUST_04434,30,Male,Delhi,Small,Education,2.630167105168327,46,0.1737745221091144,4,6,0,3,6,5,0,1,1,0,1,LinkedIn,5,0,Other,Cloud Services,0,No Offer
CUST_04435,31,Male,Delhi,Large,Logistics,437.9364051580263,3247,54.04122652988772,0,6,1,1,6,1,0,1,0,0,1,Email Campaign,0,1,Other,Cloud Services,1,Cloud Services
CUST_04436,52,Female,Kolkata,Large,Finance,134.5467124881596,543,11.1209685090715,5,13,1,1,6,2,0,0,1,0,1,Website,0,0,Other,Cybersecurity,0,No Offer
CUST_04437,44,Male,Vadodara,Small,Manufacturing,15.28467487605994,68,0.9918690442841566,5,7,0,0,5,2,1,1,1,1,1,LinkedIn,10,1,Other,Advanced IT Solutions,1,Advanced IT Solutions
CUST_04438,51,Male,Surat,Medium,Real Estate,78.75547521269323,446,5.2431501802904,2,7,1,1,3,3,1,0,1,0,2,Email Campaign,10,0,Other,Cybersecurity,0,No Offer
CUST_04439,54,Male,Chennai,Medium,Education,99.99868427617196,450,9.653123907804302,3,5,0,4,10,4,1,1,0,1,3,Email Campaign,0,0,Other,Data Analytics,0,No Offer
CUST_04440,30,Male,Kolkata,Medium,Healthcare,75.80640820044759,449,5.024078900976787,3,5,1,4,5,3,1,1,0,0,1,LinkedIn,15,1,Other,Data Analytics,1,Data Analytics
CUST_04441,22,Other,Hyderabad,Large,Education,150.85585302546278,1219,15.94481172371474,5,9,0,5,6,2,0,1,1,0,3,Email Campaign,15,1,Other,Cloud Services,1,Cloud Services
CUST_04442,56,Male,Mumbai,Medium,Manufacturing,17.873658126467067,211,2.658430348995503,7,1,1,2,6,2,1,0,0,0,1,Website,10,0,Other,Cybersecurity,0,No Offer
CUST_04443,32,Male,Pune,Medium,Retail,60.14304620123094,333,2.101468265137816,8,7,0,5,5,1,1,1,0,0,0,Website,0,0,Other,Data Analytics,0,No Offer
CUST_04444,55,Female,Delhi,Medium,IT,11.785163951993828,133,0.5921857582343371,8,8,0,1,5,1,1,0,0,0,4,LinkedIn,10,1,Other,Cybersecurity,1,Cybersecurity
CUST_04445,37,Male,Bangalore,Medium,IT,23.89393733576216,179,1.2303682556926394,4,6,1,3,10,1,1,0,0,1,3,LinkedIn,0,1,Other,Cybersecurity,1,Cybersecurity
CUST_04446,30,Male,Bangalore,Large,Retail,218.17261358908735,1014,18.24979837423246,7,7,1,4,4,2,1,0,1,1,1,Website,0,1,Other,Cybersecurity,1,Cybersecurity
CUST_04447,53,Male,Surat,Medium,Real Estate,9.70827014558025,128,0.3395005898509467,7,5,0,3,0,3,0,1,1,0,4,Website,10,1,Other,Cloud Services,1,Cloud Services
CUST_04448,36,Male,Vadodara,Small,Manufacturing,4.245039893436105,56,0.3706029745023072,9,5,0,1,5,1,1,0,1,0,1,Email Campaign,0,0,Other,Cybersecurity,0,No Offer
CUST_04449,33,Male,Pune,Small,Finance,2.6566535273129457,28,0.3758393540377093,3,9,1,5,7,3,0,0,0,0,4,Website,15,1,Other,Cybersecurity,1,Cybersecurity
CUST_04450,54,Male,Delhi,Small,Education,14.915661912474762,93,0.4681681818461887,3,6,1,5,4,2,0,0,0,0,1,Website,5,1,Other,Cybersecurity,1,Cybersecurity
CUST_04451,35,Female,Bangalore,Medium,Education,16.1554959999692,161,1.192157089084294,2,5,0,4,6,4,1,1,0,0,3,Website,10,0,Other,Data Analytics,0,No Offer
CUST_04452,29,Male,Bangalore,Large,Finance,661.1571493224396,4389,80.20315735640321,4,9,0,2,5,3,1,0,1,0,0,Website,15,1,Other,Cybersecurity,1,Cybersecurity
CUST_04453,29,Female,Chennai,Small,IT,6.623791332716246,60,0.3215144598531015,7,7,0,2,4,0,0,0,0,1,1,LinkedIn,10,0,Other,Cybersecurity,0,No Offer
CUST_04454,48,Female,Kolkata,Small,Logistics,3.327465701596984,22,0.1307929615387666,7,6,1,2,8,8,1,0,0,0,3,Email Campaign,0,0,Other,Cybersecurity,1,Cybersecurity
CUST_04455,33,Male,Ahmedabad,Small,Logistics,7.597892865624916,72,0.8030473157356021,8,7,1,1,4,1,0,1,0,0,3,Website,0,1,Other,Cloud Services,1,Cloud Services
CUST_04456,22,Male,Pune,Medium,Retail,28.53628711411872,116,0.8901640531455496,0,11,1,7,5,1,0,0,0,0,2,Website,10,0,Other,Cybersecurity,0,No Offer
CUST_04457,32,Male,Ahmedabad,Large,Logistics,572.189871039772,3852,72.21749060470047,3,9,1,2,3,2,1,0,1,0,1,Website,5,1,Other,Cybersecurity,1,Cybersecurity
CUST_04458,60,Female,Mumbai,Medium,Retail,79.09401735501591,398,3.0073388627449917,5,9,0,1,6,7,0,0,1,0,1,Website,0,0,Other,Cybersecurity,0,No Offer
CUST_04459,52,Female,Vadodara,Medium,Logistics,66.91847774643364,352,6.2182329932253015,4,9,1,3,4,3,1,1,0,0,2,Email Campaign,10,1,Other,Data Analytics,1,Data Analytics
CUST_04460,38,Female,Kolkata,Medium,Healthcare,25.47524249361403,172,3.0268492221237784,3,10,0,1,7,4,0,0,0,1,2,Referral,0,0,Other,Cybersecurity,0,No Offer
CUST_04461,54,Male,Mumbai,Small,IT,7.430703337352464,76,0.4387185235311042,10,8,0,1,0,6,0,1,0,0,1,Email Campaign,10,0,Other,Cloud Services,0,No Offer
CUST_04462,53,Female,Hyderabad,Medium,Real Estate,54.77171600972627,360,2.3236801616237783,2,3,0,3,3,1,0,0,0,0,0,LinkedIn,0,0,Other,Cybersecurity,0,No Offer
CUST_04463,50,Male,Delhi,Medium,Retail,51.57582795411208,277,2.634221588898802,1,9,0,2,3,0,1,1,0,0,2,Email Campaign,5,0,Other,Data Analytics,0,No Offer
CUST_04464,42,Male,Ahmedabad,Medium,Healthcare,58.35536404029601,411,7.735705438752233,8,17,0,1,4,1,1,0,1,0,1,Website,20,1,Other,Cybersecurity,1,Cybersecurity
CUST_04465,42,Male,Surat,Large,Finance,147.90582784083767,2228,16.963857032489983,9,16,1,0,4,0,1,1,0,0,1,LinkedIn,5,1,Other,Data Analytics,1,Data Analytics
CUST_04466,44,Male,Hyderabad,Medium,IT,17.09733004580576,319,0.9193536288374686,2,6,0,4,6,4,0,1,0,0,0,LinkedIn,15,0,Other,Cloud Services,0,No Offer
CUST_04467,27,Male,Pune,Medium,IT,31.436498380650416,272,3.644574584942544,3,5,0,0,3,3,1,0,0,0,3,LinkedIn,10,1,Other,Cybersecurity,1,Cybersecurity
CUST_04468,43,Female,Delhi,Large,Retail,79.08424779603844,988,9.097391629748248,0,3,1,5,2,5,1,1,0,0,1,Referral,10,0,Other,Data Analytics,0,No Offer
CUST_04469,59,Female,Bangalore,Large,Retail,1075.7194048095464,4652,161.06425198805718,0,7,0,3,7,3,0,0,0,0,0,Website,10,1,Other,Cybersecurity,1,Cybersecurity
CUST_04470,58,Female,Ahmedabad,Medium,Manufacturing,36.96227576337149,434,2.845604479106018,9,10,0,3,10,1,0,0,1,0,1,Referral,0,0,Other,Cybersecurity,0,No Offer
CUST_04471,29,Male,Kolkata,Small,Logistics,10.695093052591998,83,1.4308154231837116,8,10,0,3,5,1,0,0,0,1,2,Website,5,1,Other,Cybersecurity,1,Cybersecurity
CUST_04472,56,Female,Kolkata,Medium,Finance,75.23446144398984,391,6.2875788486924575,10,11,1,4,7,2,0,1,0,0,1,Website,0,1,Other,Cloud Services,1,Cloud Services
CUST_04473,32,Male,Hyderabad,Medium,Finance,55.40192632083517,260,7.630575281137499,3,5,0,1,3,2,1,1,0,1,0,Website,0,1,Other,Data Analytics,1,Data Analytics
CUST_04474,45,Male,Hyderabad,Small,Education,7.131588901145682,49,0.292338519359987,9,11,0,2,5,2,0,1,1,0,2,Email Campaign,5,1,Other,Cloud Services,1,Cloud Services
CUST_04475,42,Male,Vadodara,Small,Healthcare,6.984387155655952,81,0.3564657685182007,3,5,0,3,3,4,1,1,1,0,2,Referral,15,1,Other,AI Solutions,1,AI Solutions
CUST_04476,23,Male,Bangalore,Small,Real Estate,1.1459694918668768,11,0.1512616971024346,5,16,0,1,5,3,1,0,0,0,2,Website,10,0,Other,Cybersecurity,0,No Offer
CUST_04477,40,Male,Chennai,Medium,Healthcare,22.744927219799006,170,2.918538965746164,1,5,0,3,6,0,0,0,0,0,1,Website,0,1,Other,Cybersecurity,1,Cybersecurity
CUST_04478,60,Male,Ahmedabad,Medium,Manufacturing,23.47751331223727,191,1.564824509086662,5,11,0,4,5,0,0,1,0,0,1,LinkedIn,0,1,Other,Cloud Services,1,Cloud Services
CUST_04479,49,Female,Mumbai,Small,Education,10.656375077619886,89,1.0828560591753336,6,8,0,5,3,2,1,0,1,0,2,Referral,5,1,Other,Cybersecurity,1,Cybersecurity
CUST_04480,38,Female,Pune,Small,Finance,5.116840943539302,67,0.3884908611621163,0,14,0,2,3,0,1,0,0,0,0,Referral,5,1,Other,Cybersecurity,1,Cybersecurity
CUST_04481,27,Male,Ahmedabad,Medium,Logistics,97.7180611823598,420,3.0525247999285465,7,10,0,6,2,1,1,0,0,0,2,Email Campaign,10,0,Other,Cybersecurity,1,Cybersecurity
CUST_04482,40,Other,Ahmedabad,Small,Logistics,4.364203060116355,78,0.1445969368890011,5,13,0,3,5,2,0,1,0,0,2,Website,10,0,Other,Cloud Services,0,No Offer
CUST_04483,59,Female,Bangalore,Small,Real Estate,9.246028513535066,67,0.3375795636800642,8,7,1,4,8,2,1,0,0,1,1,LinkedIn,10,1,Other,Cybersecurity,1,Cybersecurity
CUST_04484,49,Male,Ahmedabad,Medium,Logistics,35.433258984088894,144,3.588987269457129,3,10,0,4,5,1,1,0,0,0,3,Cold Call,15,0,Other,Cybersecurity,1,Cybersecurity
CUST_04485,23,Female,Vadodara,Medium,Logistics,52.40009887626828,288,3.3277902789687843,10,6,1,0,2,0,1,0,0,0,0,LinkedIn,15,0,Other,Cybersecurity,0,No Offer
CUST_04486,59,Male,Ahmedabad,Small,Healthcare,2.9059711859188,24,0.1373762884373778,1,8,1,6,6,0,0,0,0,0,1,Email Campaign,10,1,Other,Cybersecurity,1,Cybersecurity
CUST_04487,58,Female,Surat,Medium,Finance,30.499514002894085,385,4.359470390552052,8,8,1,2,4,1,1,0,0,0,0,Website,0,0,Other,Cybersecurity,0,No Offer
CUST_04488,25,Female,Surat,Small,Logistics,6.069363028228805,25,0.2704401347608718,7,8,1,1,4,2,1,1,0,0,0,Referral,15,1,Other,Data Analytics,1,Data Analytics
CUST_04489,43,Other,Delhi,Medium,Finance,23.230799844837176,440,2.575780117746652,1,5,0,2,6,2,1,1,0,0,1,Website,15,1,Other,Data Analytics,1,Data Analytics
CUST_04490,47,Female,Pune,Small,Education,10.24526327674458,55,1.4066666764543616,7,4,0,2,3,3,1,0,1,0,1,Referral,0,1,Other,Cybersecurity,1,Cybersecurity
CUST_04491,57,Female,Surat,Small,Healthcare,16.273979588812715,72,0.8081586669460427,10,12,0,7,5,1,1,0,1,0,1,LinkedIn,10,1,Other,Cybersecurity,1,Cybersecurity
CUST_04492,34,Female,Pune,Medium,Retail,25.81005395132952,469,1.4393637805328834,7,10,0,3,9,1,1,1,0,1,2,Website,10,1,Other,Data Analytics,1,Data Analytics
CUST_04493,53,Male,Kolkata,Medium,Retail,87.96077274096321,451,8.695593000936555,4,11,0,1,5,1,1,0,1,0,1,Email Campaign,15,1,Other,Cybersecurity,1,Cybersecurity
CUST_04494,38,Male,Vadodara,Small,Education,6.993491463026516,28,0.6365045296000555,6,5,0,4,1,3,1,0,1,0,0,Referral,10,0,Other,Cybersecurity,0,No Offer
CUST_04495,57,Male,Bangalore,Small,Healthcare,15.12392196574694,85,1.3993150183727214,6,11,0,1,3,2,1,0,1,0,2,Referral,20,0,Other,Cybersecurity,0,No Offer
CUST_04496,40,Male,Bangalore,Large,Real Estate,326.0914918119714,2453,31.48784161281268,3,8,1,0,7,3,1,1,0,0,2,LinkedIn,10,1,Other,Data Analytics,1,Data Analytics
CUST_04497,56,Male,Surat,Medium,Manufacturing,64.9903615787931,289,9.357854924130772,5,5,1,4,2,1,0,0,1,1,1,Referral,10,1,Other,Cybersecurity,1,Cybersecurity
CUST_04498,49,Female,Vadodara,Small,IT,4.664239629251244,29,0.170060812345962,9,9,0,5,5,3,0,0,0,0,0,Email Campaign,0,0,Other,Cybersecurity,0,No Offer
CUST_04499,22,Male,Kolkata,Medium,Education,25.985462016538445,130,3.1508365985019218,5,10,0,5,6,0,0,0,1,0,1,Website,0,0,Other,Cybersecurity,0,No Offer
CUST_04500,39,Other,Mumbai,Small,Finance,5.02667395091103,30,0.291048295759104,5,7,1,3,7,1,0,1,0,0,2,Referral,10,1,Other,Cloud Services,1,Cloud Services
CUST_04501,54,Female,Vadodara,Medium,Education,20.12271825565886,349,1.5060108047069491,8,12,0,1,8,3,1,0,0,0,1,Referral,0,1,Other,Cybersecurity,1,Cybersecurity
CUST_04502,33,Female,Delhi,Small,IT,4.446191886771337,48,0.1810264125816964,1,4,0,4,6,2,0,0,1,1,4,Referral,5,1,Other,Cybersecurity,1,Cybersecurity
CUST_04503,29,Female,Bangalore,Small,Real Estate,3.0246248806780964,46,0.2524812040377031,9,4,1,3,4,1,0,0,1,0,1,Referral,15,0,Other,Cybersecurity,0,No Offer
CUST_04504,45,Male,Delhi,Small,Education,2.7108269941124945,38,0.3429367208136586,7,6,0,4,7,1,0,1,0,0,0,Email Campaign,10,0,Other,Cloud Services,0,No Offer
CUST_04505,37,Female,Bangalore,Medium,Healthcare,23.249521238315108,438,0.9729655088854964,7,8,1,3,2,2,0,0,0,0,2,Cold Call,10,1,Other,Cybersecurity,1,Cybersecurity
CUST_04506,25,Male,Kolkata,Small,Finance,5.906251815324547,44,0.3725216647355705,0,7,0,1,5,1,1,0,1,0,1,Referral,15,1,Other,Cybersecurity,1,Cybersecurity
CUST_04507,59,Male,Ahmedabad,Small,IT,4.029325338489152,47,0.301262199625762,10,6,0,3,5,2,0,1,0,0,2,Referral,0,1,Other,Cloud Services,0,No Offer
CUST_04508,48,Male,Chennai,Small,Logistics,21.89279110578064,99,0.9297409590839988,1,9,0,5,5,3,0,1,0,0,3,Website,10,1,Other,Cloud Services,1,Cloud Services
CUST_04509,30,Male,Vadodara,Small,Retail,16.800630630683095,84,2.040907296678464,3,3,0,4,7,3,1,0,0,0,0,LinkedIn,15,1,Other,Cybersecurity,1,Cybersecurity
CUST_04510,37,Female,Vadodara,Medium,Manufacturing,77.37863751265662,470,9.62850578595152,4,12,1,3,5,2,0,0,0,0,1,Email Campaign,5,1,Other,Cybersecurity,1,Cybersecurity
CUST_04511,33,Male,Ahmedabad,Small,Education,11.38092871839609,77,1.4830192278476038,4,5,0,1,5,1,0,0,0,0,0,Cold Call,10,0,Other,Cybersecurity,0,No Offer
CUST_04512,52,Male,Mumbai,Medium,Education,40.87418615853885,404,4.090179445458298,5,14,1,1,5,3,1,1,0,1,1,Referral,15,1,Other,Data Analytics,1,Data Analytics
CUST_04513,45,Female,Bangalore,Small,IT,3.0447961566749395,21,0.276676542170696,6,14,0,5,4,3,1,0,0,1,1,Cold Call,0,1,Other,Cybersecurity,1,Cybersecurity
CUST_04514,35,Female,Mumbai,Small,Manufacturing,7.308080062088169,41,0.44949291690275,0,10,0,3,2,3,0,0,0,0,1,Website,20,0,Other,Cybersecurity,0,No Offer
CUST_04515,46,Male,Vadodara,Medium,Education,35.92156433470859,174,3.901762818612176,6,8,1,1,4,2,1,1,0,0,3,Email Campaign,10,0,Other,Data Analytics,0,No Offer
CUST_04516,55,Female,Surat,Large,Real Estate,180.89939893798228,2727,15.077534049522924,5,9,1,8,6,1,1,0,0,1,0,Referral,0,1,Other,Cybersecurity,1,Cybersecurity
CUST_04517,24,Female,Surat,Small,Retail,6.7092528212188505,35,0.9828597055862552,4,9,0,2,6,3,0,0,0,0,2,Cold Call,10,1,Other,Cybersecurity,1,Cybersecurity
CUST_04518,45,Female,Hyderabad,Small,IT,10.32439071831737,52,1.509235331016912,5,10,0,3,1,2,1,1,1,1,0,Website,5,1,Other,Advanced IT Solutions,1,Advanced IT Solutions
CUST_04519,30,Male,Pune,Medium,Healthcare,46.75859321345671,289,6.481892020410606,10,6,1,2,3,3,1,1,0,1,1,Website,5,1,Other,Data Analytics,1,Data Analytics
CUST_04520,47,Male,Surat,Large,Finance,111.25087929048702,1198,8.144754365960367,7,7,0,0,3,0,1,0,1,0,1,LinkedIn,5,1,Other,Cybersecurity,1,Cybersecurity
CUST_04521,41,Male,Surat,Large,Retail,547.378429890815,3468,40.59177507929719,5,6,1,1,6,1,1,0,0,0,1,Referral,10,1,Other,Cybersecurity,1,Cybersecurity
CUST_04522,31,Male,Bangalore,Medium,Manufacturing,27.54899867444036,183,3.6453049841497536,4,6,0,4,7,3,1,0,0,0,0,Referral,10,0,Other,Cybersecurity,0,No Offer
CUST_04523,40,Female,Hyderabad,Medium,Manufacturing,49.63857059285687,342,5.832343011501703,5,8,0,1,3,2,0,1,1,1,3,Website,10,1,Other,Cloud Services,1,Cloud Services
CUST_04524,24,Male,Bangalore,Medium,Retail,29.13623653415455,205,3.3367784346700384,8,12,1,2,4,1,1,0,1,0,0,Email Campaign,0,1,Other,Cybersecurity,1,Cybersecurity
CUST_04525,45,Female,Vadodara,Medium,Logistics,13.783536632336055,191,0.8759895326599736,0,9,1,4,3,1,1,0,1,0,4,Website,10,1,Other,Cybersecurity,1,Cybersecurity
CUST_04526,26,Male,Delhi,Medium,Healthcare,39.30663762504872,454,5.109934955516574,2,11,1,2,5,2,1,1,0,1,2,Website,10,1,Other,Data Analytics,1,Data Analytics
CUST_04527,24,Other,Mumbai,Large,Education,211.4557754491772,3044,21.04629243376332,2,9,1,7,6,2,1,0,0,0,2,Website,0,1,Other,Cybersecurity,1,Cybersecurity
CUST_04528,48,Male,Vadodara,Medium,Healthcare,10.342034381027672,105,0.8648409273275899,8,5,0,3,8,3,1,1,0,0,0,Website,5,0,Other,Data Analytics,0,No Offer
CUST_04529,37,Female,Delhi,Medium,Education,32.86251409476307,320,4.398669033013465,2,12,0,3,7,3,0,1,1,0,0,Referral,5,0,Other,Cloud Services,0,No Offer
CUST_04530,36,Female,Kolkata,Medium,Education,40.39819029783251,408,3.122989035478988,5,7,0,2,8,6,1,1,0,1,1,Website,0,1,Other,Data Analytics,1,Data Analytics
CUST_04531,56,Female,Kolkata,Medium,Manufacturing,17.146561336504448,186,1.8599063252208263,8,7,0,2,4,2,1,0,0,1,2,Website,15,1,Other,Cybersecurity,1,Cybersecurity
CUST_04532,33,Male,Bangalore,Medium,Education,54.98655013805122,279,4.723818742123353,9,12,0,6,7,0,1,0,0,1,3,Referral,0,0,Other,Cybersecurity,0,No Offer
CUST_04533,47,Male,Chennai,Medium,Retail,94.247468244554,441,9.531108555071006,4,4,1,1,4,3,1,0,0,0,1,Referral,10,0,Other,Cybersecurity,0,No Offer
CUST_04534,55,Female,Chennai,Small,Logistics,9.233747465161118,80,0.3219399295314775,9,12,0,1,5,0,1,1,0,0,0,Website,15,1,Other,Data Analytics,1,Data Analytics
CUST_04535,44,Male,Delhi,Small,Education,6.661546700213387,60,0.5684552242475215,10,12,1,1,1,0,1,1,1,0,2,Website,15,1,Other,AI Solutions,1,AI Solutions
CUST_04536,52,Male,Surat,Medium,Retail,75.48823213292306,345,7.305672364020134,8,5,0,2,6,3,0,0,0,1,2,LinkedIn,10,0,Other,Cybersecurity,0,No Offer
CUST_04537,41,Male,Bangalore,Large,Finance,719.9385101922786,4119,64.16547016207578,8,11,0,2,2,4,0,0,0,1,1,LinkedIn,15,1,Other,Cybersecurity,1,Cybersecurity
CUST_04538,33,Male,Delhi,Small,Manufacturing,1.086876649578115,10,0.1431299650658979,5,11,0,5,2,4,0,1,0,0,1,Website,15,0,Other,Cloud Services,0,No Offer
CUST_04539,44,Male,Bangalore,Medium,Real Estate,32.762817947943795,170,2.206080315879706,7,6,0,1,5,3,0,0,1,1,4,Website,5,1,Other,Cybersecurity,1,Cybersecurity
CUST_04540,25,Male,Delhi,Small,Healthcare,1.783778430699502,15,0.2427529505722097,8,6,0,5,1,2,1,0,0,0,0,Referral,15,0,Other,Cybersecurity,0,No Offer
CUST_04541,44,Male,Kolkata,Small,IT,15.225312181027553,91,1.193899498831397,8,8,0,1,3,3,0,1,0,0,5,Website,15,1,Other,Cloud Services,1,Cloud Services
CUST_04542,22,Male,Hyderabad,Large,Healthcare,648.406436847635,2609,73.49246555669667,7,11,0,1,7,3,1,1,1,1,2,Website,5,1,Other,Advanced IT Solutions,1,Advanced IT Solutions
CUST_04543,46,Female,Bangalore,Large,Healthcare,392.7351951538157,3560,15.869143955600554,3,6,0,2,5,5,0,0,0,0,0,Email Campaign,10,0,Other,Cybersecurity,0,No Offer
CUST_04544,23,Male,Hyderabad,Small,Logistics,20.777257612466663,88,1.122356083153593,7,6,1,4,6,4,0,0,0,1,3,Referral,10,1,Other,Cybersecurity,1,Cybersecurity
CUST_04545,51,Male,Kolkata,Medium,Real Estate,30.244577957089003,265,3.669874710182511,1,4,0,1,5,1,0,0,1,0,1,Website,0,0,Other,Cybersecurity,0,No Offer
CUST_04546,24,Female,Chennai,Small,IT,9.325383111622918,59,0.2935578592579532,2,10,1,3,3,5,1,1,0,0,1,Website,15,1,Other,Data Analytics,1,Data Analytics
CUST_04547,42,Other,Ahmedabad,Large,Logistics,168.8341451666517,1189,24.68749070409039,8,13,0,1,5,1,1,0,0,0,1,Email Campaign,0,0,Other,Cybersecurity,0,No Offer
CUST_04548,46,Other,Mumbai,Small,Real Estate,8.26527649875149,40,0.4370303640754185,9,12,1,2,7,1,1,1,0,1,1,Website,0,1,Other,Data Analytics,1,Data Analytics
CUST_04549,41,Female,Vadodara,Small,Manufacturing,4.541953412437125,73,0.6275002882894202,3,11,1,2,5,1,1,0,1,0,3,Website,10,1,Other,Cybersecurity,1,Cybersecurity
CUST_04550,43,Male,Mumbai,Medium,Education,22.980604366599,131,2.1122255592278125,1,10,0,2,5,3,0,0,0,0,1,Email Campaign,10,1,Other,Cybersecurity,1,Cybersecurity
CUST_04551,42,Female,Mumbai,Large,Finance,660.5719148263906,3268,64.57027318579763,2,5,0,2,5,1,1,0,1,0,0,Cold Call,15,0,Other,Cybersecurity,0,No Offer
CUST_04552,54,Male,Vadodara,Small,Healthcare,9.6767410085204,67,0.3879968129891353,6,7,0,5,2,0,1,0,0,1,3,Website,5,1,Other,Cybersecurity,1,Cybersecurity
CUST_04553,59,Female,Kolkata,Medium,Logistics,23.59142907411028,332,1.7416667524519236,8,7,1,3,7,1,1,0,0,0,0,Referral,10,1,Other,Cybersecurity,1,Cybersecurity
CUST_04554,36,Male,Kolkata,Small,Education,4.651167126757243,47,0.2267270173837254,6,8,0,5,7,6,1,0,0,1,1,Email Campaign,5,1,Other,Cybersecurity,1,Cybersecurity
CUST_04555,36,Female,Chennai,Large,Healthcare,675.871813063328,3635,62.93162710880014,7,7,0,5,8,0,0,1,0,0,1,Referral,0,1,Other,Cloud Services,1,Cloud Services
CUST_04556,46,Male,Ahmedabad,Small,Manufacturing,19.243348076405297,84,1.8490520874158636,2,9,0,2,10,2,1,1,0,1,2,Email Campaign,5,0,Other,Data Analytics,0,No Offer
CUST_04557,42,Male,Pune,Large,Manufacturing,627.8197258240568,4674,72.29974094045167,6,11,0,4,5,2,1,1,1,1,1,LinkedIn,10,1,Other,Advanced IT Solutions,1,Advanced IT Solutions
CUST_04558,45,Female,Mumbai,Medium,Retail,50.08346376783642,309,6.780969389086436,0,8,0,3,7,3,1,1,0,1,1,LinkedIn,15,0,Other,Data Analytics,0,No Offer
CUST_04559,26,Male,Surat,Small,Manufacturing,1.148124088144469,12,0.0989471456014315,5,4,1,3,5,4,1,0,0,0,0,Website,10,0,Other,Cybersecurity,0,No Offer
CUST_04560,27,Male,Mumbai,Large,Real Estate,534.8034724161774,4038,31.02033652169724,2,8,0,6,8,1,0,0,0,0,1,Referral,10,1,Other,Cybersecurity,1,Cybersecurity
CUST_04561,44,Male,Pune,Large,Manufacturing,252.6716912259737,2153,17.694244637761546,1,9,1,5,7,2,1,1,1,0,2,Website,15,1,Other,AI Solutions,1,AI Solutions
CUST_04562,25,Male,Bangalore,Medium,Healthcare,50.16611535762242,277,6.604408093628054,3,7,0,3,5,1,0,1,0,0,0,Email Campaign,0,1,Other,Cloud Services,0,No Offer
CUST_04563,48,Male,Chennai,Small,Finance,20.742942388141863,84,0.9853648157469368,10,9,1,8,3,1,1,0,1,1,0,Email Campaign,10,1,Other,Cybersecurity,1,Cybersecurity
CUST_04564,39,Female,Hyderabad,Medium,Logistics,98.2492389634774,462,10.342769048743232,8,4,0,2,3,5,1,0,0,1,2,Website,10,1,Other,Cybersecurity,1,Cybersecurity
CUST_04565,42,Male,Hyderabad,Medium,Healthcare,35.19630096012434,398,1.1111579935310232,5,5,1,0,5,4,1,0,0,0,1,Website,0,1,Other,Cybersecurity,1,Cybersecurity
CUST_04566,49,Male,Pune,Medium,Logistics,60.42053731139398,365,3.59383285847798,8,8,1,5,6,3,0,0,1,1,1,LinkedIn,5,1,Other,Cybersecurity,1,Cybersecurity
CUST_04567,56,Male,Mumbai,Medium,Education,6.771210699895796,107,0.6836825065518152,7,9,1,5,7,4,1,1,0,0,4,Referral,10,1,Other,Data Analytics,1,Data Analytics
CUST_04568,43,Female,Hyderabad,Small,Logistics,1.2919802657908526,13,0.109520449824061,4,4,0,3,6,0,0,0,0,1,0,Email Campaign,10,1,Other,Cybersecurity,1,Cybersecurity
CUST_04569,44,Female,Pune,Medium,Manufacturing,24.6575122819268,292,2.2000896825471465,7,6,1,0,6,4,0,1,1,0,1,Referral,15,0,Other,Cloud Services,0,No Offer
CUST_04570,24,Female,Vadodara,Medium,Retail,48.014734086435965,410,5.246447366642144,1,11,0,5,9,3,1,0,0,1,1,Website,0,1,Other,Cybersecurity,1,Cybersecurity
CUST_04571,31,Female,Kolkata,Small,Finance,16.347125855178156,88,0.9505906474596908,7,12,0,5,6,3,1,0,0,0,3,Website,5,1,Other,Cybersecurity,1,Cybersecurity
CUST_04572,46,Female,Delhi,Medium,Retail,22.781556834271534,152,1.4511075499152386,0,4,0,0,4,1,1,0,1,0,3,Email Campaign,5,1,Other,Cybersecurity,1,Cybersecurity
CUST_04573,29,Female,Kolkata,Medium,IT,94.39615893437156,399,10.585111855906431,10,6,0,4,3,3,0,0,1,0,0,Cold Call,5,0,Other,Cybersecurity,0,No Offer
CUST_04574,32,Female,Mumbai,Medium,Retail,18.04720475409184,195,1.707174772540255,2,15,0,2,4,0,0,1,0,0,1,Referral,10,0,Other,Cloud Services,0,No Offer
CUST_04575,26,Male,Pune,Small,Real Estate,6.510616950291766,53,0.206714815541207,6,1,0,2,4,2,1,1,1,0,4,Referral,10,0,Other,AI Solutions,0,No Offer
CUST_04576,58,Female,Bangalore,Medium,Retail,47.43194078162401,409,5.238352018279396,3,7,0,2,6,3,1,1,0,0,0,Referral,15,0,Other,Data Analytics,0,No Offer
CUST_04577,59,Male,Hyderabad,Small,Education,6.609105313055047,68,0.6900635915259348,10,10,1,1,6,3,0,0,1,0,4,Referral,0,0,Other,Cybersecurity,0,No Offer
CUST_04578,50,Female,Hyderabad,Medium,Manufacturing,47.48912338062255,191,1.8726342739095905,6,7,1,5,6,3,1,1,0,1,2,Email Campaign,10,0,Other,Data Analytics,0,No Offer
CUST_04579,26,Female,Hyderabad,Medium,Real Estate,30.969161508532448,243,3.707081081236824,0,2,0,3,3,2,1,0,0,0,3,Cold Call,0,0,Other,Cybersecurity,0,No Offer
CUST_04580,30,Female,Pune,Medium,Education,96.6693292165674,406,8.956623614825565,6,7,0,1,7,4,0,0,0,0,1,Referral,0,0,Other,Cybersecurity,0,No Offer
CUST_04581,23,Female,Kolkata,Small,Manufacturing,8.58234454963006,67,0.4683357448712502,2,8,1,2,6,2,1,0,1,0,2,Referral,0,1,Other,Cybersecurity,1,Cybersecurity
CUST_04582,22,Male,Bangalore,Medium,Real Estate,20.434125543329746,225,1.9846187562461373,1,7,1,1,4,1,1,0,0,0,1,Website,5,1,Other,Cybersecurity,0,No Offer
CUST_04583,51,Male,Pune,Large,Education,360.8622676092819,4887,36.611289191198686,8,9,0,1,7,3,1,0,1,0,0,Cold Call,15,1,Other,Cybersecurity,1,Cybersecurity
CUST_04584,32,Male,Mumbai,Small,Manufacturing,19.01568692261869,86,2.670073369988879,1,6,0,5,7,2,1,0,1,0,0,Website,10,1,Other,Cybersecurity,1,Cybersecurity
CUST_04585,49,Female,Chennai,Large,Real Estate,140.08968826488984,2483,16.6787043947054,2,5,1,1,2,2,0,1,1,0,1,Cold Call,10,1,Other,Cloud Services,1,Cloud Services
CUST_04586,33,Female,Mumbai,Medium,Real Estate,105.16657135018178,433,6.965279040780208,2,3,0,2,4,1,0,1,1,0,1,LinkedIn,15,0,Other,Cloud Services,0,No Offer
CUST_04587,60,Female,Delhi,Medium,Real Estate,58.399911910056936,437,2.5798719452324037,3,4,0,2,3,3,0,1,0,0,1,Website,0,1,Other,Cloud Services,1,Cloud Services
CUST_04588,47,Female,Chennai,Small,Logistics,8.853263449301558,89,1.172013506784532,10,2,0,1,6,1,0,0,0,1,1,Referral,5,1,Other,Cybersecurity,0,No Offer
CUST_04589,34,Female,Mumbai,Small,Manufacturing,14.746584247661165,85,1.9395905400473337,6,10,0,2,1,2,1,1,1,0,2,Referral,20,1,Other,AI Solutions,1,AI Solutions
CUST_04590,29,Female,Bangalore,Large,Real Estate,175.2975676626061,2289,8.946697330038827,6,8,1,3,7,0,0,0,1,0,2,Referral,10,1,Other,Cybersecurity,1,Cybersecurity
CUST_04591,49,Female,Ahmedabad,Small,Manufacturing,5.02547094763515,78,0.1882327443675487,8,9,0,6,7,1,1,0,0,0,2,Referral,5,1,Other,Cybersecurity,1,Cybersecurity
CUST_04592,51,Female,Ahmedabad,Small,Retail,21.124553697427512,98,2.4382753733635467,9,10,0,4,6,3,1,1,0,0,1,Email Campaign,5,0,Other,Data Analytics,0,No Offer
CUST_04593,30,Female,Ahmedabad,Medium,IT,21.99426725278565,163,2.566946965514544,7,8,1,2,4,1,0,0,0,0,0,Cold Call,10,0,Other,Cybersecurity,0,No Offer
CUST_04594,60,Male,Delhi,Small,Manufacturing,1.843811789050877,12,0.0945087226441706,5,7,0,3,4,2,0,0,1,1,2,Website,0,1,Other,Cybersecurity,1,Cybersecurity
CUST_04595,52,Female,Delhi,Medium,IT,20.82276523310317,244,2.294365198297919,5,5,0,2,4,0,1,0,0,0,1,Website,10,1,Other,Cybersecurity,1,Cybersecurity
CUST_04596,42,Male,Ahmedabad,Medium,IT,29.647588078964908,476,1.8817575969549771,4,12,1,4,5,2,1,1,1,0,0,Website,0,1,Other,AI Solutions,1,AI Solutions
CUST_04597,55,Male,Vadodara,Large,Healthcare,410.450462533887,3322,25.14995943689692,1,5,0,3,3,3,1,1,1,0,1,Email Campaign,10,1,Other,AI Solutions,1,AI Solutions
CUST_04598,52,Female,Hyderabad,Medium,Healthcare,55.652364175174576,368,3.8367937551797615,5,16,1,0,4,2,0,1,0,0,1,Referral,10,1,Other,Cloud Services,1,Cloud Services
CUST_04599,46,Male,Chennai,Small,Finance,10.357392343155883,51,0.9575156913308136,5,6,1,2,6,0,1,0,0,0,2,Website,10,0,Other,Cybersecurity,0,No Offer
CUST_04600,33,Other,Chennai,Small,Logistics,14.720619204615083,98,1.8626657608959647,4,10,1,3,2,1,0,1,0,1,1,Email Campaign,15,0,Other,Cloud Services,0,No Offer
CUST_04601,22,Male,Hyderabad,Medium,Real Estate,21.682647371403963,105,1.947909414881395,5,8,0,4,7,3,1,0,0,0,4,Website,0,0,Other,Cybersecurity,0,No Offer
CUST_04602,43,Male,Kolkata,Small,Real Estate,4.019760576417453,55,0.2643600506475844,4,13,1,4,6,4,1,1,1,0,1,Email Campaign,0,1,Other,AI Solutions,1,AI Solutions
CUST_04603,58,Male,Vadodara,Large,Real Estate,307.68351660307263,4900,41.8686239958198,10,14,1,3,5,3,0,1,0,0,2,LinkedIn,10,1,Other,Cloud Services,1,Cloud Services
CUST_04604,22,Male,Ahmedabad,Medium,Education,33.69014344542042,412,1.2334229315988572,3,8,0,3,2,0,1,0,0,0,2,Website,10,0,Other,Cybersecurity,0,No Offer
CUST_04605,22,Male,Hyderabad,Small,Healthcare,2.6572315299106943,13,0.3338837406857946,2,3,0,3,4,2,1,0,0,0,1,LinkedIn,15,1,Other,Cybersecurity,1,Cybersecurity
CUST_04606,42,Male,Pune,Large,Manufacturing,206.9126973219338,1025,25.683206351065767,0,8,0,2,7,4,0,1,0,0,0,Referral,10,1,Other,Cloud Services,1,Cloud Services
CUST_04607,36,Male,Chennai,Small,IT,7.749082529310701,99,0.4682430947108583,10,9,1,5,5,0,1,1,0,0,1,Referral,10,0,Other,Data Analytics,0,No Offer
CUST_04608,38,Male,Pune,Small,Education,2.1355138027051663,38,0.1148808659949946,3,12,0,5,4,3,1,1,1,0,2,Website,0,1,Other,AI Solutions,1,AI Solutions
CUST_04609,43,Male,Hyderabad,Medium,Real Estate,72.76493463730647,389,9.820651541252282,8,6,0,2,4,2,0,1,0,0,2,LinkedIn,10,1,Other,Cloud Services,1,Cloud Services
CUST_04610,59,Female,Hyderabad,Large,Finance,549.7671589850571,2487,53.36290476542731,6,3,1,4,5,0,1,0,0,0,0,Referral,20,0,Other,Cybersecurity,0,No Offer
CUST_04611,56,Male,Mumbai,Medium,Real Estate,61.85303404342722,308,2.19710406969804,6,6,1,4,3,1,1,0,0,0,1,Website,0,0,Other,Cybersecurity,0,No Offer
CUST_04612,37,Female,Mumbai,Small,Healthcare,8.693740427809502,96,1.1901722123724057,6,5,1,2,7,0,1,1,0,0,5,Cold Call,0,1,Other,Data Analytics,1,Data Analytics
CUST_04613,29,Female,Bangalore,Small,Retail,12.006257720044834,72,0.8630184268828035,3,4,0,4,8,0,1,0,1,0,3,Referral,15,1,Other,Cybersecurity,1,Cybersecurity
CUST_04614,38,Male,Bangalore,Small,Logistics,8.05892576500433,40,0.5726574850098954,6,5,0,3,4,1,0,1,1,0,2,Website,0,0,Other,Cloud Services,0,No Offer
CUST_04615,38,Female,Delhi,Small,Education,6.0699444545644745,60,0.6506649792591495,10,9,0,3,4,1,1,0,0,0,0,Referral,0,1,Other,Cybersecurity,1,Cybersecurity
CUST_04616,47,Female,Delhi,Small,Finance,7.777208013694531,50,0.8504945720760723,1,3,0,2,3,2,0,0,1,0,1,Email Campaign,0,0,Other,Cybersecurity,0,No Offer
CUST_04617,34,Female,Ahmedabad,Medium,Manufacturing,43.46345110598031,385,3.146664086289062,7,11,1,6,9,7,0,0,0,1,2,Cold Call,5,1,Other,Cybersecurity,1,Cybersecurity
CUST_04618,38,Male,Mumbai,Large,Education,402.7172633925216,4234,19.00562563110919,9,8,0,5,7,3,0,1,1,0,1,Email Campaign,10,1,Other,Cloud Services,1,Cloud Services
CUST_04619,59,Female,Ahmedabad,Small,IT,16.830332709437766,69,1.620296044828019,7,8,0,4,2,1,1,0,0,0,1,Referral,10,0,Other,Cybersecurity,0,No Offer
CUST_04620,38,Female,Hyderabad,Small,Manufacturing,5.580393409857247,24,0.5860612851597696,8,7,0,2,2,1,0,0,0,1,1,Website,10,1,Other,Cybersecurity,1,Cybersecurity
CUST_04621,35,Male,Ahmedabad,Large,Manufacturing,300.6675933172328,2161,40.05694638590973,4,10,1,6,8,1,0,1,0,0,3,Referral,0,1,Other,Cloud Services,1,Cloud Services
CUST_04622,27,Male,Hyderabad,Medium,Education,30.24604437520296,391,2.6656685338520734,9,5,0,3,8,0,0,0,0,0,4,Cold Call,0,1,Other,Cybersecurity,1,Cybersecurity
CUST_04623,56,Male,Chennai,Large,Real Estate,907.1068145602336,4638,97.49904210614632,7,10,0,2,3,1,0,1,0,0,3,Referral,15,0,Other,Cloud Services,0,No Offer
CUST_04624,35,Female,Mumbai,Small,Retail,3.944468815000118,39,0.1440877353996552,1,7,1,2,5,0,1,0,0,0,2,Website,0,0,Other,Cybersecurity,0,No Offer
CUST_04625,29,Male,Bangalore,Small,Retail,3.0133282020342804,36,0.4138587759678352,9,5,1,3,13,2,0,0,0,0,1,LinkedIn,15,1,Other,Cybersecurity,1,Cybersecurity
CUST_04626,36,Female,Ahmedabad,Medium,Real Estate,22.73504463857465,180,1.5747632735214645,9,3,0,1,9,3,0,0,0,0,1,LinkedIn,0,0,Other,Cybersecurity,0,No Offer
CUST_04627,48,Male,Mumbai,Medium,Education,19.34027526733513,124,2.0474879269725843,7,9,1,3,3,1,0,1,0,0,2,Referral,10,1,Other,Cloud Services,1,Cloud Services
CUST_04628,34,Female,Chennai,Medium,Real Estate,14.870446116313746,214,2.080764954273996,9,11,1,3,4,2,0,1,1,0,2,Website,5,1,Other,Cloud Services,1,Cloud Services
CUST_04629,52,Male,Pune,Medium,Education,31.71941385967313,193,4.036710751574156,8,9,0,0,6,0,1,0,0,0,0,LinkedIn,0,0,Other,Cybersecurity,0,No Offer
CUST_04630,56,Male,Bangalore,Small,Education,2.9719017973413613,56,0.3165802427454394,5,9,0,3,6,2,0,0,0,1,1,Email Campaign,0,1,Other,Cybersecurity,1,Cybersecurity
CUST_04631,27,Female,Vadodara,Medium,Logistics,64.85816264168733,284,7.421910193122696,5,8,0,1,8,1,1,0,1,0,0,Referral,0,1,Other,Cybersecurity,1,Cybersecurity
CUST_04632,26,Male,Surat,Medium,Logistics,89.44466506090541,382,12.56774590987055,3,10,0,3,3,2,0,0,1,0,2,Email Campaign,15,1,Other,Cybersecurity,1,Cybersecurity
CUST_04633,43,Male,Mumbai,Small,IT,12.38669174624933,63,1.578698499392641,7,11,0,2,6,4,0,1,0,0,0,Website,0,0,Other,Cloud Services,0,No Offer
CUST_04634,44,Male,Kolkata,Medium,Healthcare,39.1235977081501,273,4.036893596419633,6,6,0,1,3,0,1,0,0,0,2,Website,10,1,Other,Cybersecurity,1,Cybersecurity
CUST_04635,46,Male,Mumbai,Medium,Manufacturing,45.44066435069801,450,4.955046560093108,8,10,0,3,6,1,0,1,0,0,2,Cold Call,10,0,Other,Cloud Services,0,No Offer
CUST_04636,55,Female,Hyderabad,Small,Education,14.712858942528667,74,0.7013945144476093,0,9,0,2,7,1,0,0,0,1,2,Email Campaign,5,1,Other,Cybersecurity,0,No Offer
CUST_04637,47,Female,Vadodara,Small,Logistics,18.672395790842607,79,1.613670714293932,9,8,0,3,4,5,1,1,1,0,5,Website,5,1,Other,AI Solutions,1,AI Solutions
CUST_04638,26,Male,Kolkata,Small,Healthcare,0.8170674097948791,10,0.0540242664955157,7,3,0,2,8,0,1,1,0,0,2,Cold Call,15,1,Other,Data Analytics,1,Data Analytics
CUST_04639,47,Male,Ahmedabad,Small,IT,13.600617796656262,95,1.113026633805183,7,10,0,2,4,2,0,1,0,0,1,Referral,10,1,Other,Cloud Services,1,Cloud Services
CUST_04640,41,Male,Chennai,Medium,Manufacturing,45.56008786449581,403,4.987445725460743,8,9,0,2,2,3,0,0,1,0,4,Website,15,1,Other,Cybersecurity,1,Cybersecurity
CUST_04641,27,Female,Kolkata,Large,Healthcare,306.040558394757,2522,14.658770828371104,6,7,1,2,6,5,1,0,0,1,0,Website,5,1,Other,Cybersecurity,1,Cybersecurity
CUST_04642,27,Male,Ahmedabad,Small,Manufacturing,7.082184038287672,54,0.2272326938476246,8,9,0,0,2,0,1,0,0,0,3,Referral,5,1,Other,Cybersecurity,1,Cybersecurity
CUST_04643,39,Male,Ahmedabad,Small,Real Estate,11.777604174839116,49,0.9143063462782918,9,9,0,1,1,0,1,1,0,0,1,Website,10,0,Other,Data Analytics,0,No Offer
CUST_04644,25,Male,Ahmedabad,Large,Retail,344.1439077795522,3383,23.62964951497011,7,6,0,2,2,1,1,0,0,0,1,Referral,5,1,Other,Cybersecurity,1,Cybersecurity
CUST_04645,38,Female,Hyderabad,Small,Education,8.76357490130338,59,0.7050457885717213,8,4,1,3,6,1,1,1,1,0,1,Cold Call,0,1,Other,AI Solutions,1,AI Solutions
CUST_04646,35,Male,Kolkata,Small,Real Estate,2.643272437655939,11,0.3746746441912688,8,3,0,4,6,1,1,0,0,0,3,Email Campaign,15,0,Other,Cybersecurity,0,No Offer
CUST_04647,35,Female,Delhi,Small,Retail,9.003105438707134,62,1.0340074892336986,0,10,1,1,4,2,1,1,1,0,1,Email Campaign,5,1,Other,AI Solutions,1,AI Solutions
CUST_04648,34,Male,Chennai,Medium,Finance,110.0236327658396,494,7.624093458469169,2,11,1,5,5,1,0,0,1,0,2,Website,10,0,Other,Cybersecurity,1,Cybersecurity
CUST_04649,28,Male,Pune,Small,IT,4.631471614879215,75,0.2385831216069684,5,6,0,4,5,2,0,1,1,0,0,Referral,10,0,Other,Cloud Services,0,No Offer
CUST_04650,36,Male,Mumbai,Medium,Education,103.4606159878383,430,10.782395915506768,10,8,0,4,4,3,1,1,0,1,0,Website,0,0,Other,Data Analytics,0,No Offer
CUST_04651,40,Male,Hyderabad,Small,Real Estate,3.675261635018828,42,0.400269621363249,6,7,1,3,7,1,1,1,0,0,1,LinkedIn,10,1,Other,Data Analytics,1,Data Analytics
CUST_04652,56,Male,Bangalore,Small,Healthcare,22.38481763210937,91,1.9706411987260757,3,5,0,4,9,2,1,0,0,0,4,Website,10,1,Other,Cybersecurity,1,Cybersecurity
CUST_04653,38,Male,Pune,Small,Manufacturing,8.00084506686071,94,0.4442972712926821,9,4,0,2,2,1,0,0,0,0,4,Website,0,0,Other,Cybersecurity,0,No Offer
CUST_04654,56,Male,Chennai,Medium,Logistics,35.1349169584257,253,1.1744419149388927,1,6,0,5,5,2,1,0,1,0,2,Website,5,0,Other,Cybersecurity,0,No Offer
CUST_04655,40,Male,Hyderabad,Medium,Finance,53.9621598859078,483,3.339139800432923,3,4,0,1,4,1,0,0,0,0,1,LinkedIn,10,0,Other,Cybersecurity,0,No Offer
CUST_04656,41,Male,Pune,Small,IT,4.099388526570264,30,0.3478759957342974,5,6,1,2,12,2,1,0,1,0,3,Referral,5,1,Other,Cybersecurity,1,Cybersecurity
CUST_04657,57,Female,Mumbai,Small,IT,5.806086983136097,58,0.7231604099837285,3,6,0,2,4,1,1,0,0,0,1,Referral,20,1,Other,Cybersecurity,1,Cybersecurity
CUST_04658,56,Male,Ahmedabad,Medium,IT,109.6216306009733,451,14.519435340009045,9,9,0,5,7,0,0,1,0,0,1,Website,5,0,Other,Cloud Services,0,No Offer
CUST_04659,53,Female,Vadodara,Large,Healthcare,223.29029860056824,2009,17.763222693680717,1,12,1,4,4,3,0,0,0,0,5,Website,10,1,Other,Cybersecurity,1,Cybersecurity
CUST_04660,45,Male,Ahmedabad,Small,Real Estate,17.16222332922024,95,2.154457758785773,8,6,1,2,6,3,1,1,0,0,1,Referral,0,0,Other,Data Analytics,0,No Offer
CUST_04661,38,Male,Chennai,Medium,Education,25.95898180311883,335,3.873140798570496,0,9,1,5,10,1,0,0,0,1,2,Referral,15,1,Other,Cybersecurity,1,Cybersecurity
CUST_04662,28,Male,Mumbai,Small,Retail,16.115812272748258,75,1.869325361041122,9,11,1,4,4,0,0,0,0,1,0,Website,0,0,Other,Cybersecurity,0,No Offer
CUST_04663,22,Male,Pune,Small,Finance,7.291073080287523,46,0.8562044466845348,6,8,0,2,1,4,0,0,0,0,2,Email Campaign,10,1,Other,Cybersecurity,1,Cybersecurity
CUST_04664,56,Male,Surat,Small,Real Estate,5.655452172844053,23,0.7869243872618379,8,6,1,2,3,1,0,1,0,1,4,Email Campaign,5,1,Other,Cloud Services,1,Cloud Services
CUST_04665,53,Male,Vadodara,Medium,Healthcare,28.013532220270907,208,1.9771193389884307,2,8,1,2,8,1,1,1,0,1,0,Website,5,0,Other,Data Analytics,1,Data Analytics
CUST_04666,57,Female,Ahmedabad,Small,Manufacturing,1.4254331999253134,16,0.0446797007116392,10,8,0,4,1,4,1,1,1,0,0,Referral,15,0,Other,AI Solutions,0,No Offer
CUST_04667,34,Male,Delhi,Large,Healthcare,508.2850027232709,4264,75.44843950827682,5,8,0,4,3,2,0,1,1,0,3,LinkedIn,10,1,Other,Cloud Services,1,Cloud Services
CUST_04668,27,Male,Pune,Medium,Manufacturing,92.18258760913236,467,8.190991613000996,8,8,0,3,4,2,1,1,0,0,1,Referral,5,1,Other,Data Analytics,1,Data Analytics
CUST_04669,35,Male,Ahmedabad,Large,Manufacturing,278.7320593373356,1533,34.64118580220047,8,11,0,1,4,3,1,0,1,1,3,Website,10,1,Other,Cybersecurity,1,Cybersecurity
CUST_04670,58,Female,Pune,Small,IT,10.900482520747886,53,1.3897999288751592,3,10,0,4,6,1,1,0,1,0,1,Referral,5,0,Other,Cybersecurity,0,No Offer
CUST_04671,36,Female,Vadodara,Small,Healthcare,5.822465259675764,90,0.452417202883099,7,8,1,2,5,2,0,1,1,1,2,Website,0,1,Other,Cloud Services,1,Cloud Services
CUST_04672,25,Male,Chennai,Large,Retail,316.37050340636364,1905,30.04025425481123,7,6,1,1,5,2,1,0,1,0,3,Website,15,1,Other,Cybersecurity,1,Cybersecurity
CUST_04673,37,Male,Bangalore,Medium,Manufacturing,87.00761462987202,368,8.24743988181769,10,9,0,0,5,1,0,1,0,1,1,Website,10,0,Other,Cloud Services,0,No Offer
CUST_04674,49,Male,Ahmedabad,Large,Logistics,255.97145281322412,3576,14.443425005746125,6,8,1,4,10,2,0,0,1,0,0,Email Campaign,15,1,Other,Cybersecurity,1,Cybersecurity
CUST_04675,37,Male,Pune,Small,IT,0.8264046213911493,12,0.0364582216768271,5,6,0,0,7,4,1,1,0,0,4,Referral,10,1,Other,Data Analytics,1,Data Analytics
CUST_04676,25,Female,Bangalore,Small,Retail,14.692386340696617,76,1.399136507219299,2,11,0,4,7,0,0,1,0,0,4,Email Campaign,20,0,Other,Cloud Services,0,No Offer
CUST_04677,47,Female,Bangalore,Medium,Real Estate,38.20633401506805,338,1.6970178910202491,3,7,1,7,5,3,1,0,1,0,3,Website,10,1,Other,Cybersecurity,1,Cybersecurity
CUST_04678,49,Male,Delhi,Small,Real Estate,11.629813892619609,64,0.8318881106370312,8,7,1,3,8,2,1,1,0,0,2,LinkedIn,20,0,Other,Data Analytics,0,No Offer
CUST_04679,53,Male,Bangalore,Medium,Real Estate,31.338149814184188,197,1.639925373411876,9,7,1,0,3,2,0,0,0,0,2,LinkedIn,15,0,Other,Cybersecurity,0,No Offer
CUST_04680,23,Female,Vadodara,Small,Healthcare,19.28263987010253,78,2.2142242442300213,6,7,0,3,5,2,0,0,1,0,4,Email Campaign,5,0,Other,Cybersecurity,1,Cybersecurity
CUST_04681,52,Male,Mumbai,Small,Retail,8.429017485466069,37,1.134891869399896,10,7,0,4,7,1,0,1,1,1,3,Referral,20,1,Other,Cloud Services,1,Cloud Services
CUST_04682,24,Male,Bangalore,Small,Healthcare,4.454749351496217,24,0.442578248559989,7,11,0,1,3,1,0,0,0,1,2,LinkedIn,10,1,Other,Cybersecurity,0,No Offer
CUST_04683,29,Female,Surat,Small,Manufacturing,4.093397008825204,40,0.3242735767721766,5,13,1,5,3,3,0,0,1,1,2,Cold Call,5,0,Other,Cybersecurity,0,No Offer
CUST_04684,45,Male,Pune,Small,Real Estate,6.9619510052463855,68,1.0414877983738722,0,5,0,3,6,2,1,0,0,0,1,Website,0,0,Other,Cybersecurity,0,No Offer
CUST_04685,36,Male,Bangalore,Medium,Finance,96.2407230483604,425,3.1321635928137,10,8,0,5,3,2,1,1,1,0,0,LinkedIn,0,1,Other,AI Solutions,1,AI Solutions
CUST_04686,52,Male,Kolkata,Small,Finance,10.525297422469952,63,0.7001525741688895,8,7,1,8,4,2,1,1,1,0,3,Website,10,0,Other,AI Solutions,0,No Offer
CUST_04687,30,Female,Mumbai,Small,Real Estate,16.004939443602378,77,1.0153658152288318,10,9,1,3,7,2,0,1,0,1,1,Email Campaign,0,1,Other,Cloud Services,1,Cloud Services
CUST_04688,60,Male,Hyderabad,Large,Education,627.2183018983072,4481,45.626638965423886,2,7,0,3,6,1,0,1,0,0,2,Referral,5,1,Other,Cloud Services,1,Cloud Services
CUST_04689,23,Female,Mumbai,Medium,Education,27.892817295470604,395,1.6086203041338476,2,8,0,0,6,3,0,0,1,1,0,Referral,10,1,Other,Cybersecurity,1,Cybersecurity
CUST_04690,29,Female,Chennai,Small,Manufacturing,5.943401874044186,51,0.366776483982551,8,6,0,3,3,3,0,0,0,0,0,Referral,0,0,Other,Cybersecurity,0,No Offer
CUST_04691,28,Male,Hyderabad,Medium,Retail,10.689879051497442,130,0.6512408282676001,3,8,0,4,4,0,1,0,0,0,4,Website,0,1,Other,Cybersecurity,1,Cybersecurity
CUST_04692,60,Male,Delhi,Large,Healthcare,285.8176901498641,1385,25.920602271667367,7,7,1,1,3,2,1,1,1,0,0,Website,10,1,Other,AI Solutions,1,AI Solutions
CUST_04693,37,Male,Mumbai,Small,Real Estate,14.067577446924934,74,1.0821713708930136,10,12,0,3,5,3,1,1,1,0,1,Website,0,0,Other,AI Solutions,1,AI Solutions
CUST_04694,56,Male,Chennai,Small,Finance,6.632893278805597,98,0.7078200013717505,3,12,1,4,3,1,1,1,1,1,1,LinkedIn,0,1,Other,Advanced IT Solutions,1,Advanced IT Solutions
CUST_04695,51,Female,Mumbai,Medium,Real Estate,74.06775889475955,425,6.794097696954513,1,8,0,2,6,2,1,0,0,1,2,LinkedIn,15,1,Other,Cybersecurity,1,Cybersecurity
CUST_04696,31,Female,Bangalore,Small,Healthcare,4.496542027979182,20,0.2338679490030098,4,9,0,2,3,2,1,1,0,0,1,Email Campaign,0,0,Other,Data Analytics,0,No Offer
CUST_04697,59,Male,Ahmedabad,Medium,Manufacturing,72.94705074579744,385,9.279258584539598,10,8,0,3,12,2,1,0,1,0,1,Referral,0,0,Other,Cybersecurity,0,No Offer
CUST_04698,39,Female,Ahmedabad,Large,Retail,537.8016777147922,3533,46.60773471661424,2,5,0,3,4,1,1,1,0,0,0,Referral,10,1,Other,Data Analytics,1,Data Analytics
CUST_04699,26,Male,Chennai,Large,Logistics,326.217823235518,2903,15.784956963749218,3,4,1,1,6,4,1,0,0,0,3,LinkedIn,10,1,Other,Cybersecurity,1,Cybersecurity
CUST_04700,50,Female,Mumbai,Small,Healthcare,22.287096291883557,98,1.114924944179566,2,7,0,2,5,3,1,0,1,0,1,Referral,10,1,Other,Cybersecurity,1,Cybersecurity
CUST_04701,60,Female,Chennai,Small,Real Estate,12.648731784251174,94,1.5891387132878518,0,10,0,8,4,2,1,0,0,0,3,Email Campaign,15,0,Other,Cybersecurity,0,No Offer
CUST_04702,55,Male,Delhi,Large,Retail,634.2748363381461,2869,72.53515151453708,3,9,0,6,7,1,0,0,1,1,0,Referral,0,1,Other,Cybersecurity,1,Cybersecurity
CUST_04703,44,Male,Ahmedabad,Medium,Logistics,73.13638854584835,354,6.639566673929169,8,11,1,3,5,4,1,0,1,0,2,Referral,15,1,Other,Cybersecurity,1,Cybersecurity
CUST_04704,26,Female,Kolkata,Small,Finance,6.184116398628987,29,0.4126647340120516,6,10,0,3,2,3,1,0,0,0,2,Referral,0,0,Other,Cybersecurity,0,No Offer
CUST_04705,51,Female,Hyderabad,Medium,Healthcare,117.53280491132406,474,10.021157752328085,5,12,0,3,4,6,1,0,0,0,3,Email Campaign,20,0,Other,Cybersecurity,0,No Offer
CUST_04706,27,Male,Vadodara,Small,IT,12.98386070634854,65,1.3811974517605807,9,7,0,1,4,1,1,0,0,0,0,Website,15,0,Other,Cybersecurity,0,No Offer
CUST_04707,25,Male,Bangalore,Small,Finance,3.351683041480052,59,0.4541995670846155,8,10,0,6,7,3,0,1,0,0,3,Referral,5,1,Other,Cloud Services,1,Cloud Services
CUST_04708,50,Female,Kolkata,Large,Retail,94.0926509670219,1033,9.099149279883935,3,9,0,5,4,3,0,1,0,0,1,Email Campaign,5,0,Other,Cloud Services,1,Cloud Services
CUST_04709,44,Male,Kolkata,Small,Manufacturing,4.277927254877468,75,0.2704002328342251,5,4,0,3,6,0,1,0,0,0,1,LinkedIn,15,0,Other,Cybersecurity,0,No Offer
CUST_04710,27,Male,Pune,Small,IT,7.302565261032064,83,0.2565302797869703,2,7,0,2,7,3,1,1,0,0,0,LinkedIn,5,0,Other,Data Analytics,0,No Offer
CUST_04711,53,Male,Kolkata,Small,Education,1.3703338470188986,22,0.0699618556209633,2,5,1,2,7,2,1,1,0,1,1,Cold Call,15,0,Other,Data Analytics,0,No Offer
CUST_04712,39,Male,Hyderabad,Medium,Healthcare,37.28020524283815,248,4.027056774396758,9,5,1,2,4,0,1,0,1,0,0,Website,15,0,Other,Cybersecurity,0,No Offer
CUST_04713,36,Male,Hyderabad,Small,Real Estate,4.562581895382476,82,0.2247182728833119,9,7,0,2,7,0,0,0,1,0,2,Referral,5,1,Other,Cybersecurity,1,Cybersecurity
CUST_04714,53,Other,Bangalore,Medium,Education,25.434784306457136,176,2.2327860895014853,7,10,0,3,8,3,1,0,0,0,1,Website,10,0,Other,Cybersecurity,0,No Offer
CUST_04715,30,Female,Chennai,Medium,Finance,105.69336345504112,460,12.035789682387572,4,6,0,2,8,3,1,0,0,0,4,Referral,5,1,Other,Cybersecurity,1,Cybersecurity
CUST_04716,58,Male,Surat,Large,Real Estate,487.305094136507,2440,32.64310057531023,7,8,0,5,1,3,0,0,1,0,1,Website,5,1,Other,Cybersecurity,1,Cybersecurity
CUST_04717,31,Male,Surat,Small,Healthcare,14.08867989909072,59,1.5538786409836562,8,9,0,3,6,2,0,0,0,0,0,Website,10,0,Other,Cybersecurity,0,No Offer
CUST_04718,41,Male,Mumbai,Large,Healthcare,54.528390917745945,572,5.438042671001917,1,8,1,3,10,1,1,0,0,0,2,Website,10,1,Other,Cybersecurity,1,Cybersecurity
CUST_04719,27,Male,Mumbai,Small,IT,11.872504409360465,76,0.9815319101745882,6,9,0,6,5,3,1,1,0,0,3,Website,10,0,Other,Data Analytics,0,No Offer
CUST_04720,24,Female,Vadodara,Medium,IT,44.576629128201766,392,6.136840347747592,1,10,1,0,4,1,1,0,0,0,2,Website,5,1,Other,Cybersecurity,1,Cybersecurity
CUST_04721,32,Male,Hyderabad,Small,IT,6.694378161228307,45,0.7567798155202139,6,7,1,0,1,2,0,0,1,0,2,Cold Call,0,0,Other,Cybersecurity,0,No Offer
CUST_04722,38,Other,Mumbai,Small,IT,4.842454977505731,30,0.3548146370927902,10,6,0,7,4,2,0,1,1,0,3,Email Campaign,0,1,Other,Cloud Services,1,Cloud Services
CUST_04723,53,Male,Pune,Medium,Manufacturing,26.55807290816029,464,3.3599081215030715,2,12,1,3,4,0,0,0,1,0,1,Email Campaign,15,0,Other,Cybersecurity,1,Cybersecurity
CUST_04724,25,Female,Mumbai,Small,Real Estate,5.895724849622794,61,0.6990694533656925,7,8,0,4,7,2,1,0,0,1,4,Email Campaign,15,0,Other,Cybersecurity,0,No Offer
CUST_04725,25,Male,Delhi,Small,Real Estate,3.81909111697599,20,0.4773943175242265,3,5,1,2,11,1,1,1,0,0,1,Website,15,1,Other,Data Analytics,1,Data Analytics
CUST_04726,38,Male,Delhi,Small,Retail,3.477955283437019,17,0.3718446082232699,8,14,0,2,7,3,1,1,0,0,0,Website,10,1,Other,Data Analytics,1,Data Analytics
CUST_04727,40,Male,Pune,Medium,IT,31.466932511520127,192,2.376523523202643,3,6,0,3,3,1,0,0,1,0,4,Referral,10,0,Other,Cybersecurity,0,No Offer
CUST_04728,26,Female,Kolkata,Small,Finance,5.729119307435444,55,0.4115193276917359,1,9,0,3,7,1,0,0,1,0,4,Website,15,0,Other,Cybersecurity,0,No Offer
CUST_04729,53,Female,Delhi,Small,Real Estate,11.398463630975677,87,1.2367123683013972,3,12,0,2,4,3,0,0,0,0,2,Website,10,0,Other,Cybersecurity,0,No Offer
CUST_04730,43,Female,Surat,Small,Healthcare,0.7612809861390462,11,0.0347966320422495,4,10,0,8,8,1,0,0,0,0,1,LinkedIn,5,0,Other,Cybersecurity,1,Cybersecurity
CUST_04731,27,Female,Surat,Medium,Education,112.37697620842808,467,14.428048741324105,7,7,0,5,7,2,1,0,1,1,1,LinkedIn,0,0,Other,Cybersecurity,0,No Offer
CUST_04732,56,Female,Delhi,Small,IT,13.647865148765517,61,1.015950440137605,2,3,0,5,6,2,0,0,1,0,2,Referral,0,0,Other,Cybersecurity,0,No Offer
CUST_04733,43,Male,Mumbai,Small,Finance,4.670914734230458,74,0.4934570996077587,8,4,1,1,7,0,0,1,1,0,1,Email Campaign,5,0,Other,Cloud Services,0,No Offer
CUST_04734,22,Male,Vadodara,Small,Manufacturing,1.665962662633322,20,0.149749501704602,8,10,0,4,5,2,1,0,1,0,1,Email Campaign,0,1,Other,Cybersecurity,1,Cybersecurity
CUST_04735,41,Female,Vadodara,Small,Finance,2.493283323566261,15,0.2301778695531361,10,8,0,6,5,3,1,0,0,0,1,Referral,20,0,Other,Cybersecurity,0,No Offer
CUST_04736,43,Female,Surat,Medium,Education,32.70875902596084,339,3.877974594272171,9,6,1,3,5,3,1,0,1,0,2,Website,5,0,Other,Cybersecurity,0,No Offer
CUST_04737,32,Female,Delhi,Medium,Education,37.90082233645211,160,3.9871819142266034,2,7,0,2,7,0,0,0,0,1,0,Referral,0,0,Other,Cybersecurity,0,No Offer
CUST_04738,34,Male,Kolkata,Large,Finance,319.37556848465334,1588,19.174376108507285,7,6,1,1,1,1,0,1,0,1,1,Website,10,0,Other,Cloud Services,0,No Offer
CUST_04739,24,Male,Bangalore,Small,Manufacturing,6.69813136526186,64,0.2606049456840694,5,9,0,4,4,4,1,0,0,0,2,Cold Call,10,1,Other,Cybersecurity,1,Cybersecurity
CUST_04740,30,Female,Mumbai,Large,Real Estate,207.4421430642857,4050,27.139258965113854,10,8,0,3,11,0,0,0,0,0,1,LinkedIn,10,1,Other,Cybersecurity,1,Cybersecurity
CUST_04741,33,Female,Mumbai,Small,Education,19.93950043285652,95,2.715506507371316,5,8,0,4,5,1,0,0,0,0,1,Referral,5,0,Other,Cybersecurity,0,No Offer
CUST_04742,44,Male,Vadodara,Large,Manufacturing,531.8567808752408,3945,26.45433500176241,1,4,0,4,7,3,0,0,0,1,2,Cold Call,20,1,Other,Cybersecurity,1,Cybersecurity
CUST_04743,35,Female,Delhi,Small,Healthcare,16.4197498981831,92,1.1023768215105327,7,10,1,4,4,6,1,1,0,1,1,Website,10,1,Other,Data Analytics,1,Data Analytics
CUST_04744,54,Female,Chennai,Medium,IT,52.08655806586586,485,3.327345886489022,6,6,0,3,4,1,0,0,1,0,2,Cold Call,0,1,Other,Cybersecurity,0,No Offer
CUST_04745,39,Male,Ahmedabad,Small,Education,2.671538163635563,34,0.3806776976845734,1,9,0,8,1,0,1,1,1,0,1,Website,5,1,Other,AI Solutions,1,AI Solutions
CUST_04746,30,Female,Delhi,Small,Finance,10.9186767830718,59,0.595868068986334,3,8,1,1,7,1,1,0,1,0,0,Website,10,1,Other,Cybersecurity,1,Cybersecurity
CUST_04747,44,Female,Pune,Large,Real Estate,584.4909012672017,4173,29.21560694198147,4,6,0,2,2,1,1,0,0,1,1,Cold Call,10,1,Other,Cybersecurity,1,Cybersecurity
CUST_04748,31,Female,Delhi,Medium,Retail,13.390683749531474,138,0.6939136140641337,8,4,0,5,1,2,1,0,0,0,2,Referral,10,0,Other,Cybersecurity,0,No Offer
CUST_04749,40,Female,Mumbai,Large,Retail,110.70655667610764,1428,13.017353097407462,9,8,0,3,0,5,0,0,0,0,3,Website,10,1,Other,Cybersecurity,1,Cybersecurity
CUST_04750,26,Male,Bangalore,Medium,Logistics,40.02911645208673,241,5.466471464415331,1,8,0,3,2,2,0,0,1,0,2,Email Campaign,0,0,Other,Cybersecurity,0,No Offer
CUST_04751,44,Male,Pune,Medium,Healthcare,81.75108498939473,419,6.311518063930453,6,10,0,3,3,1,0,1,0,0,4,Email Campaign,5,1,Other,Cloud Services,1,Cloud Services
CUST_04752,51,Male,Vadodara,Small,Retail,1.1745513166708537,11,0.0544164792016393,4,8,0,2,4,4,1,0,0,0,2,Email Campaign,10,1,Other,Cybersecurity,1,Cybersecurity
CUST_04753,46,Male,Hyderabad,Large,Healthcare,739.8420440456902,3755,74.19627249798398,1,7,0,3,3,0,0,0,1,0,1,Website,10,1,Other,Cybersecurity,1,Cybersecurity
CUST_04754,49,Male,Hyderabad,Medium,Real Estate,12.387294883757278,143,0.6836819947403571,9,11,0,0,9,2,0,1,1,0,1,Referral,5,0,Other,Cloud Services,0,No Offer
CUST_04755,55,Male,Chennai,Medium,IT,33.775060668859275,287,1.273258103276491,2,8,0,3,8,2,1,0,0,0,2,Email Campaign,5,0,Other,Cybersecurity,0,No Offer
CUST_04756,46,Male,Vadodara,Small,Logistics,13.331422643119405,67,1.8177096870709093,4,11,0,6,4,1,0,1,0,0,0,Referral,15,1,Other,Cloud Services,1,Cloud Services
CUST_04757,31,Male,Kolkata,Medium,Healthcare,18.38489909687101,101,2.47278645228033,9,11,0,3,3,0,1,0,0,0,2,Referral,0,0,Other,Cybersecurity,0,No Offer
CUST_04758,35,Male,Surat,Large,Manufacturing,58.09043676247664,558,8.545638796922272,0,5,1,4,4,5,1,1,0,0,2,Referral,5,1,Other,Data Analytics,1,Data Analytics
CUST_04759,51,Female,Chennai,Small,Manufacturing,6.028587025060317,81,0.5237670805810904,6,8,0,5,5,4,0,0,0,0,2,Website,5,0,Other,Cybersecurity,0,No Offer
CUST_04760,46,Male,Hyderabad,Small,Logistics,1.7548405496834516,30,0.114556243403524,0,6,0,4,6,4,1,0,0,0,4,Referral,0,1,Other,Cybersecurity,1,Cybersecurity
CUST_04761,35,Female,Surat,Small,Real Estate,12.184650015096,56,1.491084963703087,5,3,0,2,7,0,1,0,0,0,3,Cold Call,10,0,Other,Cybersecurity,0,No Offer
CUST_04762,56,Male,Kolkata,Medium,Real Estate,27.572037323354536,424,1.4243546801919142,5,6,1,6,4,1,0,1,0,0,3,Website,5,1,Other,Cloud Services,1,Cloud Services
CUST_04763,55,Male,Vadodara,Small,Manufacturing,1.5323496392668288,21,0.0907075123155134,0,8,0,2,8,2,1,1,0,0,2,Referral,10,0,Other,Data Analytics,0,No Offer
CUST_04764,31,Female,Surat,Small,Education,8.193538588625605,84,0.4971996133713253,6,5,1,4,3,2,1,1,0,0,2,Website,10,0,Other,Data Analytics,0,No Offer
CUST_04765,56,Male,Vadodara,Small,Manufacturing,7.930634628334267,57,1.143552540279375,7,8,0,0,1,1,1,1,1,0,2,Email Campaign,0,1,Other,AI Solutions,1,AI Solutions
CUST_04766,32,Male,Kolkata,Medium,Manufacturing,25.578762173817804,123,3.007518889588323,2,9,0,4,3,2,1,0,1,0,1,Email Campaign,10,1,Other,Cybersecurity,1,Cybersecurity
CUST_04767,32,Male,Ahmedabad,Small,Real Estate,4.278330803093512,43,0.1969887900108963,9,11,0,7,4,0,0,1,1,0,1,Email Campaign,10,0,Other,Cloud Services,0,No Offer
CUST_04768,42,Male,Pune,Small,Manufacturing,15.235358368507235,96,0.626805578205993,0,7,1,3,3,4,0,0,0,0,2,Referral,15,0,Other,Cybersecurity,0,No Offer
CUST_04769,42,Male,Surat,Large,Manufacturing,233.08710309986952,3424,30.566525813582626,1,11,1,2,3,4,1,0,1,0,1,Referral,5,1,Other,Cybersecurity,1,Cybersecurity
CUST_04770,43,Male,Surat,Large,Education,450.8564442411471,3155,56.93095915850656,0,3,0,1,3,1,1,1,0,1,1,Referral,5,1,Other,Data Analytics,1,Data Analytics
CUST_04771,28,Male,Vadodara,Small,Manufacturing,6.585640498010547,77,0.7278407029655949,8,6,0,4,7,3,1,0,0,0,2,Email Campaign,0,0,Other,Cybersecurity,0,No Offer
CUST_04772,38,Female,Vadodara,Medium,Manufacturing,36.24965652879842,393,1.9405194511980275,3,10,0,4,1,4,1,1,1,0,3,LinkedIn,0,1,Other,AI Solutions,1,AI Solutions
CUST_04773,23,Female,Surat,Medium,IT,58.47533555352651,474,5.124428998292036,6,6,1,3,4,2,1,0,0,0,1,Website,5,1,Other,Cybersecurity,1,Cybersecurity
CUST_04774,33,Male,Vadodara,Small,Real Estate,6.674894811425659,33,0.6830227186680956,4,10,1,2,4,2,0,1,0,1,0,Referral,0,0,Other,Cloud Services,1,Cloud Services
CUST_04775,39,Male,Bangalore,Small,Real Estate,8.349486011161972,42,1.1844288892347752,8,9,0,3,8,2,0,0,1,1,2,Website,15,0,Other,Cybersecurity,0,No Offer
CUST_04776,32,Male,Bangalore,Medium,Education,58.65061652600524,441,2.951935313786541,8,5,0,2,4,3,1,1,0,0,1,Email Campaign,15,0,Other,Data Analytics,0,No Offer
CUST_04777,37,Male,Ahmedabad,Small,Manufacturing,0.9585450009002624,13,0.0880458252533969,5,2,0,4,2,1,0,1,1,1,0,Referral,10,0,Other,Cloud Services,0,No Offer
CUST_04778,39,Male,Ahmedabad,Small,Healthcare,4.139394636186782,39,0.2025413936243105,4,5,0,2,6,2,0,0,0,1,0,Website,0,0,Other,Cybersecurity,0,No Offer
CUST_04779,56,Female,Ahmedabad,Large,Logistics,617.7299540463471,4089,51.43338255215512,9,6,1,5,6,1,0,1,1,1,5,Cold Call,10,1,Other,Cloud Services,1,Cloud Services
CUST_04780,47,Male,Hyderabad,Medium,Real Estate,60.896000761014704,272,3.289370370922082,0,10,1,3,7,4,1,1,1,0,0,Website,15,1,Other,AI Solutions,1,AI Solutions
CUST_04781,37,Female,Hyderabad,Medium,IT,49.21748643845855,202,6.415122597287355,3,6,0,5,6,4,1,0,0,1,0,LinkedIn,0,0,Other,Cybersecurity,0,No Offer
CUST_04782,27,Male,Delhi,Small,Education,14.3770291473874,81,0.870792981040601,4,11,0,3,7,4,0,0,0,0,3,Email Campaign,5,0,Other,Cybersecurity,0,No Offer
CUST_04783,33,Other,Chennai,Medium,Retail,42.76887812341497,356,3.4237584365515192,8,7,0,3,1,0,0,0,0,0,3,Referral,15,0,Other,Cybersecurity,0,No Offer
CUST_04784,34,Female,Pune,Small,Finance,4.717267268471893,25,0.3723552195247336,1,4,0,1,12,3,0,0,0,0,2,Referral,15,1,Other,Cybersecurity,1,Cybersecurity
CUST_04785,25,Female,Bangalore,Medium,Education,16.88342791163324,144,2.2616262582776243,1,6,1,3,3,1,1,0,1,0,4,Cold Call,5,1,Other,Cybersecurity,1,Cybersecurity
CUST_04786,60,Male,Kolkata,Medium,Logistics,28.54043458138137,163,3.4515573136167688,2,8,1,3,11,1,0,1,1,1,4,Website,5,1,Other,Cloud Services,1,Cloud Services
CUST_04787,23,Female,Pune,Medium,IT,29.13222773004492,295,1.0752431028200828,2,10,1,6,3,0,1,0,1,0,1,Referral,20,1,Other,Cybersecurity,1,Cybersecurity
CUST_04788,47,Female,Pune,Small,Manufacturing,10.132978544135009,98,0.3855648480119205,6,6,1,3,5,1,1,0,1,1,1,Referral,10,1,Other,Cybersecurity,1,Cybersecurity
CUST_04789,48,Female,Kolkata,Medium,IT,10.992624909589962,169,1.0568712953182358,0,5,1,6,3,3,1,1,0,0,1,Website,10,1,Other,Data Analytics,1,Data Analytics
CUST_04790,48,Male,Mumbai,Large,Finance,612.6430413532846,4571,49.82398153241621,1,7,0,3,4,1,0,0,0,0,2,Website,10,1,Other,Cybersecurity,1,Cybersecurity
CUST_04791,36,Female,Surat,Medium,Finance,74.66300872822744,430,4.709003909443302,10,16,1,6,6,3,1,0,1,0,2,Referral,10,1,Other,Cybersecurity,1,Cybersecurity
CUST_04792,29,Male,Chennai,Small,Education,9.34915449429559,45,1.1697149076346138,0,8,0,3,6,0,1,0,0,0,1,LinkedIn,15,0,Other,Cybersecurity,0,No Offer
CUST_04793,28,Female,Delhi,Medium,Manufacturing,90.76583543810658,428,4.124056524439653,8,10,0,1,3,4,1,1,0,0,4,Referral,5,1,Other,Data Analytics,1,Data Analytics
CUST_04794,33,Female,Ahmedabad,Small,Manufacturing,12.175955605170206,49,1.7884875155170397,9,12,1,6,4,1,0,0,0,0,1,Website,5,0,Other,Cybersecurity,0,No Offer
CUST_04795,34,Male,Kolkata,Large,Healthcare,35.599453503215784,527,1.1709479333086137,8,6,0,3,9,3,1,1,1,1,0,Website,5,1,Other,Advanced IT Solutions,1,Advanced IT Solutions
CUST_04796,38,Male,Hyderabad,Medium,Finance,49.04702671742469,330,2.1672746625797643,2,9,0,3,7,4,1,1,1,0,1,Referral,10,1,Other,AI Solutions,1,AI Solutions
CUST_04797,38,Male,Ahmedabad,Small,Manufacturing,1.542749150804827,10,0.1039164950060012,2,8,1,1,7,2,0,1,0,1,2,LinkedIn,5,1,Other,Cloud Services,1,Cloud Services
CUST_04798,57,Female,Vadodara,Small,Finance,15.185281339841652,72,1.3833471108409277,0,6,0,5,10,2,0,1,0,1,1,LinkedIn,10,0,Other,Cloud Services,0,No Offer
CUST_04799,42,Male,Kolkata,Small,Real Estate,7.951921140068245,77,0.4448013567314324,4,8,1,3,7,1,0,0,0,1,3,Email Campaign,10,0,Other,Cybersecurity,0,No Offer
CUST_04800,29,Male,Ahmedabad,Large,Healthcare,203.82341458536789,3191,24.12164869862934,2,3,1,2,6,2,0,0,0,1,2,Referral,15,0,Other,Cybersecurity,0,No Offer
CUST_04801,26,Male,Surat,Small,Retail,3.946311671878938,35,0.2877059645574636,1,4,0,1,2,5,1,0,0,1,2,Email Campaign,0,0,Other,Cybersecurity,0,No Offer
CUST_04802,47,Female,Surat,Medium,Finance,121.41849837992328,492,4.20406693993222,2,10,0,2,7,1,0,0,0,0,2,Website,0,1,Other,Cybersecurity,1,Cybersecurity
CUST_04803,37,Male,Surat,Large,Real Estate,178.1633856628109,775,24.110251656666165,7,5,0,1,5,4,1,0,1,1,2,Email Campaign,5,1,Other,Cybersecurity,1,Cybersecurity
CUST_04804,57,Female,Ahmedabad,Small,Real Estate,2.3228890594079457,18,0.3327861012497182,7,6,1,2,4,1,1,1,1,0,2,LinkedIn,10,0,Other,AI Solutions,0,No Offer
CUST_04805,49,Male,Surat,Small,Real Estate,9.235430389709498,41,0.9625870648861492,0,5,1,2,8,2,0,0,0,0,1,Referral,5,0,Other,Cybersecurity,0,No Offer
CUST_04806,50,Female,Bangalore,Medium,Healthcare,13.741867928069617,243,1.7422540215520974,1,10,0,6,3,3,0,1,0,0,0,Email Campaign,10,0,Other,Cloud Services,0,No Offer
CUST_04807,33,Female,Hyderabad,Medium,Healthcare,13.992261121112174,124,0.6231227465345283,0,6,1,5,2,3,1,1,1,0,5,LinkedIn,0,1,Other,AI Solutions,1,AI Solutions
CUST_04808,58,Male,Delhi,Small,Logistics,2.9304355439626337,15,0.1824443273611621,7,5,0,1,6,3,0,1,1,1,0,Referral,15,0,Other,Cloud Services,0,No Offer
CUST_04809,51,Male,Kolkata,Small,Healthcare,7.731816916676159,82,0.5337103312558029,0,5,1,3,4,1,1,1,1,0,2,LinkedIn,5,1,Other,AI Solutions,1,AI Solutions
CUST_04810,44,Female,Pune,Medium,IT,38.7409782085033,432,5.628691446795366,5,6,0,3,5,4,1,0,1,0,4,Referral,15,1,Other,Cybersecurity,1,Cybersecurity
CUST_04811,37,Male,Ahmedabad,Large,Education,467.84861534180834,2104,42.79257679954076,9,7,0,5,3,3,1,0,1,0,0,Website,10,1,Other,Cybersecurity,1,Cybersecurity
CUST_04812,35,Male,Ahmedabad,Small,Manufacturing,12.989309416151158,75,0.401234923601658,10,7,1,5,7,0,0,0,0,0,0,Website,0,1,Other,Cybersecurity,0,No Offer
CUST_04813,31,Female,Hyderabad,Small,Finance,23.293627104266275,94,1.7615176277197442,7,9,0,5,13,8,0,1,1,0,4,Referral,20,1,Other,Cloud Services,1,Cloud Services
CUST_04814,28,Other,Mumbai,Small,Education,7.308723849303822,95,0.2260593556462354,7,3,0,4,7,0,0,0,1,0,2,Website,0,0,Other,Cybersecurity,0,No Offer
CUST_04815,58,Female,Chennai,Large,IT,226.69202430519684,1870,13.269800493047308,6,8,0,5,6,2,0,0,0,0,3,Website,5,1,Other,Cybersecurity,1,Cybersecurity
CUST_04816,50,Male,Vadodara,Small,Finance,4.938677671872424,44,0.4176343784348556,7,6,1,1,4,1,0,0,1,0,1,Referral,0,0,Other,Cybersecurity,0,No Offer
CUST_04817,24,Male,Kolkata,Large,Education,495.2239465684262,2191,34.074956620852205,7,12,0,2,6,1,0,0,1,0,0,Email Campaign,0,0,Other,Cybersecurity,1,Cybersecurity
CUST_04818,36,Male,Mumbai,Small,IT,4.7497872884043,47,0.1611512841010927,9,7,0,2,4,1,0,0,0,1,3,Email Campaign,5,1,Other,Cybersecurity,1,Cybersecurity
CUST_04819,57,Female,Vadodara,Large,Real Estate,379.45627533751815,3144,16.68100664979773,2,10,0,4,6,2,0,0,0,0,0,Website,5,0,Other,Cybersecurity,0,No Offer
CUST_04820,40,Female,Chennai,Medium,Manufacturing,9.899413667020774,126,0.951396884388191,1,4,0,4,7,3,1,0,1,1,2,Email Campaign,15,1,Other,Cybersecurity,1,Cybersecurity
CUST_04821,34,Female,Pune,Medium,Healthcare,33.83823242742318,165,3.839711824688818,3,9,0,4,6,1,1,0,1,0,0,Email Campaign,15,1,Other,Cybersecurity,1,Cybersecurity
CUST_04822,42,Male,Ahmedabad,Small,Education,8.095874513716959,83,0.6358975999337959,4,8,0,4,5,1,1,1,1,0,0,Website,10,0,Other,AI Solutions,0,No Offer
CUST_04823,58,Female,Surat,Medium,Real Estate,31.004394515418184,487,3.651629673100733,1,14,1,5,6,0,1,0,1,1,2,LinkedIn,15,1,Other,Cybersecurity,1,Cybersecurity
CUST_04824,48,Male,Hyderabad,Small,Education,10.27663099036345,75,0.5097203485741401,10,12,1,5,7,4,0,0,0,0,1,Cold Call,0,1,Other,Cybersecurity,1,Cybersecurity
CUST_04825,50,Male,Kolkata,Small,Real Estate,6.927747738784575,54,0.3093028327945832,7,5,0,1,4,2,0,0,0,1,1,LinkedIn,0,0,Other,Cybersecurity,0,No Offer
CUST_04826,41,Female,Hyderabad,Small,Finance,4.874744929081282,57,0.6372970772715892,7,7,0,1,3,3,0,1,0,0,0,Website,0,0,Other,Cloud Services,0,No Offer
CUST_04827,46,Male,Delhi,Large,Healthcare,217.80669450895763,2839,15.400153415476863,3,9,1,1,6,1,0,0,0,0,0,Referral,10,0,Other,Cybersecurity,1,Cybersecurity
CUST_04828,27,Female,Pune,Medium,Logistics,83.92798801965469,366,6.871163450326313,4,5,0,1,10,1,1,0,0,0,0,Website,15,0,Other,Cybersecurity,1,Cybersecurity
CUST_04829,57,Female,Delhi,Medium,Manufacturing,8.83607672612421,139,1.2698307508644482,10,9,0,2,2,4,0,0,0,0,1,LinkedIn,15,0,Other,Cybersecurity,0,No Offer
CUST_04830,23,Female,Chennai,Medium,Real Estate,21.93672808052889,314,1.7745382600426425,4,9,1,1,4,3,1,1,0,0,0,Cold Call,10,1,Other,Data Analytics,1,Data Analytics
CUST_04831,43,Female,Chennai,Small,Finance,9.306888885402032,94,0.2831045098454967,4,9,0,4,6,2,1,0,0,0,2,LinkedIn,15,0,Other,Cybersecurity,0,No Offer
CUST_04832,53,Female,Bangalore,Large,Retail,509.0415450626317,2116,72.56724859193997,8,11,0,5,1,3,1,0,1,0,0,Referral,5,1,Other,Cybersecurity,1,Cybersecurity
CUST_04833,37,Male,Chennai,Medium,Retail,7.244299789628871,108,0.2296025473198138,8,11,0,4,1,1,1,0,1,0,2,Website,15,1,Other,Cybersecurity,1,Cybersecurity
CUST_04834,39,Male,Mumbai,Medium,Retail,99.5657848177852,467,10.899899978159793,10,3,0,1,5,3,1,0,1,0,2,Referral,0,0,Other,Cybersecurity,0,No Offer
CUST_04835,26,Male,Mumbai,Medium,Manufacturing,97.7596643240916,428,6.720674761226528,3,11,0,0,1,0,0,1,1,0,4,Website,15,1,Other,Cloud Services,1,Cloud Services
CUST_04836,57,Male,Surat,Large,Real Estate,475.4214538266105,3786,41.09870649685253,0,9,0,3,7,1,1,1,0,1,2,Referral,15,1,Other,Data Analytics,1,Data Analytics
CUST_04837,51,Female,Ahmedabad,Large,Retail,97.03076093000068,892,9.283342379971671,7,10,1,3,9,1,1,1,1,1,3,Website,20,0,Other,Advanced IT Solutions,0,No Offer
CUST_04838,40,Female,Hyderabad,Medium,Education,89.7701640953171,484,7.093208087236056,10,7,1,2,4,2,1,0,1,0,3,LinkedIn,10,1,Other,Cybersecurity,1,Cybersecurity
CUST_04839,44,Male,Ahmedabad,Small,Logistics,3.810538402440892,20,0.4684075922183343,0,13,0,1,3,0,1,0,0,0,0,LinkedIn,10,1,Other,Cybersecurity,1,Cybersecurity
CUST_04840,55,Male,Ahmedabad,Medium,Finance,92.49194922160916,449,13.104700474597486,6,10,0,3,5,1,1,0,1,0,1,Referral,5,0,Other,Cybersecurity,0,No Offer
CUST_04841,34,Male,Mumbai,Medium,Logistics,92.28040312549024,427,3.725308774296312,3,6,1,3,3,1,0,0,0,0,1,Email Campaign,20,0,Other,Cybersecurity,0,No Offer
CUST_04842,50,Female,Hyderabad,Small,Logistics,3.0066936448715724,29,0.3789346396220702,0,4,0,3,1,0,0,0,1,0,3,Email Campaign,0,0,Other,Cybersecurity,0,No Offer
CUST_04843,57,Female,Surat,Small,Logistics,8.807439057734502,47,0.4002147595686272,3,7,1,4,10,2,1,0,0,0,0,Referral,15,1,Other,Cybersecurity,1,Cybersecurity
CUST_04844,43,Female,Pune,Small,Education,1.2316983177109615,16,0.0488162221184228,6,7,0,4,2,1,1,0,0,0,0,Website,15,0,Other,Cybersecurity,0,No Offer
CUST_04845,57,Male,Bangalore,Medium,Retail,60.24992145829696,396,8.718150038214285,7,11,0,1,5,0,0,1,0,0,2,Email Campaign,0,0,Other,Cloud Services,0,No Offer
CUST_04846,30,Male,Mumbai,Small,Logistics,8.283714398520907,48,0.7348958012800595,1,14,1,4,3,3,0,1,1,1,2,Referral,0,1,Other,Cloud Services,1,Cloud Services
CUST_04847,60,Female,Delhi,Small,Real Estate,6.834750148830696,83,0.3302031483774555,8,9,0,1,4,5,1,0,1,0,1,Email Campaign,0,0,Other,Cybersecurity,0,No Offer
CUST_04848,40,Female,Bangalore,Medium,Logistics,15.868217830369684,243,1.561350970090785,4,0,0,2,3,1,0,0,0,0,0,Website,20,0,Other,Cybersecurity,0,No Offer
CUST_04849,59,Male,Pune,Medium,Finance,38.959774677794506,438,2.3994723939285283,10,7,0,4,6,0,1,0,1,0,2,LinkedIn,5,0,Other,Cybersecurity,0,No Offer
CUST_04850,27,Female,Chennai,Small,Real Estate,12.070597461342608,90,1.034656392587605,7,5,0,4,8,1,0,1,1,0,0,Website,15,1,Other,Cloud Services,0,No Offer
CUST_04851,36,Male,Ahmedabad,Small,Education,4.5513639112614985,20,0.4777072932268394,1,2,0,4,8,0,0,0,1,0,1,LinkedIn,0,0,Other,Cybersecurity,0,No Offer
CUST_04852,41,Female,Kolkata,Large,Manufacturing,654.3059904506597,4184,87.88139447523866,1,7,0,3,4,0,1,0,0,0,0,LinkedIn,5,1,Other,Cybersecurity,1,Cybersecurity
CUST_04853,30,Female,Surat,Medium,Healthcare,57.11379340718426,286,1.7345326435145514,3,6,0,4,3,0,0,1,0,1,2,Cold Call,10,1,Other,Cloud Services,1,Cloud Services
CUST_04854,53,Female,Ahmedabad,Small,Education,8.398061660170644,99,0.4677458267237391,3,4,0,3,4,3,1,0,0,0,4,Email Campaign,5,0,Other,Cybersecurity,0,No Offer
CUST_04855,25,Male,Chennai,Large,IT,321.3059215646465,4513,13.351053108385072,2,6,0,1,3,1,1,0,0,0,2,Website,15,1,Other,Cybersecurity,1,Cybersecurity
CUST_04856,39,Male,Pune,Small,Retail,4.504479690216606,46,0.1876193456632394,4,14,0,3,8,6,1,0,0,0,1,Referral,10,1,Other,Cybersecurity,1,Cybersecurity
CUST_04857,26,Female,Delhi,Large,IT,508.3945801717877,4508,72.9512107118602,1,3,0,1,4,0,1,0,0,0,2,Cold Call,0,0,Other,Cybersecurity,0,No Offer
CUST_04858,41,Female,Surat,Small,Real Estate,2.8731672677599183,18,0.4089377597156735,0,9,0,3,3,3,1,0,1,0,3,Website,5,1,Other,Cybersecurity,1,Cybersecurity
CUST_04859,44,Female,Surat,Small,Healthcare,9.95494121920708,44,1.1937663831965375,3,6,0,5,7,2,1,0,0,0,1,Website,10,0,Other,Cybersecurity,0,No Offer
CUST_04860,32,Female,Pune,Small,Manufacturing,10.276607775015954,76,1.101319032613998,5,13,0,3,10,3,0,1,0,0,0,Referral,5,0,Other,Cloud Services,0,No Offer
CUST_04861,58,Male,Bangalore,Small,Education,2.4601542011039044,16,0.3241411927553799,5,5,0,4,4,3,0,1,1,0,0,Email Campaign,10,0,Other,Cloud Services,0,No Offer
CUST_04862,43,Female,Vadodara,Medium,Manufacturing,10.693768511366669,210,0.3957661982427889,1,8,1,3,4,1,0,0,1,0,3,Referral,5,0,Other,Cybersecurity,1,Cybersecurity
CUST_04863,25,Female,Ahmedabad,Medium,Healthcare,22.66496503130293,400,1.0049259096243086,5,9,1,1,11,3,1,0,1,0,1,Email Campaign,5,1,Other,Cybersecurity,1,Cybersecurity
CUST_04864,50,Male,Bangalore,Large,IT,190.11493627873116,2848,12.937996473039297,3,13,0,1,4,3,1,1,1,0,0,Referral,10,1,Other,AI Solutions,1,AI Solutions
CUST_04865,55,Female,Mumbai,Small,Education,9.489940854790287,50,1.232734639317491,9,7,1,1,7,0,1,0,1,0,2,LinkedIn,5,1,Other,Cybersecurity,1,Cybersecurity
CUST_04866,34,Male,Pune,Small,Retail,12.368014995368211,84,1.071909950289493,0,13,0,4,10,1,0,1,1,0,1,Website,5,1,Other,Cloud Services,1,Cloud Services
CUST_04867,30,Male,Mumbai,Small,Finance,5.404126622088669,61,0.4886896128992885,0,7,0,1,4,4,0,0,0,0,2,Referral,10,0,Other,Cybersecurity,0,No Offer
CUST_04868,52,Male,Delhi,Small,Logistics,16.177909222844526,96,0.9304215137504254,1,8,0,4,4,2,1,0,0,0,1,Website,0,0,Other,Cybersecurity,0,No Offer
CUST_04869,28,Female,Bangalore,Medium,Manufacturing,55.781773057696334,351,6.013637591123648,3,7,1,0,7,2,1,1,1,0,0,LinkedIn,15,1,Other,AI Solutions,1,AI Solutions
CUST_04870,25,Female,Kolkata,Small,Real Estate,5.827347991131927,86,0.7956722628839952,7,8,0,3,5,1,1,0,1,0,1,Referral,0,0,Other,Cybersecurity,0,No Offer
CUST_04871,40,Female,Vadodara,Medium,Healthcare,48.794619944899615,274,3.3932611332790703,2,9,0,6,2,2,1,1,1,1,1,Website,0,1,Other,Advanced IT Solutions,1,Advanced IT Solutions
CUST_04872,51,Male,Pune,Medium,Education,42.31364270142922,208,4.413410795583463,10,8,0,4,6,2,0,1,1,0,2,Referral,5,1,Other,Cloud Services,1,Cloud Services
CUST_04873,52,Male,Pune,Small,Real Estate,5.043611432465512,47,0.3522149338207017,4,3,0,1,3,2,1,0,1,1,3,Website,5,0,Other,Cybersecurity,0,No Offer
CUST_04874,56,Male,Vadodara,Medium,IT,81.56153099350476,435,10.205492058887456,2,6,1,1,4,2,1,0,0,0,2,Website,0,1,Other,Cybersecurity,1,Cybersecurity
CUST_04875,42,Male,Surat,Small,Retail,8.005007402756355,89,0.6963969673588559,7,7,0,3,5,0,1,0,0,0,1,Website,10,0,Other,Cybersecurity,0,No Offer
CUST_04876,52,Female,Chennai,Small,Real Estate,10.2686338998598,51,0.7263649901378961,3,8,0,2,6,2,0,0,0,0,0,Email Campaign,0,0,Other,Cybersecurity,0,No Offer
CUST_04877,40,Female,Delhi,Medium,IT,97.82138504013304,421,7.865412835620331,10,13,1,7,3,0,1,0,0,1,1,Email Campaign,5,1,Other,Cybersecurity,1,Cybersecurity
CUST_04878,52,Male,Bangalore,Medium,Retail,51.33654058608222,371,2.1020928601494853,7,9,0,2,4,5,1,0,0,0,3,LinkedIn,15,1,Other,Cybersecurity,1,Cybersecurity
CUST_04879,53,Female,Pune,Small,Education,7.518255588816592,76,1.0069504830888605,7,6,1,2,7,1,0,1,0,0,1,LinkedIn,5,1,Other,Cloud Services,1,Cloud Services
CUST_04880,23,Female,Pune,Medium,Finance,26.09690342834753,201,3.7832233766320265,8,10,1,2,5,4,1,0,0,0,1,Referral,15,1,Other,Cybersecurity,1,Cybersecurity
CUST_04881,31,Male,Vadodara,Small,Finance,7.301131100773468,73,0.6373135548971846,1,8,1,5,2,1,1,1,0,0,3,Cold Call,10,1,Other,Data Analytics,1,Data Analytics
CUST_04882,23,Female,Kolkata,Medium,Real Estate,14.672379544756328,292,0.8298766092585897,10,10,0,4,1,1,0,1,1,1,1,Cold Call,5,1,Other,Cloud Services,1,Cloud Services
CUST_04883,23,Female,Vadodara,Medium,Logistics,19.44986281497601,108,2.1347925114176696,9,7,0,2,7,1,1,0,1,0,4,LinkedIn,0,1,Other,Cybersecurity,1,Cybersecurity
CUST_04884,45,Female,Vadodara,Medium,Real Estate,14.509321441324968,248,1.2229294393315029,6,10,0,5,4,1,1,0,0,0,4,Referral,5,1,Other,Cybersecurity,1,Cybersecurity
CUST_04885,38,Male,Ahmedabad,Large,Healthcare,188.76020348906476,2050,11.377711856596052,9,7,1,5,3,1,0,1,1,0,0,Email Campaign,15,0,Other,Cloud Services,0,No Offer
CUST_04886,53,Female,Bangalore,Medium,Healthcare,62.82024132598644,323,2.1743327616556845,0,11,0,1,9,4,0,0,0,1,2,Referral,0,0,Other,Cybersecurity,0,No Offer
CUST_04887,37,Female,Surat,Small,Retail,12.453860189254655,68,1.7032463879574302,3,11,0,5,10,2,0,0,1,1,0,Website,5,0,Other,Cybersecurity,0,No Offer
CUST_04888,37,Male,Vadodara,Small,Retail,4.785267898283252,74,0.6010685151445785,3,11,0,4,5,3,1,1,0,0,1,Website,0,0,Other,Data Analytics,0,No Offer
CUST_04889,60,Male,Kolkata,Large,Retail,203.85226200171329,1120,26.39493906760062,3,9,0,1,10,5,1,0,0,0,1,Website,10,1,Other,Cybersecurity,1,Cybersecurity
CUST_04890,52,Male,Surat,Small,Real Estate,8.027909249115321,34,0.6645564907621585,6,12,0,2,4,2,0,0,0,0,3,LinkedIn,0,1,Other,Cybersecurity,1,Cybersecurity
CUST_04891,45,Female,Hyderabad,Medium,Retail,10.708581477600044,165,1.2892130529089814,4,9,0,1,5,1,0,1,0,0,0,LinkedIn,5,1,Other,Cloud Services,1,Cloud Services
CUST_04892,22,Male,Bangalore,Medium,Logistics,64.83803337570437,487,6.467401368261578,4,6,0,4,6,1,1,0,0,0,0,Website,10,1,Other,Cybersecurity,1,Cybersecurity
CUST_04893,32,Female,Pune,Medium,Real Estate,93.63387989491191,478,7.02001620788268,2,7,0,4,7,2,1,0,1,0,1,Email Campaign,10,1,Other,Cybersecurity,1,Cybersecurity
CUST_04894,42,Male,Hyderabad,Medium,Education,38.1772769322012,208,5.006150077645473,9,7,1,1,5,1,0,1,0,0,2,Cold Call,10,1,Other,Cloud Services,1,Cloud Services
CUST_04895,25,Male,Surat,Medium,Education,19.155723807273837,201,2.8705025631104832,4,8,1,4,7,3,1,0,1,0,0,Website,0,1,Other,Cybersecurity,1,Cybersecurity
CUST_04896,28,Male,Surat,Medium,Finance,19.33154858684585,234,2.666088811569191,4,11,0,2,2,0,0,1,1,0,2,Website,10,1,Other,Cloud Services,1,Cloud Services
CUST_04897,47,Male,Bangalore,Large,Healthcare,760.5852467717015,3677,93.66077688242012,7,5,0,1,5,1,0,1,1,1,2,Email Campaign,0,1,Other,Cloud Services,1,Cloud Services
CUST_04898,33,Male,Chennai,Medium,Logistics,44.14855438173996,183,5.284624194786517,10,2,1,4,3,1,1,0,1,0,0,LinkedIn,10,0,Other,Cybersecurity,0,No Offer
CUST_04899,52,Female,Ahmedabad,Small,Healthcare,15.060235319633872,74,1.626955130647436,1,11,1,2,5,1,1,0,1,0,2,Website,15,1,Other,Cybersecurity,1,Cybersecurity
CUST_04900,38,Male,Pune,Medium,Manufacturing,87.10808182179846,359,11.536080385760435,7,8,0,4,4,1,1,0,0,0,1,Email Campaign,5,1,Other,Cybersecurity,1,Cybersecurity
CUST_04901,54,Male,Hyderabad,Medium,Healthcare,81.9085616323287,479,7.303765942232924,3,3,1,1,3,1,0,0,0,0,2,Website,5,0,Other,Cybersecurity,0,No Offer
CUST_04902,32,Male,Vadodara,Large,Healthcare,417.8726362292154,1772,21.64895382772599,8,5,0,2,5,0,0,0,0,0,2,LinkedIn,15,1,Other,Cybersecurity,1,Cybersecurity
CUST_04903,49,Female,Delhi,Small,IT,12.789925445810464,68,1.5624936088237258,7,10,0,2,5,3,1,0,0,1,1,LinkedIn,10,0,Other,Cybersecurity,0,No Offer
CUST_04904,53,Female,Chennai,Small,IT,4.867315950844564,21,0.6830828435568813,4,9,1,2,5,1,1,0,1,1,3,Email Campaign,10,0,Other,Cybersecurity,0,No Offer
CUST_04905,22,Female,Pune,Large,Logistics,328.2010430589517,3987,23.289892683227,4,13,0,4,7,3,0,0,1,0,0,Email Campaign,5,1,Other,Cybersecurity,1,Cybersecurity
CUST_04906,49,Other,Delhi,Medium,Manufacturing,78.63871292190345,369,9.747897242540668,8,9,1,2,6,1,1,1,0,0,2,Email Campaign,10,1,Other,Data Analytics,1,Data Analytics
CUST_04907,28,Male,Ahmedabad,Small,Retail,4.199410528962454,47,0.263919196029716,4,8,0,2,2,4,0,0,1,0,1,Email Campaign,10,0,Other,Cybersecurity,0,No Offer
CUST_04908,23,Male,Delhi,Medium,Manufacturing,22.36078561684416,403,3.2000974846995875,8,6,1,6,3,1,0,0,0,0,1,Email Campaign,0,1,Other,Cybersecurity,1,Cybersecurity
CUST_04909,45,Male,Vadodara,Large,Manufacturing,142.9245381587997,931,16.009737740739055,5,7,0,3,7,1,0,1,0,0,0,Email Campaign,10,0,Other,Cloud Services,0,No Offer
CUST_04910,25,Male,Delhi,Large,Finance,541.5439468754377,4765,53.2408742014831,10,5,0,1,6,4,1,1,1,0,3,Cold Call,0,1,Other,AI Solutions,1,AI Solutions
CUST_04911,40,Female,Chennai,Medium,Education,7.925346768276483,135,0.9794493753222586,10,12,0,2,5,2,0,0,0,0,1,Website,20,0,Other,Cybersecurity,0,No Offer
CUST_04912,47,Male,Mumbai,Small,Healthcare,15.009713420483546,61,1.9150554203752757,0,8,0,2,1,2,1,0,0,1,0,Website,10,1,Other,Cybersecurity,1,Cybersecurity
CUST_04913,32,Male,Chennai,Large,Finance,889.705285501685,4854,121.96470437389355,10,9,0,1,3,3,1,0,1,0,2,Email Campaign,0,1,Other,Cybersecurity,1,Cybersecurity
CUST_04914,32,Male,Vadodara,Medium,Logistics,112.87759297512866,490,15.592272251336702,7,9,1,1,3,0,1,0,0,0,4,Referral,5,1,Other,Cybersecurity,1,Cybersecurity
CUST_04915,24,Other,Hyderabad,Large,Education,650.5222107221106,2604,23.62885260052726,0,7,1,7,4,0,0,0,0,0,0,Email Campaign,0,1,Other,Cybersecurity,1,Cybersecurity
CUST_04916,33,Female,Mumbai,Small,Logistics,11.812187954748095,92,0.52858257067232,1,6,0,3,7,0,0,0,1,0,1,Referral,10,1,Other,Cybersecurity,1,Cybersecurity
CUST_04917,24,Male,Ahmedabad,Small,Healthcare,8.176739865492666,81,1.055840385644447,5,10,0,4,7,0,0,0,0,0,0,Cold Call,10,0,Other,Cybersecurity,0,No Offer
CUST_04918,48,Male,Chennai,Medium,Logistics,20.91322772750515,241,3.0015960721198467,4,7,1,5,4,1,1,0,0,0,1,Website,10,1,Other,Cybersecurity,1,Cybersecurity
CUST_04919,23,Female,Mumbai,Small,Manufacturing,2.142523901815759,14,0.1433790316770372,1,12,1,2,10,2,0,0,1,0,4,LinkedIn,15,1,Other,Cybersecurity,1,Cybersecurity
CUST_04920,37,Other,Surat,Medium,Real Estate,41.60552578660486,243,1.2911117550318294,5,6,1,2,5,4,1,0,0,0,1,Referral,10,0,Other,Cybersecurity,0,No Offer
CUST_04921,23,Male,Chennai,Large,Healthcare,608.7133973810054,4213,41.83359855784155,6,4,0,5,6,2,0,0,1,0,0,Website,10,1,Other,Cybersecurity,1,Cybersecurity
CUST_04922,51,Male,Mumbai,Medium,Retail,59.51933818658674,467,4.52011854421362,2,9,1,2,7,4,0,0,1,0,1,Email Campaign,10,1,Other,Cybersecurity,1,Cybersecurity
CUST_04923,41,Female,Bangalore,Large,Retail,293.79464857369175,3512,35.64434305022269,10,5,0,8,6,2,1,1,0,1,1,Email Campaign,0,1,Other,Data Analytics,1,Data Analytics
CUST_04924,59,Female,Hyderabad,Medium,Manufacturing,47.59994211817093,344,1.6998015431539668,7,8,0,1,2,2,1,1,1,1,3,Website,10,1,Other,Advanced IT Solutions,1,Advanced IT Solutions
CUST_04925,49,Male,Pune,Medium,Logistics,23.668165477781987,353,1.313981479742545,3,8,1,2,5,0,0,0,0,0,0,Website,15,0,Other,Cybersecurity,0,No Offer
CUST_04926,46,Female,Delhi,Large,IT,633.3471270481523,2840,86.94350609996538,9,2,0,0,5,5,0,0,1,0,2,Referral,15,1,Other,Cybersecurity,1,Cybersecurity
CUST_04927,53,Female,Mumbai,Medium,Retail,29.63088467937635,499,1.439422424197603,8,6,1,2,3,1,0,0,0,0,2,Website,5,0,Other,Cybersecurity,0,No Offer
CUST_04928,31,Female,Pune,Medium,Manufacturing,13.11743808401634,104,1.588649230336033,6,9,1,2,2,4,1,0,0,0,0,Website,0,1,Other,Cybersecurity,1,Cybersecurity
CUST_04929,54,Female,Chennai,Medium,Finance,25.560064440136703,365,1.8750160338153512,2,9,0,4,9,0,1,0,0,0,2,Website,10,1,Other,Cybersecurity,1,Cybersecurity
CUST_04930,34,Female,Pune,Medium,IT,69.2886817639745,338,7.588442782839419,4,8,0,5,11,3,0,1,0,1,2,Website,10,0,Other,Cloud Services,0,No Offer
CUST_04931,58,Male,Surat,Small,Retail,7.54067551629422,67,0.293042567819324,8,4,0,4,6,1,1,0,0,0,2,Email Campaign,10,0,Other,Cybersecurity,0,No Offer
CUST_04932,37,Female,Kolkata,Large,Real Estate,138.12537505303186,1902,8.893472088323257,8,7,0,0,5,2,0,1,0,0,1,Referral,15,1,Other,Cloud Services,1,Cloud Services
CUST_04933,43,Male,Kolkata,Large,Manufacturing,203.81293074386525,1304,16.503704884210798,7,8,1,4,7,4,0,0,0,0,0,Website,15,1,Other,Cybersecurity,1,Cybersecurity
CUST_04934,41,Female,Hyderabad,Medium,Manufacturing,51.08293291665385,219,6.78716019628846,7,7,0,4,8,7,0,1,0,0,0,Website,15,0,Other,Cloud Services,0,No Offer
CUST_04935,48,Male,Mumbai,Medium,Finance,41.24775741184365,178,4.02658557500721,8,7,1,3,5,1,0,0,0,0,3,Cold Call,10,1,Other,Cybersecurity,1,Cybersecurity
CUST_04936,37,Female,Surat,Medium,Real Estate,49.36552286391965,494,1.7488741146520852,4,7,0,1,3,3,0,1,1,1,3,Referral,0,1,Other,Cloud Services,1,Cloud Services
CUST_04937,55,Male,Delhi,Medium,Finance,20.944649000741045,108,2.6437171408713542,10,6,1,2,2,3,1,0,1,0,1,LinkedIn,10,0,Other,Cybersecurity,0,No Offer
CUST_04938,53,Male,Ahmedabad,Medium,IT,8.016127915252351,143,0.2929299850053827,8,6,0,3,4,1,1,1,1,0,1,Website,5,0,Other,AI Solutions,0,No Offer
CUST_04939,47,Male,Vadodara,Large,Education,368.33424290720336,4823,52.3491314007075,5,7,0,2,7,2,1,1,1,1,0,LinkedIn,5,1,Other,Advanced IT Solutions,1,Advanced IT Solutions
CUST_04940,46,Female,Hyderabad,Small,Retail,11.39198002876945,76,0.6311851109071864,5,10,0,1,5,1,1,0,1,0,1,Referral,0,0,Other,Cybersecurity,0,No Offer
CUST_04941,23,Female,Vadodara,Small,Manufacturing,1.1490154427720451,12,0.1017466243003432,10,9,1,6,8,1,0,1,0,0,0,Email Campaign,10,0,Other,Cloud Services,0,No Offer
CUST_04942,33,Female,Kolkata,Large,IT,543.8382498345197,2594,21.032246161061167,9,4,1,1,5,3,1,0,1,0,2,Referral,10,1,Other,Cybersecurity,1,Cybersecurity
CUST_04943,30,Male,Bangalore,Medium,Logistics,35.9045940304009,152,3.497304443936311,5,10,0,3,9,1,1,0,0,0,0,Referral,10,0,Other,Cybersecurity,1,Cybersecurity
CUST_04944,33,Male,Ahmedabad,Large,IT,174.47265510718864,3430,15.644517046607168,6,10,0,2,4,0,1,0,0,1,3,Cold Call,5,1,Other,Cybersecurity,1,Cybersecurity
CUST_04945,47,Female,Ahmedabad,Small,Logistics,5.8915731211319535,61,0.4667883025648407,8,5,1,1,3,1,1,1,0,0,0,Website,5,0,Other,Data Analytics,0,No Offer
CUST_04946,30,Female,Vadodara,Small,Finance,8.136729483699483,59,0.2788355488532325,2,6,0,5,6,2,0,0,1,0,3,Email Campaign,5,0,Other,Cybersecurity,0,No Offer
CUST_04947,31,Female,Bangalore,Large,Manufacturing,653.7157478353204,4020,88.56041868343989,5,6,1,3,4,2,0,0,0,0,0,Email Campaign,10,1,Other,Cybersecurity,1,Cybersecurity
CUST_04948,53,Female,Chennai,Small,Healthcare,17.022180552844674,73,2.1501804289829844,9,5,0,2,3,3,1,0,1,0,3,Email Campaign,0,1,Other,Cybersecurity,1,Cybersecurity
CUST_04949,55,Female,Pune,Large,Education,959.6388854290528,4202,101.68679334106878,4,8,0,2,4,6,1,1,0,0,1,Email Campaign,0,1,Other,Data Analytics,1,Data Analytics
CUST_04950,41,Male,Hyderabad,Large,Education,394.0809581836705,2221,38.88302152844664,3,7,0,0,5,0,1,1,1,0,0,Cold Call,5,0,Other,AI Solutions,0,No Offer
CUST_04951,60,Female,Surat,Medium,Finance,39.37330989290945,388,4.464680240942791,7,4,1,3,5,1,1,0,0,0,3,Email Campaign,0,1,Other,Cybersecurity,1,Cybersecurity
CUST_04952,23,Female,Ahmedabad,Small,Logistics,11.366165908661976,55,0.5373787064686883,2,4,1,5,4,2,0,0,0,0,4,Website,10,0,Other,Cybersecurity,0,No Offer
CUST_04953,22,Female,Vadodara,Medium,Manufacturing,16.295463766340344,180,2.312608375718538,1,11,0,4,8,1,1,0,0,0,0,LinkedIn,10,1,Other,Cybersecurity,1,Cybersecurity
CUST_04954,57,Female,Pune,Large,Real Estate,902.6300023391155,3714,57.9134585233796,3,7,0,1,7,2,1,1,1,0,3,Cold Call,20,1,Other,AI Solutions,1,AI Solutions
CUST_04955,45,Male,Kolkata,Small,IT,1.023359662935992,20,0.1113198695594431,2,9,1,3,10,3,1,1,0,0,2,Website,0,1,Other,Data Analytics,1,Data Analytics
CUST_04956,48,Male,Surat,Small,Education,3.279082015631606,20,0.3371246574987152,6,4,1,3,5,1,1,0,1,0,1,Email Campaign,10,0,Other,Cybersecurity,0,No Offer
CUST_04957,23,Male,Vadodara,Small,IT,4.87292035567144,72,0.5184479171254865,3,8,0,3,6,1,1,1,0,0,1,Website,5,1,Other,Data Analytics,1,Data Analytics
CUST_04958,52,Male,Hyderabad,Small,Retail,8.154234174257066,62,1.1046887979763476,9,12,1,3,3,2,0,1,0,1,1,Website,20,1,Other,Cloud Services,1,Cloud Services
CUST_04959,35,Female,Delhi,Large,Healthcare,535.0308184716782,3023,35.04951836485711,8,10,0,2,4,3,0,1,0,0,1,Website,10,1,Other,Cloud Services,1,Cloud Services
CUST_04960,23,Female,Ahmedabad,Large,Finance,743.222410013206,3955,89.09288159417588,10,6,0,4,3,2,0,0,0,1,2,Website,10,1,Other,Cybersecurity,1,Cybersecurity
CUST_04961,50,Male,Kolkata,Large,Logistics,297.62266558428894,1437,30.30004918889597,4,10,0,0,4,1,1,0,1,1,2,Website,20,1,Other,Cybersecurity,1,Cybersecurity
CUST_04962,36,Male,Hyderabad,Medium,Education,82.98344595205337,492,3.246913182105962,2,6,1,3,7,2,1,0,0,0,0,Email Campaign,0,0,Other,Cybersecurity,0,No Offer
CUST_04963,33,Female,Mumbai,Medium,Real Estate,13.635886354979052,136,1.086760530076079,1,7,0,1,4,4,1,0,1,1,3,LinkedIn,15,0,Other,Cybersecurity,0,No Offer
CUST_04964,58,Female,Kolkata,Small,Retail,18.45590253554492,81,2.4094953839502407,5,2,0,4,6,2,1,0,0,0,2,LinkedIn,5,0,Other,Cybersecurity,0,No Offer
CUST_04965,49,Male,Surat,Medium,Real Estate,92.7407878973963,437,6.291691474218994,5,9,0,7,5,4,1,0,0,1,3,Website,5,1,Other,Cybersecurity,1,Cybersecurity
CUST_04966,41,Female,Mumbai,Medium,Retail,20.42060542180113,249,1.794392619092168,0,4,0,5,8,2,0,0,1,1,1,Referral,15,1,Other,Cybersecurity,1,Cybersecurity
CUST_04967,60,Male,Kolkata,Large,Healthcare,1075.004068549958,4993,95.28473591437198,6,7,0,5,5,2,1,0,0,0,1,Cold Call,10,1,Other,Cybersecurity,1,Cybersecurity
CUST_04968,45,Male,Vadodara,Large,Finance,997.1888671765888,4078,103.86837309338878,4,2,0,0,4,0,0,1,0,1,3,Cold Call,10,1,Other,Cloud Services,1,Cloud Services
CUST_04969,42,Male,Delhi,Large,Finance,733.0204343067016,4131,99.75099169139476,6,4,1,6,2,1,0,0,0,0,3,Email Campaign,5,1,Other,Cybersecurity,1,Cybersecurity
CUST_04970,31,Male,Pune,Large,IT,288.7702361508443,2715,14.67666173427948,3,3,1,1,3,2,1,1,0,1,1,Referral,0,1,Other,Data Analytics,1,Data Analytics
CUST_04971,35,Male,Delhi,Large,Finance,744.5513581428517,4346,67.42212298166766,4,12,0,1,6,2,1,0,0,0,2,Referral,10,1,Other,Cybersecurity,1,Cybersecurity
CUST_04972,58,Female,Delhi,Small,Retail,10.665631244669385,90,0.8629783137498658,6,12,1,5,6,1,0,1,0,0,2,Website,15,0,Other,Cloud Services,0,No Offer
CUST_04973,39,Female,Vadodara,Large,IT,356.8597697855448,1927,23.378030120952324,5,13,1,1,10,2,1,1,1,0,3,Email Campaign,10,1,Other,AI Solutions,1,AI Solutions
CUST_04974,45,Male,Bangalore,Medium,Finance,79.162075961805,498,11.110633361947531,0,7,1,2,10,2,0,1,1,0,3,LinkedIn,15,1,Other,Cloud Services,1,Cloud Services
CUST_04975,35,Male,Kolkata,Small,Logistics,17.69235918134627,75,0.5481186836541377,0,16,0,2,7,2,1,0,0,0,1,Referral,5,1,Other,Cybersecurity,1,Cybersecurity
CUST_04976,55,Male,Pune,Small,Logistics,12.84504643937188,74,0.5735644009980044,1,8,1,1,6,3,0,0,1,0,0,Website,15,1,Other,Cybersecurity,0,No Offer
CUST_04977,33,Female,Chennai,Medium,Healthcare,34.52023726930138,372,4.07343404742657,10,8,0,4,3,3,1,0,1,0,0,Email Campaign,20,1,Other,Cybersecurity,1,Cybersecurity
CUST_04978,43,Female,Vadodara,Small,Retail,8.97101083474534,46,0.55273082383864,10,9,1,4,3,4,0,1,0,0,1,Cold Call,15,1,Other,Cloud Services,1,Cloud Services
CUST_04979,27,Male,Bangalore,Medium,Manufacturing,40.21411720384438,365,4.696265383909697,2,7,1,3,6,0,0,0,1,0,2,Website,15,0,Other,Cybersecurity,0,No Offer
CUST_04980,57,Male,Vadodara,Medium,Healthcare,30.298675271030653,290,3.934902085436551,0,6,0,4,5,3,1,1,1,0,1,Cold Call,15,0,Other,AI Solutions,0,No Offer
CUST_04981,57,Female,Bangalore,Large,Healthcare,628.170961112324,4894,38.03821539451434,9,8,0,2,4,2,1,1,0,0,2,Website,0,1,Other,Data Analytics,1,Data Analytics
CUST_04982,43,Female,Delhi,Large,Finance,121.72365709251912,2323,6.455408993980358,1,13,0,3,6,1,1,1,0,0,2,Referral,5,1,Other,Data Analytics,1,Data Analytics
CUST_04983,35,Male,Ahmedabad,Medium,IT,107.28437809419266,440,5.089149904492668,1,5,0,4,5,2,1,1,1,0,0,Email Campaign,0,1,Other,AI Solutions,1,AI Solutions
CUST_04984,37,Female,Ahmedabad,Small,Real Estate,15.177223560358748,97,0.8197314563201045,6,8,0,4,6,2,0,0,1,0,0,Website,10,0,Other,Cybersecurity,0,No Offer
CUST_04985,57,Female,Mumbai,Small,IT,7.369156035885314,36,0.4573463798261576,10,7,0,1,7,2,0,0,0,0,1,LinkedIn,10,0,Other,Cybersecurity,0,No Offer
CUST_04986,46,Male,Chennai,Small,Logistics,7.5162128911926,74,1.0090514151721353,5,6,1,4,4,2,0,1,0,0,1,Referral,0,1,Other,Cloud Services,1,Cloud Services
CUST_04987,53,Male,Pune,Small,Retail,18.53709724838544,93,2.26895052026912,8,6,1,2,4,5,0,0,0,0,1,Cold Call,10,0,Other,Cybersecurity,0,No Offer
CUST_04988,54,Male,Bangalore,Large,Finance,764.2178537305122,4676,23.09567080193826,9,6,0,2,3,5,1,0,1,0,0,Email Campaign,0,0,Other,Cybersecurity,0,No Offer
CUST_04989,57,Female,Kolkata,Medium,IT,36.40378538409313,270,4.910663039410806,4,7,0,1,6,1,0,0,1,0,3,Email Campaign,10,0,Other,Cybersecurity,0,No Offer
CUST_04990,41,Female,Delhi,Small,Logistics,14.15976302387896,58,0.5587085091740005,2,15,1,1,3,1,1,0,0,1,0,LinkedIn,5,1,Other,Cybersecurity,1,Cybersecurity
CUST_04991,39,Female,Surat,Small,Education,14.579336797269551,98,1.583780679504488,0,4,1,5,2,1,1,0,0,0,4,Cold Call,15,0,Other,Cybersecurity,1,Cybersecurity
CUST_04992,59,Female,Kolkata,Medium,Real Estate,34.84640954456359,192,1.678794503411073,0,4,0,3,3,1,1,1,0,1,0,LinkedIn,20,1,Other,Data Analytics,1,Data Analytics
CUST_04993,24,Female,Kolkata,Medium,Manufacturing,10.71982453619114,202,0.4017050274689188,1,9,0,3,3,3,0,1,0,0,3,Website,10,1,Other,Cloud Services,1,Cloud Services
CUST_04994,44,Female,Bangalore,Small,Education,7.830663932280806,71,0.9488609977143742,10,8,0,1,3,2,0,0,0,0,2,Website,5,0,Other,Cybersecurity,0,No Offer
CUST_04995,53,Female,Pune,Large,Real Estate,806.876843781023,3543,69.44335018295091,10,4,1,9,6,3,1,1,1,1,3,Email Campaign,0,1,Other,Advanced IT Solutions,1,Advanced IT Solutions
CUST_04996,37,Male,Delhi,Small,Finance,7.264505240035337,36,0.7401622892479786,2,7,0,3,13,5,0,0,0,0,1,Website,0,0,Other,Cybersecurity,0,No Offer
CUST_04997,26,Male,Delhi,Small,Finance,5.664629060464678,36,0.459074920362316,10,9,0,4,5,1,0,0,0,0,2,Cold Call,5,0,Other,Cybersecurity,0,No Offer
CUST_04998,25,Female,Pune,Small,IT,17.712459489544596,77,0.6741472519072275,9,8,0,2,7,1,0,0,0,0,0,Email Campaign,10,1,Other,Cybersecurity,1,Cybersecurity
CUST_04999,42,Female,Ahmedabad,Medium,Real Estate,35.92756104452872,244,4.266548049605983,9,11,1,5,6,1,1,0,0,1,2,Website,15,1,Other,Cybersecurity,1,Cybersecurity
CUST_05000,35,Male,Hyderabad,Small,Healthcare,9.30818053174064,57,1.1955625761828528,4,12,0,4,2,1,0,1,0,0,1,Website,0,1,Other,Cloud Services,1,Cloud Services
